image,image_path,crop_path,true_label,x1,y1,x2,y2,yolo_label,yolo_conf,num_detections,used_fallback_full_image,classifier_label,classifier_conf,final_label,final_conf,used_yolo_label_match,top5_labels,top5_scores
a9fb5e1313e9b34b37f519a47a9dbe5c.jpg,E:\study\DoAnPython\project\data\raw\train_images\a9fb5e1313e9b34b37f519a47a9dbe5c.jpg,..\data\processed\yolo_sahi_crop_classifier\crops\000521_a9fb5e1313e9b34b37f519a47a9dbe5c.jpg,1872155459,335,104,476,608,bottle,0.8755136728286743,13,False,2291561916,0.004970422014594078,2291561916,0.3096605597995221,False,"[""2291561916"", ""1733221456"", ""2854728702"", ""283975355"", ""159351600""]","[0.004970422014594078, 0.003970800433307886, 0.003495563752949238, 0.003243101993575692, 0.0031624643597751856]"
210c01f479640d2e769b5799dd7ddfd3.jpg,E:\study\DoAnPython\project\data\raw\train_images\210c01f479640d2e769b5799dd7ddfd3.jpg,..\data\processed\yolo_sahi_crop_classifier\crops\000737_210c01f479640d2e769b5799dd7ddfd3.jpg,2410582194,178,140,217,200,cell phone,0.49422457814216614,1,False,4195021957,0.002532240003347397,4195021957,0.17462455835193397,False,"[""4195021957"", ""3029030130"", ""3710262094"", ""1397230201"", ""1649239857""]","[0.002532240003347397, 0.0020833162125200033, 0.002000710926949978, 0.0019950647838413715, 0.001982542686164379]"
e0c96e3791df006b83052587af50afca.jpg,E:\study\DoAnPython\project\data\raw\train_images\e0c96e3791df006b83052587af50afca.jpg,..\data\processed\yolo_sahi_crop_classifier\crops\000740_e0c96e3791df006b83052587af50afca.jpg,3468682012,524,496,592,956,vase,0.7189211845397949,12,False,1664178674,0.004373561590909958,1664178674,0.25446522962301965,False,"[""1664178674"", ""3361632985"", ""1918908464"", ""3027798817"", ""2518689634""]","[0.004373561590909958, 0.0037481249310076237, 0.0035101808607578278, 0.0033377634827047586, 0.0029777439776808023]"
30a91670760b39d35dc0a4e82048a1d2.jpg,E:\study\DoAnPython\project\data\raw\train_images\30a91670760b39d35dc0a4e82048a1d2.jpg,..\data\processed\yolo_sahi_crop_classifier\crops\000660_30a91670760b39d35dc0a4e82048a1d2.jpg,1033568951,162,0,487,532,person,0.8645180463790894,1,False,3361632985,0.005646678619086742,3361632985,0.30625165733508763,False,"[""3361632985"", ""1664178674"", ""1918908464"", ""1733221456"", ""159351600""]","[0.005646678619086742, 0.005145885981619358, 0.004942456725984812, 0.004764763172715902, 0.004723996855318546]"
1d145d5dfc6ad3eb9ea2eecdfaa63c89.jpg,E:\study\DoAnPython\project\data\raw\train_images\1d145d5dfc6ad3eb9ea2eecdfaa63c89.jpg,..\data\processed\yolo_sahi_crop_classifier\crops\000411_1d145d5dfc6ad3eb9ea2eecdfaa63c89.jpg,2666117259,130,0,893,981,person,0.2797384560108185,4,False,1733221456,0.0048211077228188515,1733221456,0.10104217962361872,False,"[""1733221456"", ""3361632985"", ""159351600"", ""2291561916"", ""1664178674""]","[0.0048211077228188515, 0.0039482926949858665, 0.0027272365987300873, 0.002573966281488538, 0.0025066446978598833]"
d9bf4e2d26eb5789246c25b77a4f98ec.jpg,E:\study\DoAnPython\project\data\raw\train_images\d9bf4e2d26eb5789246c25b77a4f98ec.jpg,..\data\processed\yolo_sahi_crop_classifier\crops\000678_d9bf4e2d26eb5789246c25b77a4f98ec.jpg,1628981671,0,0,243,528,person,0.8805131316184998,7,False,1696983102,0.0037372203078120947,1696983102,0.3106087892665527,False,"[""1696983102"", ""1918908464"", ""3569479734"", ""3586500603"", ""1240444909""]","[0.0037372203078120947, 0.002884967252612114, 0.0028527574613690376, 0.002592732897028327, 0.002512778853997588]"
a278c254813b97ed237645fc3427a8ec.jpg,E:\study\DoAnPython\project\data\raw\train_images\a278c254813b97ed237645fc3427a8ec.jpg,..\data\processed\yolo_sahi_crop_classifier\crops\000626_a278c254813b97ed237645fc3427a8ec.jpg,613621612,197,0,825,1024,book,0.4415318965911865,3,False,2291561916,0.010870357044041157,2291561916,0.16160189588554202,False,"[""2291561916"", ""1733221456"", ""3361632985"", ""3710262094"", ""3027798817""]","[0.010870357044041157, 0.00971472542732954, 0.007610509172081947, 0.007553276140242815, 0.007209344767034054]"
f1614aeffe66daa9e61625d6d573e215.jpg,E:\study\DoAnPython\project\data\raw\train_images\f1614aeffe66daa9e61625d6d573e215.jpg,..\data\processed\yolo_sahi_crop_classifier\crops\000513_f1614aeffe66daa9e61625d6d573e215.jpg,3983879500,12,299,531,800,cake,0.4936877489089966,10,False,1733221456,0.006571666803210974,1733221456,0.17706229554023592,False,"[""1733221456"", ""3361632985"", ""1240444909"", ""3586500603"", ""2937525435""]","[0.006571666803210974, 0.005736405495554209, 0.0048975455574691296, 0.0047402651980519295, 0.004717156291007996]"
e5d5a96f252860398f80e65843884504.jpg,E:\study\DoAnPython\project\data\raw\train_images\e5d5a96f252860398f80e65843884504.jpg,..\data\processed\yolo_sahi_crop_classifier\crops\000859_e5d5a96f252860398f80e65843884504.jpg,4245771399,260,367,413,465,umbrella,0.5805782675743103,6,False,3027798817,0.002429939340800047,3027798817,0.20478185422252862,False,"[""3027798817"", ""3299506042"", ""4290057653"", ""1240444909"", ""536463662""]","[0.002429939340800047, 0.002339309547096491, 0.0021800738759338856, 0.0021477979607880116, 0.002118457807227969]"
94c9efff22e041a6f4e4a66f235438cf.jpg,E:\study\DoAnPython\project\data\raw\train_images\94c9efff22e041a6f4e4a66f235438cf.jpg,..\data\processed\yolo_sahi_crop_classifier\crops\000136_94c9efff22e041a6f4e4a66f235438cf.jpg,4203290039,106,392,523,891,fire hydrant,0.31067541241645813,4,False,1733221456,0.004766811616718769,1733221456,0.11183482189662754,False,"[""1733221456"", ""3586500603"", ""596811522"", ""1240444909"", ""1918908464""]","[0.004766811616718769, 0.0033095909748226404, 0.00318070943467319, 0.002993985777720809, 0.0028759485576301813]"
36897265b875b59f9e593b028ef23be6.jpg,E:\study\DoAnPython\project\data\raw\train_images\36897265b875b59f9e593b028ef23be6.jpg,..\data\processed\yolo_sahi_crop_classifier\crops\000811_36897265b875b59f9e593b028ef23be6.jpg,3591074178,240,254,780,682,mouse,0.5297495126724243,5,False,2291561916,0.0038893381133675575,2291561916,0.1879403992090374,False,"[""2291561916"", ""4008739863"", ""1918908464"", ""3351860123"", ""709353370""]","[0.0038893381133675575, 0.0035126148723065853, 0.003276804694905877, 0.0029469213914126158, 0.0029259100556373596]"
a26087b2d22b2bf9a9d928ff372f28c6.jpg,E:\study\DoAnPython\project\data\raw\train_images\a26087b2d22b2bf9a9d928ff372f28c6.jpg,..\data\processed\yolo_sahi_crop_classifier\crops\000076_a26087b2d22b2bf9a9d928ff372f28c6.jpg,3283659902,24,395,492,838,stop sign,0.7659156322479248,3,False,1733221456,0.003887276630848646,1733221456,0.2705972010968253,False,"[""1733221456"", ""4116469576"", ""994676122"", ""3361632985"", ""3814390525""]","[0.003887276630848646, 0.0034715901128947735, 0.0034425007179379463, 0.0034140388015657663, 0.0032634870149195194]"
442253717bbe8d8a4e1bb77626642462.jpg,E:\study\DoAnPython\project\data\raw\train_images\442253717bbe8d8a4e1bb77626642462.jpg,..\data\processed\yolo_sahi_crop_classifier\crops\000636_442253717bbe8d8a4e1bb77626642462.jpg,3626831010,122,162,298,298,keyboard,0.7485691905021667,5,False,1664178674,0.00965836737304926,1664178674,0.2682771554682404,False,"[""1664178674"", ""1733221456"", ""3027798817"", ""2518689634"", ""1550813244""]","[0.00965836737304926, 0.005691301543265581, 0.004356905817985535, 0.00401890417560935, 0.0035629684571176767]"
ce93e4a4d6d38f79d6f43cbf8aa839d2.jpg,E:\study\DoAnPython\project\data\raw\train_images\ce93e4a4d6d38f79d6f43cbf8aa839d2.jpg,..\data\processed\yolo_sahi_crop_classifier\crops\000973_ce93e4a4d6d38f79d6f43cbf8aa839d2.jpg,2865554998,0,0,369,718,person,0.9461288452148438,13,False,1918908464,0.00288375117816031,1918908464,0.3330195340909995,False,"[""1918908464"", ""77254707"", ""871679006"", ""51422340"", ""3361632985""]","[0.00288375117816031, 0.0027675635647028685, 0.002493626205250621, 0.0023293106351047754, 0.002289618831127882]"
a673cc690cf914577e675d321d051d64.jpg,E:\study\DoAnPython\project\data\raw\train_images\a673cc690cf914577e675d321d051d64.jpg,..\data\processed\yolo_sahi_crop_classifier\crops\000938_a673cc690cf914577e675d321d051d64.jpg,3045290642,148,147,462,618,book,0.4675914943218231,4,False,3299506042,0.0042137703858315945,3299506042,0.1663959737634286,False,"[""3299506042"", ""1733221456"", ""3710262094"", ""1918908464"", ""2291561916""]","[0.0042137703858315945, 0.00411142036318779, 0.003271035850048065, 0.0029437700286507607, 0.002881116233766079]"
551d5ad532d4e4be25860791cbc8e27a.jpg,E:\study\DoAnPython\project\data\raw\train_images\551d5ad532d4e4be25860791cbc8e27a.jpg,..\data\processed\yolo_sahi_crop_classifier\crops\000899_551d5ad532d4e4be25860791cbc8e27a.jpg,3857576768,248,0,956,1024,book,0.6780440807342529,4,False,3814390525,0.005031324923038483,3814390525,0.24058578945696352,False,"[""3814390525"", ""3710262094"", ""2937525435"", ""1163569239"", ""1733221456""]","[0.005031324923038483, 0.004663791041821241, 0.004412591457366943, 0.004276314750313759, 0.0038524256087839603]"
30eb17e666411d37cf6f4788b24fb6ad.jpg,E:\study\DoAnPython\project\data\raw\train_images\30eb17e666411d37cf6f4788b24fb6ad.jpg,..\data\processed\yolo_sahi_crop_classifier\crops\000280_30eb17e666411d37cf6f4788b24fb6ad.jpg,2859325130,15,254,213,627,bottle,0.35942190885543823,3,False,2291561916,0.006051745731383562,2291561916,0.1297313028248027,False,"[""2291561916"", ""3361632985"", ""1733221456"", ""709353370"", ""2379738292""]","[0.006051745731383562, 0.006013602949678898, 0.005529831163585186, 0.004939963575452566, 0.004301331005990505]"
ca9f16814d08d62e1c4f16f980ac1de2.jpg,E:\study\DoAnPython\project\data\raw\train_images\ca9f16814d08d62e1c4f16f980ac1de2.jpg,..\data\processed\yolo_sahi_crop_classifier\crops\000883_ca9f16814d08d62e1c4f16f980ac1de2.jpg,3229372718,17,276,377,682,book,0.3211776912212372,4,False,3361632985,0.0054188743233680725,3361632985,0.11593446023762224,False,"[""3361632985"", ""1664178674"", ""1733221456"", ""1091404026"", ""2101072117""]","[0.0054188743233680725, 0.004990903194993734, 0.004947175737470388, 0.004599327687174082, 0.004310118965804577]"
0aa40fc52d8eab084f44343ce2d8093f.jpg,E:\study\DoAnPython\project\data\raw\train_images\0aa40fc52d8eab084f44343ce2d8093f.jpg,..\data\processed\yolo_sahi_crop_classifier\crops\000761_0aa40fc52d8eab084f44343ce2d8093f.jpg,2681087796,404,369,611,517,cup,0.6930290460586548,3,False,4186270168,0.005291994195431471,4186270168,0.2459999623475596,False,"[""4186270168"", ""1733221456"", ""2101072117"", ""2291561916"", ""2937525435""]","[0.005291994195431471, 0.005261112004518509, 0.004769418854266405, 0.0046439520083367825, 0.004176331218332052]"
9926343b4fab4a8ea2f1aaf2ea777d75.jpg,E:\study\DoAnPython\project\data\raw\train_images\9926343b4fab4a8ea2f1aaf2ea777d75.jpg,..\data\processed\yolo_sahi_crop_classifier\crops\000319_9926343b4fab4a8ea2f1aaf2ea777d75.jpg,1675042220,380,494,517,1017,stop sign,0.4681226313114166,1,False,3299506042,0.00384727050550282,3299506042,0.16634364678757263,False,"[""3299506042"", ""3814390525"", ""3027798817"", ""2338925518"", ""3710262094""]","[0.00384727050550282, 0.0032881011720746756, 0.0031505716033279896, 0.0030508835334330797, 0.0030358561780303717]"
cbdcf4f476181e8af8e1f1d90627fd47.jpg,E:\study\DoAnPython\project\data\raw\train_images\cbdcf4f476181e8af8e1f1d90627fd47.jpg,..\data\processed\yolo_sahi_crop_classifier\crops\000549_cbdcf4f476181e8af8e1f1d90627fd47.jpg,953150943,0,144,300,540,person,0.6238740682601929,2,False,3361632985,0.00810220930725336,3361632985,0.2236223599407822,False,"[""3361632985"", ""2518689634"", ""3710262094"", ""1664178674"", ""3299506042""]","[0.00810220930725336, 0.007964258082211018, 0.006426325999200344, 0.005294245667755604, 0.005005641374737024]"
863f43b6acbf5fd2f78f9774cc4d25ac.jpg,E:\study\DoAnPython\project\data\raw\train_images\863f43b6acbf5fd2f78f9774cc4d25ac.jpg,..\data\processed\yolo_sahi_crop_classifier\crops\000174_863f43b6acbf5fd2f78f9774cc4d25ac.jpg,1803787473,224,108,782,1024,person,0.8927974700927734,8,False,3361632985,0.006756217684596777,3361632985,0.31687065602745856,False,"[""3361632985"", ""3027798817"", ""1733221456"", ""1664178674"", ""159351600""]","[0.006756217684596777, 0.0058868322521448135, 0.005267620086669922, 0.0049896626733243465, 0.004822812043130398]"
423d1c69b827bfa86b341e5b2a2630a6.jpg,E:\study\DoAnPython\project\data\raw\train_images\423d1c69b827bfa86b341e5b2a2630a6.jpg,..\data\processed\yolo_sahi_crop_classifier\crops\000371_423d1c69b827bfa86b341e5b2a2630a6.jpg,4113632339,0,0,1024,1024,full_image,0.0,0,True,3361632985,0.004518123343586922,3361632985,0.0029367801733314993,False,"[""3361632985"", ""1733221456"", ""3814390525"", ""2937525435"", ""3710262094""]","[0.004518123343586922, 0.00447622686624527, 0.004274407867342234, 0.0036845561116933823, 0.003436062717810273]"
e1a3facc2000b71a4465d81f167c8c5f.jpg,E:\study\DoAnPython\project\data\raw\train_images\e1a3facc2000b71a4465d81f167c8c5f.jpg,..\data\processed\yolo_sahi_crop_classifier\crops\000527_e1a3facc2000b71a4465d81f167c8c5f.jpg,881032365,53,77,911,731,cake,0.8909508585929871,5,False,1733221456,0.005826190114021301,1733221456,0.31561982408165934,False,"[""1733221456"", ""3814390525"", ""3027798817"", ""3299506042"", ""2291561916""]","[0.005826190114021301, 0.005302808713167906, 0.005025168415158987, 0.004504994954913855, 0.004284846596419811]"
a5ae7933d327db8ab88b05dcfad8f48c.jpg,E:\study\DoAnPython\project\data\raw\train_images\a5ae7933d327db8ab88b05dcfad8f48c.jpg,..\data\processed\yolo_sahi_crop_classifier\crops\000210_a5ae7933d327db8ab88b05dcfad8f48c.jpg,4222983165,728,309,926,487,clock,0.38219887018203735,1,False,3027798817,0.002334814751520753,3027798817,0.13528723415220156,False,"[""3027798817"", ""3586500603"", ""2337305711"", ""997220911"", ""191430859""]","[0.002334814751520753, 0.00229311129078269, 0.0021639144979417324, 0.0020671887323260307, 0.0020503285340964794]"
45e5e1c0fbd9f197f1149d3ea5deae34.jpg,E:\study\DoAnPython\project\data\raw\train_images\45e5e1c0fbd9f197f1149d3ea5deae34.jpg,..\data\processed\yolo_sahi_crop_classifier\crops\000235_45e5e1c0fbd9f197f1149d3ea5deae34.jpg,3096249186,283,289,437,641,book,0.8523082733154297,4,False,1240444909,0.0039820596575737,1240444909,0.3008962344378233,False,"[""1240444909"", ""1918908464"", ""3710262094"", ""3361632985"", ""3299506042""]","[0.0039820596575737, 0.0032008495181798935, 0.0031866654753684998, 0.0031574906315654516, 0.003053455613553524]"
01a62eeda1f0bfc46023c15de0ea0a00.jpg,E:\study\DoAnPython\project\data\raw\train_images\01a62eeda1f0bfc46023c15de0ea0a00.jpg,..\data\processed\yolo_sahi_crop_classifier\crops\000101_01a62eeda1f0bfc46023c15de0ea0a00.jpg,2437797923,207,22,417,530,bottle,0.8595160245895386,2,False,3710262094,0.0073142871260643005,3710262094,0.30558489523828025,False,"[""3710262094"", ""2937525435"", ""159351600"", ""2291561916"", ""709353370""]","[0.0073142871260643005, 0.006778338924050331, 0.006026780232787132, 0.005814531818032265, 0.005705247167497873]"
d4dbbfbd51b6bbc7d1429c694c866da8.jpg,E:\study\DoAnPython\project\data\raw\train_images\d4dbbfbd51b6bbc7d1429c694c866da8.jpg,..\data\processed\yolo_sahi_crop_classifier\crops\000986_d4dbbfbd51b6bbc7d1429c694c866da8.jpg,3125367119,0,0,640,640,full_image,0.0,0,True,3213608540,0.0024106702767312527,3213608540,0.0015669356798753142,False,"[""3213608540"", ""3073207032"", ""351551078"", ""2163353660"", ""3299506042""]","[0.0024106702767312527, 0.002066646935418248, 0.0020662678871303797, 0.002050653100013733, 0.0020423256792128086]"
7181736109581ac656d973a14c9b53fd.jpg,E:\study\DoAnPython\project\data\raw\train_images\7181736109581ac656d973a14c9b53fd.jpg,..\data\processed\yolo_sahi_crop_classifier\crops\000902_7181736109581ac656d973a14c9b53fd.jpg,4094593850,24,166,342,559,vase,0.6701592206954956,3,False,1664178674,0.007266575936228037,1664178674,0.23927900160197166,False,"[""1664178674"", ""1733221456"", ""3361632985"", ""2518689634"", ""1091404026""]","[0.007266575936228037, 0.0065189446322619915, 0.005228371825069189, 0.004674527794122696, 0.0045233373530209064]"
2313295f1494f39e2026d98498573042.jpg,E:\study\DoAnPython\project\data\raw\train_images\2313295f1494f39e2026d98498573042.jpg,..\data\processed\yolo_sahi_crop_classifier\crops\000947_2313295f1494f39e2026d98498573042.jpg,3619569844,37,3,174,236,bottle,0.8340741395950317,2,False,1733221456,0.004334166180342436,1733221456,0.29474315687548364,False,"[""1733221456"", ""2291561916"", ""3361632985"", ""1918908464"", ""159351600""]","[0.004334166180342436, 0.0036403450649231672, 0.003618852002546191, 0.0035110239405184984, 0.0032293321564793587]"
eb5d9cea8e301ecc284db323ae9999fa.jpg,E:\study\DoAnPython\project\data\raw\train_images\eb5d9cea8e301ecc284db323ae9999fa.jpg,..\data\processed\yolo_sahi_crop_classifier\crops\000346_eb5d9cea8e301ecc284db323ae9999fa.jpg,2843883548,143,28,294,598,bottle,0.47212156653404236,2,False,3361632985,0.009165991097688675,3361632985,0.17120044250041244,False,"[""3361632985"", ""3814390525"", ""2291561916"", ""709353370"", ""1664178674""]","[0.009165991097688675, 0.007001026067882776, 0.0069800629280507565, 0.006840649992227554, 0.006495053879916668]"
a4fbf702a2e325be533f14be8840e825.jpg,E:\study\DoAnPython\project\data\raw\train_images\a4fbf702a2e325be533f14be8840e825.jpg,..\data\processed\yolo_sahi_crop_classifier\crops\000139_a4fbf702a2e325be533f14be8840e825.jpg,1137625414,10,301,110,519,person,0.8804095387458801,1,False,1733221456,0.004216744098812342,1733221456,0.31088422222528606,False,"[""1733221456"", ""3361632985"", ""4235023965"", ""1240444909"", ""1091404026""]","[0.004216744098812342, 0.00369591498747468, 0.0036233544815331697, 0.003533989191055298, 0.003335086163133383]"
2a2f75414be711f8bb269acd1f9a9e04.jpg,E:\study\DoAnPython\project\data\raw\train_images\2a2f75414be711f8bb269acd1f9a9e04.jpg,..\data\processed\yolo_sahi_crop_classifier\crops\000621_2a2f75414be711f8bb269acd1f9a9e04.jpg,1644128120,150,108,521,640,bottle,0.4881587624549866,1,False,3710262094,0.006953024305403233,3710262094,0.1753750326577574,False,"[""3710262094"", ""2291561916"", ""3299506042"", ""3361632985"", ""3105935071""]","[0.006953024305403233, 0.006609604228287935, 0.006512550637125969, 0.005424660164862871, 0.005257593002170324]"
95327cfe94950bef06df0acbd56efb28.jpg,E:\study\DoAnPython\project\data\raw\train_images\95327cfe94950bef06df0acbd56efb28.jpg,..\data\processed\yolo_sahi_crop_classifier\crops\000499_95327cfe94950bef06df0acbd56efb28.jpg,665055436,235,253,297,304,donut,0.26734858751296997,1,False,871679006,0.0027885809540748596,871679006,0.09538458324968815,False,"[""871679006"", ""2302152800"", ""3156823611"", ""2304518343"", ""191430859""]","[0.0027885809540748596, 0.002651589922606945, 0.002573479199782014, 0.002468323102220893, 0.0024551439564675093]"
5646f62c7848bb7714ad4386059aee63.jpg,E:\study\DoAnPython\project\data\raw\train_images\5646f62c7848bb7714ad4386059aee63.jpg,..\data\processed\yolo_sahi_crop_classifier\crops\000370_5646f62c7848bb7714ad4386059aee63.jpg,1513007525,447,212,514,428,book,0.2848449945449829,1,False,3299506042,0.008956879377365112,3299506042,0.10551771968603134,False,"[""3299506042"", ""1733221456"", ""3814390525"", ""1664178674"", ""3213182368""]","[0.008956879377365112, 0.006428121123462915, 0.006111789494752884, 0.005433025769889355, 0.0052549270913004875]"
3c096618e5b8054d8eebfaaca818e798.jpg,E:\study\DoAnPython\project\data\raw\train_images\3c096618e5b8054d8eebfaaca818e798.jpg,..\data\processed\yolo_sahi_crop_classifier\crops\000198_3c096618e5b8054d8eebfaaca818e798.jpg,281151013,213,502,521,951,laptop,0.7991823554039001,5,False,3361632985,0.0030447456520050764,3361632985,0.28169290906516836,False,"[""3361632985"", ""98248312"", ""2986160770"", ""2338925518"", ""1918908464""]","[0.0030447456520050764, 0.002971993526443839, 0.002760504372417927, 0.0025644393172115088, 0.0025512641295790672]"
b827da87066d0ae8ffa7a945a01e06e0.jpg,E:\study\DoAnPython\project\data\raw\train_images\b827da87066d0ae8ffa7a945a01e06e0.jpg,..\data\processed\yolo_sahi_crop_classifier\crops\000687_b827da87066d0ae8ffa7a945a01e06e0.jpg,2438922638,0,0,640,617,full_image,0.0,0,True,3361632985,0.005752739496529102,3361632985,0.0037392806727439168,False,"[""3361632985"", ""2101072117"", ""3814390525"", ""1240444909"", ""1733221456""]","[0.005752739496529102, 0.005180543288588524, 0.00426556495949626, 0.003903048112988472, 0.0038225336465984583]"
c8283caa3fdd0c97cf1aa0ccd34ec943.jpg,E:\study\DoAnPython\project\data\raw\train_images\c8283caa3fdd0c97cf1aa0ccd34ec943.jpg,..\data\processed\yolo_sahi_crop_classifier\crops\000584_c8283caa3fdd0c97cf1aa0ccd34ec943.jpg,71375986,81,86,280,491,cup,0.626861035823822,4,False,709353370,0.0044228797778487206,709353370,0.22227623439393937,False,"[""709353370"", ""1664178674"", ""1091404026"", ""2518689634"", ""2937525435""]","[0.0044228797778487206, 0.00398621242493391, 0.0034962764475494623, 0.003449220908805728, 0.003126999828964472]"
ea725e11c0f3c448ddc24dc3eaf81c11.jpg,E:\study\DoAnPython\project\data\raw\train_images\ea725e11c0f3c448ddc24dc3eaf81c11.jpg,..\data\processed\yolo_sahi_crop_classifier\crops\000901_ea725e11c0f3c448ddc24dc3eaf81c11.jpg,1406531816,131,194,435,454,cup,0.2791488468647003,1,False,2291561916,0.007294665090739727,2291561916,0.10244362871162592,False,"[""2291561916"", ""1733221456"", ""3710262094"", ""1091404026"", ""1163569239""]","[0.007294665090739727, 0.006922712083905935, 0.005405209492892027, 0.005356122273951769, 0.005026701372116804]"
54e371609ab8ba383353ffe4302c8eab.jpg,E:\study\DoAnPython\project\data\raw\train_images\54e371609ab8ba383353ffe4302c8eab.jpg,..\data\processed\yolo_sahi_crop_classifier\crops\000059_54e371609ab8ba383353ffe4302c8eab.jpg,4286477246,421,499,600,865,cup,0.3396106958389282,2,False,3361632985,0.003886330174282193,3361632985,0.1213898581569083,False,"[""3361632985"", ""1091404026"", ""1664178674"", ""3761816493"", ""4116469576""]","[0.003886330174282193, 0.0034039136953651905, 0.0033243175130337477, 0.00292797083966434, 0.0029254260007292032]"
9448cff82c3eaa514e68457e67506323.jpg,E:\study\DoAnPython\project\data\raw\train_images\9448cff82c3eaa514e68457e67506323.jpg,..\data\processed\yolo_sahi_crop_classifier\crops\000328_9448cff82c3eaa514e68457e67506323.jpg,4136779221,48,121,795,710,suitcase,0.5680156946182251,5,False,3029030130,0.002923393389210105,3029030130,0.20070569881936534,False,"[""3029030130"", ""159351600"", ""1733221456"", ""652176199"", ""1240444909""]","[0.002923393389210105, 0.0028128386475145817, 0.0027226347010582685, 0.002644822234287858, 0.00263673672452569]"
ecc1f1ba8ff12f97a184647ac5f5bef3.jpg,E:\study\DoAnPython\project\data\raw\train_images\ecc1f1ba8ff12f97a184647ac5f5bef3.jpg,..\data\processed\yolo_sahi_crop_classifier\crops\000096_ecc1f1ba8ff12f97a184647ac5f5bef3.jpg,4028583908,520,313,683,682,bottle,0.5884711742401123,17,False,1240444909,0.0031682169064879417,1240444909,0.20802425197325647,False,"[""1240444909"", ""1163569239"", ""2291561916"", ""2338925518"", ""1918908464""]","[0.0031682169064879417, 0.0030649183318018913, 0.0027958133723586798, 0.0027004096191376448, 0.0026065967977046967]"
2f5ea54d54ad22dd428583e860d5998a.jpg,E:\study\DoAnPython\project\data\raw\train_images\2f5ea54d54ad22dd428583e860d5998a.jpg,..\data\processed\yolo_sahi_crop_classifier\crops\000312_2f5ea54d54ad22dd428583e860d5998a.jpg,710388512,177,0,413,640,bottle,0.7984986305236816,1,False,2291561916,0.006979316473007202,2291561916,0.28401107639074324,False,"[""2291561916"", ""1733221456"", ""3710262094"", ""3114081100"", ""2937525435""]","[0.006979316473007202, 0.005946137476712465, 0.0052987574599683285, 0.004730743356049061, 0.004716506693512201]"
d8c3b5a35b750e570acfe2294009add0.jpg,E:\study\DoAnPython\project\data\raw\train_images\d8c3b5a35b750e570acfe2294009add0.jpg,..\data\processed\yolo_sahi_crop_classifier\crops\000974_d8c3b5a35b750e570acfe2294009add0.jpg,1779307795,199,147,347,365,teddy bear,0.7276495099067688,4,False,3361632985,0.004189829342067242,3361632985,0.2574007175397128,False,"[""3361632985"", ""1733221456"", ""1240444909"", ""3027798817"", ""3814390525""]","[0.004189829342067242, 0.003633466549217701, 0.003455038648098707, 0.0032519353553652763, 0.0032019903883337975]"
b2a9e39106be979e5637270986dcb790.jpg,E:\study\DoAnPython\project\data\raw\train_images\b2a9e39106be979e5637270986dcb790.jpg,..\data\processed\yolo_sahi_crop_classifier\crops\000299_b2a9e39106be979e5637270986dcb790.jpg,811765912,515,419,706,709,clock,0.37011733651161194,3,False,3361632985,0.0061931605450809,3361632985,0.13356662213336676,False,"[""3361632985"", ""1733221456"", ""3814390525"", ""1680934077"", ""3623529278""]","[0.0061931605450809, 0.004372673109173775, 0.004266287200152874, 0.004247699398547411, 0.004075078759342432]"
40715546e60553b4a39cf65b9ff0a391.jpg,E:\study\DoAnPython\project\data\raw\train_images\40715546e60553b4a39cf65b9ff0a391.jpg,..\data\processed\yolo_sahi_crop_classifier\crops\000277_40715546e60553b4a39cf65b9ff0a391.jpg,3113678103,128,351,385,469,person,0.8445323705673218,10,False,1733221456,0.0032597118988633156,1733221456,0.29770514243282375,False,"[""1733221456"", ""1091404026"", ""3361632985"", ""3027798817"", ""9079959""]","[0.0032597118988633156, 0.002685899380594492, 0.0025888830423355103, 0.0025774501264095306, 0.002555959625169635]"
9d9c467e64b7283a418dde340dfdcfee.jpg,E:\study\DoAnPython\project\data\raw\train_images\9d9c467e64b7283a418dde340dfdcfee.jpg,..\data\processed\yolo_sahi_crop_classifier\crops\000924_9d9c467e64b7283a418dde340dfdcfee.jpg,3398155009,0,0,640,640,full_image,0.0,0,True,1733221456,0.006012470927089453,1733221456,0.003908106102608145,False,"[""1733221456"", ""3361632985"", ""3586500603"", ""2291561916"", ""2974535963""]","[0.006012470927089453, 0.005693354643881321, 0.005380129907280207, 0.005291663110256195, 0.005020160228013992]"
9fd7302e5cdded40725fc161093415c8.jpg,E:\study\DoAnPython\project\data\raw\train_images\9fd7302e5cdded40725fc161093415c8.jpg,..\data\processed\yolo_sahi_crop_classifier\crops\000601_9fd7302e5cdded40725fc161093415c8.jpg,745812174,509,7,595,531,refrigerator,0.5816929340362549,6,False,794555454,0.001902281423099339,794555454,0.20482900983770377,False,"[""794555454"", ""195769780"", ""3606158322"", ""2919586208"", ""3027798817""]","[0.001902281423099339, 0.001807317603379488, 0.0017687318613752723, 0.0017548877513036132, 0.0017467621946707368]"
a7a62f31b86f0cbceb176b6b06fca804.jpg,E:\study\DoAnPython\project\data\raw\train_images\a7a62f31b86f0cbceb176b6b06fca804.jpg,..\data\processed\yolo_sahi_crop_classifier\crops\000439_a7a62f31b86f0cbceb176b6b06fca804.jpg,3017519116,27,6,341,640,person,0.9351433515548706,3,False,1733221456,0.004162454511970282,1733221456,0.3300057684769854,False,"[""1733221456"", ""3361632985"", ""3565023295"", ""77254707"", ""159351600""]","[0.004162454511970282, 0.003914841916412115, 0.0035630965139716864, 0.0034242074470967054, 0.0034121833741664886]"
880c006d31a5f5a32f22ae8807f52156.jpg,E:\study\DoAnPython\project\data\raw\train_images\880c006d31a5f5a32f22ae8807f52156.jpg,..\data\processed\yolo_sahi_crop_classifier\crops\000837_880c006d31a5f5a32f22ae8807f52156.jpg,2677830661,331,275,478,637,bottle,0.7419835925102234,4,False,2291561916,0.00875794980674982,2291561916,0.26538692475296555,False,"[""2291561916"", ""1733221456"", ""1163569239"", ""3814390525"", ""2937525435""]","[0.00875794980674982, 0.006519373506307602, 0.005879097618162632, 0.004995464347302914, 0.0044881138019263744]"
0e64ffd904f9ca4ee21746e7c6f788e0.jpg,E:\study\DoAnPython\project\data\raw\train_images\0e64ffd904f9ca4ee21746e7c6f788e0.jpg,..\data\processed\yolo_sahi_crop_classifier\crops\000570_0e64ffd904f9ca4ee21746e7c6f788e0.jpg,2187089599,74,245,215,631,person,0.898948609828949,2,False,3361632985,0.006667641922831535,3361632985,0.3189659806899726,False,"[""3361632985"", ""1733221456"", ""3027798817"", ""3299506042"", ""1664178674""]","[0.006667641922831535, 0.0056322310119867325, 0.0038884084206074476, 0.003675333224236965, 0.003286568447947502]"
df163893cbd76f9bb41b7f4ed9fd81c4.jpg,E:\study\DoAnPython\project\data\raw\train_images\df163893cbd76f9bb41b7f4ed9fd81c4.jpg,..\data\processed\yolo_sahi_crop_classifier\crops\000879_df163893cbd76f9bb41b7f4ed9fd81c4.jpg,1211704536,0,112,532,527,dining table,0.2698305547237396,4,False,2291561916,0.004062460269778967,2291561916,0.09708129332866519,False,"[""2291561916"", ""1091404026"", ""1733221456"", ""2937525435"", ""709353370""]","[0.004062460269778967, 0.004000068176537752, 0.00392306549474597, 0.0038985104765743017, 0.003732208162546158]"
327832aca04bdc0553fef34f8fc9a46e.jpg,E:\study\DoAnPython\project\data\raw\train_images\327832aca04bdc0553fef34f8fc9a46e.jpg,..\data\processed\yolo_sahi_crop_classifier\crops\000261_327832aca04bdc0553fef34f8fc9a46e.jpg,1544412982,247,326,521,718,cup,0.3968944847583771,3,False,2291561916,0.005995235871523619,2291561916,0.1428099729819223,False,"[""2291561916"", ""3814390525"", ""3361632985"", ""1091404026"", ""4008739863""]","[0.005995235871523619, 0.00420031975954771, 0.003354247659444809, 0.0033272949513047934, 0.0032063580583781004]"
84ef94e6af3facf2b6bf1a412525d4c2.jpg,E:\study\DoAnPython\project\data\raw\train_images\84ef94e6af3facf2b6bf1a412525d4c2.jpg,..\data\processed\yolo_sahi_crop_classifier\crops\000578_84ef94e6af3facf2b6bf1a412525d4c2.jpg,3039508373,158,76,841,943,suitcase,0.7764115929603577,4,False,1231123093,0.001861455151811242,1231123093,0.27295400338480247,False,"[""1231123093"", ""499748380"", ""3717044186"", ""4077671296"", ""2935316742""]","[0.001861455151811242, 0.001743203029036522, 0.0017147447215393186, 0.001644897274672985, 0.0016388774383813143]"
fb2d94637e92997c0708adf9bf99377f.jpg,E:\study\DoAnPython\project\data\raw\train_images\fb2d94637e92997c0708adf9bf99377f.jpg,..\data\processed\yolo_sahi_crop_classifier\crops\000023_fb2d94637e92997c0708adf9bf99377f.jpg,1060961612,27,13,61,46,sports ball,0.7562475800514221,2,False,3205175747,0.0024753620382398367,3205175747,0.2662956383428536,False,"[""3205175747"", ""4195021957"", ""1733221456"", ""639035430"", ""1550813244""]","[0.0024753620382398367, 0.0020326985977590084, 0.002016759244725108, 0.00199267384596169, 0.001962430542334914]"
ccfaed628660a3d47eb123c726c6b454.jpg,E:\study\DoAnPython\project\data\raw\train_images\ccfaed628660a3d47eb123c726c6b454.jpg,..\data\processed\yolo_sahi_crop_classifier\crops\000030_ccfaed628660a3d47eb123c726c6b454.jpg,2729238489,122,0,352,464,bottle,0.7880731225013733,7,False,3361632985,0.005047625862061977,3361632985,0.27910654968582094,False,"[""3361632985"", ""3027798817"", ""1733221456"", ""159351600"", ""2291561916""]","[0.005047625862061977, 0.0042221504263579845, 0.0037455882411450148, 0.0029288181103765965, 0.0027480062562972307]"
efa62b674781e9532133d5dc1acd2062.jpg,E:\study\DoAnPython\project\data\raw\train_images\efa62b674781e9532133d5dc1acd2062.jpg,..\data\processed\yolo_sahi_crop_classifier\crops\000617_efa62b674781e9532133d5dc1acd2062.jpg,3215115074,0,0,720,720,full_image,0.0,0,True,3299506042,0.0037239850498735905,3299506042,0.0024205902824178337,False,"[""3299506042"", ""2291561916"", ""1673669565"", ""418991059"", ""2997045579""]","[0.0037239850498735905, 0.002959641395136714, 0.0027033486403524876, 0.002471350599080324, 0.002430201740935445]"
c6f0348df531aac39e4a5656d94c44ee.jpg,E:\study\DoAnPython\project\data\raw\train_images\c6f0348df531aac39e4a5656d94c44ee.jpg,..\data\processed\yolo_sahi_crop_classifier\crops\000010_c6f0348df531aac39e4a5656d94c44ee.jpg,2377831355,528,341,657,686,bottle,0.9437131881713867,8,False,3299506042,0.006470435298979282,3299506042,0.3345053988043219,False,"[""3299506042"", ""1733221456"", ""3710262094"", ""2291561916"", ""283975355""]","[0.006470435298979282, 0.0051385327242314816, 0.004642893094569445, 0.004434693604707718, 0.004237317945808172]"
0ae76a6fcdc648f3c2329bd54c09cf15.jpg,E:\study\DoAnPython\project\data\raw\train_images\0ae76a6fcdc648f3c2329bd54c09cf15.jpg,..\data\processed\yolo_sahi_crop_classifier\crops\000221_0ae76a6fcdc648f3c2329bd54c09cf15.jpg,1829510643,444,0,640,268,suitcase,0.46107152104377747,9,False,3586500603,0.0036778843495994806,3586500603,0.16376565719256178,False,"[""3586500603"", ""3361632985"", ""1918908464"", ""3213182368"", ""1785253130""]","[0.0036778843495994806, 0.0030363951809704304, 0.002958007389679551, 0.002880663378164172, 0.0027270454447716475]"
4ed4e5cf273803d83ca5dbc06e1a3f6d.jpg,E:\study\DoAnPython\project\data\raw\train_images\4ed4e5cf273803d83ca5dbc06e1a3f6d.jpg,..\data\processed\yolo_sahi_crop_classifier\crops\000820_4ed4e5cf273803d83ca5dbc06e1a3f6d.jpg,1794962291,111,287,425,640,person,0.7667838335037231,4,False,2291561916,0.004678572528064251,2291561916,0.2714154138695449,False,"[""2291561916"", ""1240444909"", ""3361632985"", ""2415538143"", ""3299506042""]","[0.004678572528064251, 0.004329174757003784, 0.004294120240956545, 0.004234134219586849, 0.004186240490525961]"
d65c75fe36fe586f99306b2be1035b92.jpg,E:\study\DoAnPython\project\data\raw\train_images\d65c75fe36fe586f99306b2be1035b92.jpg,..\data\processed\yolo_sahi_crop_classifier\crops\000296_d65c75fe36fe586f99306b2be1035b92.jpg,820177797,605,272,640,624,potted plant,0.32132914662361145,3,False,1733221456,0.0025799847207963467,1733221456,0.11414219138678162,False,"[""1733221456"", ""2854728702"", ""2856259827"", ""2222575338"", ""3027798817""]","[0.0025799847207963467, 0.0024414679501205683, 0.0021507106721401215, 0.002140476368367672, 0.0020459352526813745]"
84d023abf8e6afb503943fda2b9d7289.jpg,E:\study\DoAnPython\project\data\raw\train_images\84d023abf8e6afb503943fda2b9d7289.jpg,..\data\processed\yolo_sahi_crop_classifier\crops\000054_84d023abf8e6afb503943fda2b9d7289.jpg,954571849,238,192,469,670,bottle,0.730980396270752,1,False,2291561916,0.012853839434683323,2291561916,0.2641981343273073,False,"[""2291561916"", ""1733221456"", ""159351600"", ""3361632985"", ""3027798817""]","[0.012853839434683323, 0.009864432737231255, 0.007120292633771896, 0.0070691658183932304, 0.007018116768449545]"
5c5cf71b47507f04e09cff4bfa29c86f.jpg,E:\study\DoAnPython\project\data\raw\train_images\5c5cf71b47507f04e09cff4bfa29c86f.jpg,..\data\processed\yolo_sahi_crop_classifier\crops\000542_5c5cf71b47507f04e09cff4bfa29c86f.jpg,38414667,438,261,782,641,bird,0.6912491321563721,3,False,3361632985,0.005091897677630186,3361632985,0.24524692974518983,False,"[""3361632985"", ""1918908464"", ""3586500603"", ""1733221456"", ""3710262094""]","[0.005091897677630186, 0.004849962890148163, 0.004818743094801903, 0.004710087087005377, 0.0042737009935081005]"
f1426e5a3da4c3510e77d527e154f8c9.jpg,E:\study\DoAnPython\project\data\raw\train_images\f1426e5a3da4c3510e77d527e154f8c9.jpg,..\data\processed\yolo_sahi_crop_classifier\crops\000209_f1426e5a3da4c3510e77d527e154f8c9.jpg,3216433143,0,0,300,300,full_image,0.0,0,True,2379738292,0.005770115647464991,2379738292,0.003750575170852244,False,"[""2379738292"", ""1733221456"", ""2291561916"", ""159351600"", ""3361632985""]","[0.005770115647464991, 0.0053795091807842255, 0.005252073053270578, 0.005128130782395601, 0.005060422699898481]"
f4aeda85c2dec6fc9c1cc7edd3d8afd4.jpg,E:\study\DoAnPython\project\data\raw\train_images\f4aeda85c2dec6fc9c1cc7edd3d8afd4.jpg,..\data\processed\yolo_sahi_crop_classifier\crops\000604_f4aeda85c2dec6fc9c1cc7edd3d8afd4.jpg,1341302081,573,286,866,520,traffic light,0.8673217296600342,5,False,3361632985,0.004973768722265959,3361632985,0.3067955550504848,False,"[""3361632985"", ""1240444909"", ""1664178674"", ""1918908464"", ""3213182368""]","[0.004973768722265959, 0.0038559918757528067, 0.00355013576336205, 0.0031639346852898598, 0.0030103831086307764]"
a6e09aec817528bdd8c41fffb4a268a8.jpg,E:\study\DoAnPython\project\data\raw\train_images\a6e09aec817528bdd8c41fffb4a268a8.jpg,..\data\processed\yolo_sahi_crop_classifier\crops\000692_a6e09aec817528bdd8c41fffb4a268a8.jpg,1338860962,0,18,500,500,umbrella,0.5399359464645386,3,False,1733221456,0.006719082128256559,1733221456,0.19334498464595526,False,"[""1733221456"", ""1918908464"", ""3361632985"", ""159351600"", ""4290057653""]","[0.006719082128256559, 0.006297535728663206, 0.005595206283032894, 0.0036147115752100945, 0.0032718186266720295]"
fc1160fe1a0654cec6e98cc7ce7ae408.jpg,E:\study\DoAnPython\project\data\raw\train_images\fc1160fe1a0654cec6e98cc7ce7ae408.jpg,..\data\processed\yolo_sahi_crop_classifier\crops\000662_fc1160fe1a0654cec6e98cc7ce7ae408.jpg,613621612,131,99,624,522,book,0.7893711924552917,2,False,1733221456,0.009600421413779259,1733221456,0.28252019127830863,False,"[""1733221456"", ""3361632985"", ""3814390525"", ""3299506042"", ""3586500603""]","[0.009600421413779259, 0.005687560886144638, 0.0054364921525120735, 0.005247296765446663, 0.005053378641605377]"
1898768bdd80aec966e9696f765089d8.jpg,E:\study\DoAnPython\project\data\raw\train_images\1898768bdd80aec966e9696f765089d8.jpg,..\data\processed\yolo_sahi_crop_classifier\crops\000866_1898768bdd80aec966e9696f765089d8.jpg,1024453873,19,116,468,451,scissors,0.35768210887908936,1,False,3361632985,0.005473705008625984,3361632985,0.12874664636328817,False,"[""3361632985"", ""1733221456"", ""3299506042"", ""1680934077"", ""3027798817""]","[0.005473705008625984, 0.005115482956171036, 0.0045624771155416965, 0.0038700092118233442, 0.003826119704172015]"
a1e09c7337cf9e881f3ac07088fd39f3.jpg,E:\study\DoAnPython\project\data\raw\train_images\a1e09c7337cf9e881f3ac07088fd39f3.jpg,..\data\processed\yolo_sahi_crop_classifier\crops\000070_a1e09c7337cf9e881f3ac07088fd39f3.jpg,3040690230,336,262,462,606,remote,0.39550191164016724,3,False,709353370,0.003745379624888301,709353370,0.14086016583023592,False,"[""709353370"", ""4186270168"", ""1664178674"", ""3029030130"", ""2937525435""]","[0.003745379624888301, 0.003518730867654085, 0.0032954320777207613, 0.0032493621110916138, 0.0030671434942632914]"
2df613f337b6749970179f86fb5c2fda.jpg,E:\study\DoAnPython\project\data\raw\train_images\2df613f337b6749970179f86fb5c2fda.jpg,..\data\processed\yolo_sahi_crop_classifier\crops\000543_2df613f337b6749970179f86fb5c2fda.jpg,2804467266,678,276,1000,744,cup,0.7153356671333313,11,False,2557300142,0.003244248451665044,2557300142,0.25247624499024823,False,"[""2557300142"", ""1918908464"", ""3361632985"", ""2518689634"", ""3586500603""]","[0.003244248451665044, 0.0031363682355731726, 0.0031084506772458553, 0.002827239688485861, 0.0026644549798220396]"
ac4ac99bf32f3c9b73d069a594dbef0c.jpg,E:\study\DoAnPython\project\data\raw\train_images\ac4ac99bf32f3c9b73d069a594dbef0c.jpg,..\data\processed\yolo_sahi_crop_classifier\crops\000107_ac4ac99bf32f3c9b73d069a594dbef0c.jpg,3000792516,612,190,890,924,bottle,0.9294546246528625,4,False,709353370,0.007481430657207966,709353370,0.33017204855568705,False,"[""709353370"", ""2291561916"", ""1733221456"", ""3027798817"", ""3710262094""]","[0.007481430657207966, 0.007009005174040794, 0.006446017883718014, 0.005708959419280291, 0.0051193214021623135]"
497c69d9a9c35935ce389361288eabc6.jpg,E:\study\DoAnPython\project\data\raw\train_images\497c69d9a9c35935ce389361288eabc6.jpg,..\data\processed\yolo_sahi_crop_classifier\crops\000493_497c69d9a9c35935ce389361288eabc6.jpg,3474623472,116,31,800,793,motorcycle,0.4789501130580902,4,False,3814390525,0.003882013726979494,3814390525,0.17015584849286822,False,"[""3814390525"", ""159351600"", ""3710262094"", ""1733221456"", ""3213182368""]","[0.003882013726979494, 0.0026539601385593414, 0.00255985907278955, 0.0025571060832589865, 0.002385504078119993]"
f55de5c79c2233d6887c38d16de8b673.jpg,E:\study\DoAnPython\project\data\raw\train_images\f55de5c79c2233d6887c38d16de8b673.jpg,..\data\processed\yolo_sahi_crop_classifier\crops\000590_f55de5c79c2233d6887c38d16de8b673.jpg,1390521735,301,129,528,383,clock,0.7705324292182922,2,False,1785253130,0.0036892557982355356,1785253130,0.27208436649525536,False,"[""1785253130"", ""1918908464"", ""3586500603"", ""2109580117"", ""871679006""]","[0.0036892557982355356, 0.002900172723457217, 0.0027602617628872395, 0.00265831989236176, 0.002608529757708311]"
d8d7920593f6edd59059a4e4381aa6cf.jpg,E:\study\DoAnPython\project\data\raw\train_images\d8d7920593f6edd59059a4e4381aa6cf.jpg,..\data\processed\yolo_sahi_crop_classifier\crops\000741_d8d7920593f6edd59059a4e4381aa6cf.jpg,3978903467,0,0,700,700,full_image,0.0,0,True,1091404026,0.004452092573046684,1091404026,0.002893860172480345,False,"[""1091404026"", ""3027798817"", ""2518689634"", ""195769780"", ""1240444909""]","[0.004452092573046684, 0.0037399635184556246, 0.003627485828474164, 0.003344231750816107, 0.003274262649938464]"
985b6899d9fe324581a284e07f3f6d9d.jpg,E:\study\DoAnPython\project\data\raw\train_images\985b6899d9fe324581a284e07f3f6d9d.jpg,..\data\processed\yolo_sahi_crop_classifier\crops\000292_985b6899d9fe324581a284e07f3f6d9d.jpg,2692614122,724,386,1024,820,person,0.9325391054153442,13,False,1091404026,0.0028665661811828613,1091404026,0.32825195491313935,False,"[""1091404026"", ""77254707"", ""1240444909"", ""195769780"", ""2109580117""]","[0.0028665661811828613, 0.002750913379713893, 0.002613888820633292, 0.0025746431201696396, 0.0024192307610064745]"
7d98db7706f6fc86a8200e0723678a6d.jpg,E:\study\DoAnPython\project\data\raw\train_images\7d98db7706f6fc86a8200e0723678a6d.jpg,..\data\processed\yolo_sahi_crop_classifier\crops\000289_7d98db7706f6fc86a8200e0723678a6d.jpg,2123332638,0,0,400,400,full_image,0.0,0,True,2747024747,0.005182274151593447,2747024747,0.0033684781985357406,False,"[""2747024747"", ""4186270168"", ""2937525435"", ""2101072117"", ""3814390525""]","[0.005182274151593447, 0.005182141438126564, 0.004051446449011564, 0.00361334509216249, 0.003497870871797204]"
bd84ce5a434b10c3721669d24610342c.jpg,E:\study\DoAnPython\project\data\raw\train_images\bd84ce5a434b10c3721669d24610342c.jpg,..\data\processed\yolo_sahi_crop_classifier\crops\000652_bd84ce5a434b10c3721669d24610342c.jpg,946530041,311,200,617,499,frisbee,0.7704514861106873,2,False,3900306665,0.002671696012839675,3900306665,0.2713946225470863,False,"[""3900306665"", ""718843702"", ""997220911"", ""4116469576"", ""1091404026""]","[0.002671696012839675, 0.002525588497519493, 0.0024800982791930437, 0.0023863145615905523, 0.0023714315611869097]"
cb6466737a499eca3fd12ac54012e584.jpg,E:\study\DoAnPython\project\data\raw\train_images\cb6466737a499eca3fd12ac54012e584.jpg,..\data\processed\yolo_sahi_crop_classifier\crops\000039_cb6466737a499eca3fd12ac54012e584.jpg,2836585852,165,173,872,861,clock,0.7434329390525818,3,False,3586500603,0.0033146413043141365,3586500603,0.26235604551620784,False,"[""3586500603"", ""3466127809"", ""3947628716"", ""159351600"", ""997220911""]","[0.0033146413043141365, 0.0031522363424301147, 0.003014203393831849, 0.0028350467327982187, 0.002453842666000128]"
86234f7fea94249c48e801bf5315d2dd.jpg,E:\study\DoAnPython\project\data\raw\train_images\86234f7fea94249c48e801bf5315d2dd.jpg,..\data\processed\yolo_sahi_crop_classifier\crops\000589_86234f7fea94249c48e801bf5315d2dd.jpg,3272244682,485,676,513,711,book,0.47647470235824585,2,False,1240444909,0.003822455881163478,1240444909,0.1692507421481423,False,"[""1240444909"", ""1397230201"", ""3361632985"", ""2723899357"", ""2101072117""]","[0.003822455881163478, 0.003621014067903161, 0.0035242638550698757, 0.00351718463934958, 0.0034160474315285683]"
2477fe12499308059232b634208da78b.jpg,E:\study\DoAnPython\project\data\raw\train_images\2477fe12499308059232b634208da78b.jpg,..\data\processed\yolo_sahi_crop_classifier\crops\000307_2477fe12499308059232b634208da78b.jpg,1002765200,448,450,545,554,cup,0.6867899298667908,2,False,3299506042,0.004650296177715063,3299506042,0.24339916796889155,False,"[""3299506042"", ""159351600"", ""2937525435"", ""3814390525"", ""3361632985""]","[0.004650296177715063, 0.00451230863109231, 0.004281938076019287, 0.004221421200782061, 0.004166395403444767]"
67660934f6d37c21bbe4b90c3bdc84ce.jpg,E:\study\DoAnPython\project\data\raw\train_images\67660934f6d37c21bbe4b90c3bdc84ce.jpg,..\data\processed\yolo_sahi_crop_classifier\crops\000679_67660934f6d37c21bbe4b90c3bdc84ce.jpg,2375956477,406,355,700,649,handbag,0.26760736107826233,3,False,3361632985,0.004660686943680048,3361632985,0.09669202289078384,False,"[""3361632985"", ""1733221456"", ""1664178674"", ""1091404026"", ""3900306665""]","[0.004660686943680048, 0.004468874074518681, 0.00313462782651186, 0.0030837878584861755, 0.0030655006412416697]"
a0bf16eb049d1227c87777ab7d4fb3c8.jpg,E:\study\DoAnPython\project\data\raw\train_images\a0bf16eb049d1227c87777ab7d4fb3c8.jpg,..\data\processed\yolo_sahi_crop_classifier\crops\000066_a0bf16eb049d1227c87777ab7d4fb3c8.jpg,111019786,8,154,529,640,person,0.25312525033950806,6,False,3863446626,0.00311605934984982,3863446626,0.0906192761962302,False,"[""3863446626"", ""1733221456"", ""997220911"", ""1240444909"", ""2901819840""]","[0.00311605934984982, 0.0030057281255722046, 0.0025359997525811195, 0.0024546098429709673, 0.002341998741030693]"
168f9768e1b324454da80c2c7ed74879.jpg,E:\study\DoAnPython\project\data\raw\train_images\168f9768e1b324454da80c2c7ed74879.jpg,..\data\processed\yolo_sahi_crop_classifier\crops\000275_168f9768e1b324454da80c2c7ed74879.jpg,4289396213,115,19,522,507,refrigerator,0.5778843760490417,7,False,3361632985,0.005031756591051817,3361632985,0.20553017340134827,False,"[""3361632985"", ""3586500603"", ""159351600"", ""3814390525"", ""1696983102""]","[0.005031756591051817, 0.004904063884168863, 0.004771214909851551, 0.004540637135505676, 0.004183939192444086]"
cbdcc5d87e5e5910c4221cd860428ce1.jpg,E:\study\DoAnPython\project\data\raw\train_images\cbdcc5d87e5e5910c4221cd860428ce1.jpg,..\data\processed\yolo_sahi_crop_classifier\crops\000067_cbdcc5d87e5e5910c4221cd860428ce1.jpg,2824936287,0,0,640,640,full_image,0.0,0,True,159351600,0.003987418487668037,159351600,0.0025918220169842245,False,"[""159351600"", ""3027798817"", ""77254707"", ""2291561916"", ""3361632985""]","[0.003987418487668037, 0.003838508389890194, 0.003397517604753375, 0.003352278145030141, 0.002890552394092083]"
7120d145b1b52be794f5f70a0fb106c9.jpg,E:\study\DoAnPython\project\data\raw\train_images\7120d145b1b52be794f5f70a0fb106c9.jpg,..\data\processed\yolo_sahi_crop_classifier\crops\000318_7120d145b1b52be794f5f70a0fb106c9.jpg,3184487800,387,376,523,530,person,0.41546404361724854,1,False,3361632985,0.00357821281068027,3361632985,0.14773825359297915,False,"[""3361632985"", ""3027798817"", ""878766511"", ""1733221456"", ""77254707""]","[0.00357821281068027, 0.003557989140972495, 0.003485247027128935, 0.003273438196629286, 0.003268337110057473]"
ae272f3646092944f2424a23b2e1bc9f.jpg,E:\study\DoAnPython\project\data\raw\train_images\ae272f3646092944f2424a23b2e1bc9f.jpg,..\data\processed\yolo_sahi_crop_classifier\crops\000548_ae272f3646092944f2424a23b2e1bc9f.jpg,375771768,403,397,599,789,cup,0.30189862847328186,4,False,4008739863,0.0027927409391850233,4008739863,0.1074798015761189,False,"[""4008739863"", ""709353370"", ""2101072117"", ""1733221456"", ""4163093076""]","[0.0027927409391850233, 0.0026622433215379715, 0.002596058417111635, 0.0025598809588700533, 0.002556096762418747]"
b7d421b42ee5c4df38f204e7bd0e074a.jpg,E:\study\DoAnPython\project\data\raw\train_images\b7d421b42ee5c4df38f204e7bd0e074a.jpg,..\data\processed\yolo_sahi_crop_classifier\crops\000998_b7d421b42ee5c4df38f204e7bd0e074a.jpg,528925376,379,86,517,251,book,0.29446831345558167,8,False,1733221456,0.005373935680836439,1733221456,0.10655696790199726,False,"[""1733221456"", ""3299506042"", ""3710262094"", ""3213182368"", ""1163569239""]","[0.005373935680836439, 0.004320854786783457, 0.003650265047326684, 0.003429412143304944, 0.0030559853184968233]"
1ae3b3146fc50f226b085fbd90fd2b4d.jpg,E:\study\DoAnPython\project\data\raw\train_images\1ae3b3146fc50f226b085fbd90fd2b4d.jpg,..\data\processed\yolo_sahi_crop_classifier\crops\000714_1ae3b3146fc50f226b085fbd90fd2b4d.jpg,618541066,161,488,422,691,bicycle,0.4556131958961487,1,False,3586500603,0.002439777599647641,3586500603,0.16105047400342298,False,"[""3586500603"", ""3089863932"", ""2533528738"", ""1785253130"", ""77254707""]","[0.002439777599647641, 0.0022977052722126245, 0.002139190211892128, 0.0021071680821478367, 0.0021067792549729347]"
c3ff92b6718eb6f81833b31f9d90ffe8.jpg,E:\study\DoAnPython\project\data\raw\train_images\c3ff92b6718eb6f81833b31f9d90ffe8.jpg,..\data\processed\yolo_sahi_crop_classifier\crops\000753_c3ff92b6718eb6f81833b31f9d90ffe8.jpg,1417388897,110,132,640,550,remote,0.3886977732181549,1,False,1733221456,0.0025310672353953123,1733221456,0.13768941432936116,False,"[""1733221456"", ""449938131"", ""1199602251"", ""1268201436"", ""1696983102""]","[0.0025310672353953123, 0.0023564707953482866, 0.002311690943315625, 0.002297277096658945, 0.0022547219414263964]"
897dd3a28b5baebd861cd9f9aaef57ce.jpg,E:\study\DoAnPython\project\data\raw\train_images\897dd3a28b5baebd861cd9f9aaef57ce.jpg,..\data\processed\yolo_sahi_crop_classifier\crops\000327_897dd3a28b5baebd861cd9f9aaef57ce.jpg,2132780793,227,0,769,998,bottle,0.38036397099494934,2,False,3814390525,0.004929801914840937,3814390525,0.13633176109287887,False,"[""3814390525"", ""2937525435"", ""2291561916"", ""3213182368"", ""3710262094""]","[0.004929801914840937, 0.00481715053319931, 0.0046349186450243, 0.004633825737982988, 0.0042655328288674355]"
dcf0892583d895f324cf8572c8ca4865.jpg,E:\study\DoAnPython\project\data\raw\train_images\dcf0892583d895f324cf8572c8ca4865.jpg,..\data\processed\yolo_sahi_crop_classifier\crops\000382_dcf0892583d895f324cf8572c8ca4865.jpg,2097181150,646,54,986,527,refrigerator,0.4752231240272522,4,False,3105935071,0.002488653874024749,3105935071,0.16794571842765432,False,"[""3105935071"", ""22285547"", ""4195021957"", ""51422340"", ""536463662""]","[0.002488653874024749, 0.0021243735682219267, 0.0021232166327536106, 0.0021162957418709993, 0.0020204707980155945]"
935690ce6af099e9e68f2eacce05a329.jpg,E:\study\DoAnPython\project\data\raw\train_images\935690ce6af099e9e68f2eacce05a329.jpg,..\data\processed\yolo_sahi_crop_classifier\crops\000451_935690ce6af099e9e68f2eacce05a329.jpg,2747427000,506,241,704,522,parking meter,0.8167940974235535,10,False,1268201436,0.004731759428977966,1268201436,0.28895357772707936,False,"[""1268201436"", ""2101072117"", ""3299506042"", ""1240444909"", ""4163093076""]","[0.004731759428977966, 0.004611504264175892, 0.004075486212968826, 0.0039053114596754313, 0.0037325136363506317]"
a2b16d6f53b501dc8a5aba9244a33fcc.jpg,E:\study\DoAnPython\project\data\raw\train_images\a2b16d6f53b501dc8a5aba9244a33fcc.jpg,..\data\processed\yolo_sahi_crop_classifier\crops\000522_a2b16d6f53b501dc8a5aba9244a33fcc.jpg,1075808831,0,172,413,640,book,0.5903186798095703,4,False,2291561916,0.005012625828385353,2291561916,0.2098697447218001,False,"[""2291561916"", ""1733221456"", ""3361632985"", ""3814390525"", ""3710262094""]","[0.005012625828385353, 0.004922110121697187, 0.0046374741941690445, 0.003685101866722107, 0.0035112258046865463]"
ae57ae6dfa7b3c6cf89794bd25cd1bd8.jpg,E:\study\DoAnPython\project\data\raw\train_images\ae57ae6dfa7b3c6cf89794bd25cd1bd8.jpg,..\data\processed\yolo_sahi_crop_classifier\crops\000218_ae57ae6dfa7b3c6cf89794bd25cd1bd8.jpg,3967663824,0,172,24,678,train,0.32277607917785645,2,False,721918808,0.0019249540055170655,721918808,0.11422284781583585,False,"[""721918808"", ""75090567"", ""3626831010"", ""23704672"", ""4286477246""]","[0.0019249540055170655, 0.0017839494394138455, 0.001727938768453896, 0.001701222499832511, 0.0017001207452267408]"
b13eed5b43cf32b9adfdc4a4991e4293.jpg,E:\study\DoAnPython\project\data\raw\train_images\b13eed5b43cf32b9adfdc4a4991e4293.jpg,..\data\processed\yolo_sahi_crop_classifier\crops\000787_b13eed5b43cf32b9adfdc4a4991e4293.jpg,847854913,93,4,372,599,suitcase,0.35637274384498596,1,False,2937525435,0.003240239806473255,2937525435,0.12683661621995268,False,"[""2937525435"", ""3710262094"", ""430501350"", ""1285119273"", ""4290057653""]","[0.003240239806473255, 0.003114263294264674, 0.0030764597468078136, 0.002815481275320053, 0.002769666723906994]"
d47a64b8d74772e63c0615d05a2da52e.jpg,E:\study\DoAnPython\project\data\raw\train_images\d47a64b8d74772e63c0615d05a2da52e.jpg,..\data\processed\yolo_sahi_crop_classifier\crops\000436_d47a64b8d74772e63c0615d05a2da52e.jpg,2384099722,68,313,527,519,person,0.30367815494537354,4,False,1733221456,0.004922663792967796,1733221456,0.1094870856963098,False,"[""1733221456"", ""3299506042"", ""1785253130"", ""3361632985"", ""1091404026""]","[0.004922663792967796, 0.003004467813298106, 0.0030004142317920923, 0.0029364819638431072, 0.0026309213135391474]"
48e9c38e66203e5ec4523fc10cbcc817.jpg,E:\study\DoAnPython\project\data\raw\train_images\48e9c38e66203e5ec4523fc10cbcc817.jpg,..\data\processed\yolo_sahi_crop_classifier\crops\000764_48e9c38e66203e5ec4523fc10cbcc817.jpg,2364306755,0,501,517,830,book,0.2616446614265442,4,False,2937525435,0.00458067562431097,2937525435,0.0945530706550926,False,"[""2937525435"", ""3814390525"", ""3361632985"", ""2338925518"", ""1680934077""]","[0.00458067562431097, 0.004342477302998304, 0.004039599094539881, 0.0040195900946855545, 0.003975787200033665]"
6002e9baa8a5ab2f2f6d5b6667a1e2bc.jpg,E:\study\DoAnPython\project\data\raw\train_images\6002e9baa8a5ab2f2f6d5b6667a1e2bc.jpg,..\data\processed\yolo_sahi_crop_classifier\crops\000088_6002e9baa8a5ab2f2f6d5b6667a1e2bc.jpg,2448739506,114,0,540,530,person,0.8924437761306763,5,False,1918908464,0.0036553298123180866,1918908464,0.3147312860237434,False,"[""1918908464"", ""195769780"", ""1240444909"", ""3361632985"", ""159351600""]","[0.0036553298123180866, 0.0034074413124471903, 0.0033565396443009377, 0.0030840097460895777, 0.003048175247386098]"
10502d58f149a75a9a800e5778fc8e20.jpg,E:\study\DoAnPython\project\data\raw\train_images\10502d58f149a75a9a800e5778fc8e20.jpg,..\data\processed\yolo_sahi_crop_classifier\crops\000063_10502d58f149a75a9a800e5778fc8e20.jpg,685296764,35,152,530,524,car,0.3496781289577484,5,False,1240444909,0.0027192160487174988,1240444909,0.12415483556687831,False,"[""1240444909"", ""2471903892"", ""3029030130"", ""2685155852"", ""1897162085""]","[0.0027192160487174988, 0.0023005809634923935, 0.002259463770315051, 0.002035037148743868, 0.0019934303127229214]"
d2fb9fa80883e9a37147a744aeb9d7e5.jpg,E:\study\DoAnPython\project\data\raw\train_images\d2fb9fa80883e9a37147a744aeb9d7e5.jpg,..\data\processed\yolo_sahi_crop_classifier\crops\000826_d2fb9fa80883e9a37147a744aeb9d7e5.jpg,710770581,472,125,563,221,potted plant,0.6378548741340637,12,False,3565023295,0.003639505011960864,3565023295,0.22561488420469686,False,"[""3565023295"", ""2518689634"", ""3027798817"", ""3361632985"", ""1733221456""]","[0.003639505011960864, 0.002974905539304018, 0.0029725157655775547, 0.0025313515216112137, 0.0024557297583669424]"
c54e0e7762d61b246c7a1460e4277f21.jpg,E:\study\DoAnPython\project\data\raw\train_images\c54e0e7762d61b246c7a1460e4277f21.jpg,..\data\processed\yolo_sahi_crop_classifier\crops\000716_c54e0e7762d61b246c7a1460e4277f21.jpg,1037635218,343,70,874,524,person,0.5733547806739807,7,False,3361632985,0.002625026972964406,3361632985,0.2023804407683201,False,"[""3361632985"", ""3586500603"", ""3306596061"", ""159351600"", ""4290057653""]","[0.002625026972964406, 0.002253320999443531, 0.0022429360542446375, 0.00220043258741498, 0.002095356583595276]"
37107ac8ad42fb07732b5b86a3b55b02.jpg,E:\study\DoAnPython\project\data\raw\train_images\37107ac8ad42fb07732b5b86a3b55b02.jpg,..\data\processed\yolo_sahi_crop_classifier\crops\000351_37107ac8ad42fb07732b5b86a3b55b02.jpg,4122651001,7,106,495,386,car,0.5651524662971497,1,False,3213182368,0.005865462124347687,3213182368,0.2016159135848284,False,"[""3213182368"", ""1240444909"", ""1091404026"", ""1680934077"", ""3710262094""]","[0.005865462124347687, 0.005555733107030392, 0.005001455545425415, 0.004884540569037199, 0.00479162996634841]"
571e459e19e4a5d1008b4328e114b2ed.jpg,E:\study\DoAnPython\project\data\raw\train_images\571e459e19e4a5d1008b4328e114b2ed.jpg,..\data\processed\yolo_sahi_crop_classifier\crops\000936_571e459e19e4a5d1008b4328e114b2ed.jpg,3958038320,407,546,599,723,sports ball,0.663465142250061,10,False,3361632985,0.003262862330302596,3361632985,0.23433366030221803,False,"[""3361632985"", ""1240444909"", ""4290057653"", ""4008739863"", ""3586500603""]","[0.003262862330302596, 0.002857317915186286, 0.0025442028418183327, 0.0025134447496384382, 0.002368370071053505]"
87c37258056065e9fd56aadf3094b328.jpg,E:\study\DoAnPython\project\data\raw\train_images\87c37258056065e9fd56aadf3094b328.jpg,..\data\processed\yolo_sahi_crop_classifier\crops\000256_87c37258056065e9fd56aadf3094b328.jpg,1232051693,362,0,709,1024,person,0.8293007612228394,20,False,223918561,0.0020820563659071922,223918561,0.2916086030658334,False,"[""223918561"", ""3586500603"", ""4152958882"", ""3569479734"", ""1918908464""]","[0.0020820563659071922, 0.0020668471697717905, 0.0019617751240730286, 0.0018380102701485157, 0.0018275807378813624]"
8cf157190d43db368a0179699c031af7.jpg,E:\study\DoAnPython\project\data\raw\train_images\8cf157190d43db368a0179699c031af7.jpg,..\data\processed\yolo_sahi_crop_classifier\crops\000635_8cf157190d43db368a0179699c031af7.jpg,2619971180,425,169,489,524,toothbrush,0.8734422922134399,7,False,1733221456,0.006354715675115585,1733221456,0.30983536746352913,False,"[""1733221456"", ""3361632985"", ""3027798817"", ""2101072117"", ""1664178674""]","[0.006354715675115585, 0.004367646761238575, 0.004324910696595907, 0.0041084918193519115, 0.003780136350542307]"
6ae2dd6498237e7cc19e0975b7c14531.jpg,E:\study\DoAnPython\project\data\raw\train_images\6ae2dd6498237e7cc19e0975b7c14531.jpg,..\data\processed\yolo_sahi_crop_classifier\crops\000644_6ae2dd6498237e7cc19e0975b7c14531.jpg,418991059,2,0,528,536,dining table,0.6648076176643372,25,False,1733221456,0.0044823866337537766,1733221456,0.23559621749445794,False,"[""1733221456"", ""1091404026"", ""3361632985"", ""1240444909"", ""418991059""]","[0.0044823866337537766, 0.003623024094849825, 0.0031338396947830915, 0.002967901760712266, 0.0029549868777394295]"
32662514c8aad7897103f162cdc8fe7a.jpg,E:\study\DoAnPython\project\data\raw\train_images\32662514c8aad7897103f162cdc8fe7a.jpg,..\data\processed\yolo_sahi_crop_classifier\crops\000554_32662514c8aad7897103f162cdc8fe7a.jpg,898058398,384,137,525,562,bottle,0.9112927317619324,2,False,3710262094,0.003998914733529091,3710262094,0.32155175069347025,False,"[""3710262094"", ""2747024747"", ""3623529278"", ""2291561916"", ""2379738292""]","[0.003998914733529091, 0.003421589033678174, 0.0032126184087246656, 0.003130365861579776, 0.003096710192039609]"
2591b7be5cbe9db99874d85589a53cd2.jpg,E:\study\DoAnPython\project\data\raw\train_images\2591b7be5cbe9db99874d85589a53cd2.jpg,..\data\processed\yolo_sahi_crop_classifier\crops\000959_2591b7be5cbe9db99874d85589a53cd2.jpg,3408803971,504,12,1002,1024,person,0.9289422035217285,26,False,1918908464,0.0026853405870497227,1918908464,0.32687524261418727,False,"[""1918908464"", ""3361632985"", ""2722794324"", ""155268050"", ""3569479734""]","[0.0026853405870497227, 0.00264060334302485, 0.00234708352945745, 0.0023074632044881582, 0.0021540324669331312]"
1dcd199de9ca911501f58f2376b5f117.jpg,E:\study\DoAnPython\project\data\raw\train_images\1dcd199de9ca911501f58f2376b5f117.jpg,..\data\processed\yolo_sahi_crop_classifier\crops\000168_1dcd199de9ca911501f58f2376b5f117.jpg,3666117493,111,171,640,640,person,0.9210096001625061,2,False,1918908464,0.003156504360958934,1918908464,0.3244050878915004,False,"[""1918908464"", ""1733221456"", ""3306596061"", ""3602809108"", ""3361632985""]","[0.003156504360958934, 0.003098317887634039, 0.0029810986015945673, 0.002835602965205908, 0.00280995131470263]"
0daec93db1b9b55fe3116bbcfc380d22.jpg,E:\study\DoAnPython\project\data\raw\train_images\0daec93db1b9b55fe3116bbcfc380d22.jpg,..\data\processed\yolo_sahi_crop_classifier\crops\000917_0daec93db1b9b55fe3116bbcfc380d22.jpg,3400865074,774,432,1191,838,clock,0.5499321818351746,8,False,159351600,0.0036356591153889894,159351600,0.1948394420673139,False,"[""159351600"", ""2557300142"", ""2101072117"", ""718620114"", ""2395148001""]","[0.0036356591153889894, 0.0028046327643096447, 0.00273079052567482, 0.0025889063253998756, 0.002538447268307209]"
4ee1a912449c99e577061ede489251a9.jpg,E:\study\DoAnPython\project\data\raw\train_images\4ee1a912449c99e577061ede489251a9.jpg,..\data\processed\yolo_sahi_crop_classifier\crops\000528_4ee1a912449c99e577061ede489251a9.jpg,1186806654,165,92,454,488,bottle,0.5974663496017456,6,False,2379738292,0.0041100941598415375,2379738292,0.21178478356450794,False,"[""2379738292"", ""3213182368"", ""1733221456"", ""3814390525"", ""3586500603""]","[0.0041100941598415375, 0.0038937071803957224, 0.0038659595884382725, 0.003682668088003993, 0.003241067286580801]"
4b9dca41b71f3215dd4fd59aee79d3b7.jpg,E:\study\DoAnPython\project\data\raw\train_images\4b9dca41b71f3215dd4fd59aee79d3b7.jpg,..\data\processed\yolo_sahi_crop_classifier\crops\000823_4b9dca41b71f3215dd4fd59aee79d3b7.jpg,4081219855,110,110,640,640,person,0.9135206341743469,2,False,1918908464,0.006609372328966856,1918908464,0.3240283139748499,False,"[""1918908464"", ""1240444909"", ""3586500603"", ""3361632985"", ""77254707""]","[0.006609372328966856, 0.005093028768897057, 0.004228880628943443, 0.004217242822051048, 0.0041947755962610245]"
de3948d7cc2534c4c94215964c3c465b.jpg,E:\study\DoAnPython\project\data\raw\train_images\de3948d7cc2534c4c94215964c3c465b.jpg,..\data\processed\yolo_sahi_crop_classifier\crops\000985_de3948d7cc2534c4c94215964c3c465b.jpg,3351641888,394,0,864,523,cell phone,0.26000523567199707,4,False,3361632985,0.004693753086030483,3361632985,0.09405277199111878,False,"[""3361632985"", ""3113678103"", ""2291561916"", ""3710262094"", ""3156823611""]","[0.004693753086030483, 0.00409806938841939, 0.003986489027738571, 0.0037061015609651804, 0.00357114989310503]"
1dc33cd87b4ea7732271dd4c221a0111.jpg,E:\study\DoAnPython\project\data\raw\train_images\1dc33cd87b4ea7732271dd4c221a0111.jpg,..\data\processed\yolo_sahi_crop_classifier\crops\000816_1dc33cd87b4ea7732271dd4c221a0111.jpg,3561228541,0,474,229,513,cake,0.338135302066803,4,False,1733221456,0.006243023555725813,1733221456,0.12240532103460282,False,"[""1733221456"", ""3027798817"", ""994676122"", ""871679006"", ""3361632985""]","[0.006243023555725813, 0.006115850526839495, 0.004261706955730915, 0.004165541380643845, 0.004132450092583895]"
e6bf4f0ca1b18872023fe2cb65670f75.jpg,E:\study\DoAnPython\project\data\raw\train_images\e6bf4f0ca1b18872023fe2cb65670f75.jpg,..\data\processed\yolo_sahi_crop_classifier\crops\000086_e6bf4f0ca1b18872023fe2cb65670f75.jpg,3156637582,100,117,435,428,cup,0.5326817631721497,2,False,2101072117,0.0034892759285867214,2101072117,0.18870664646383373,False,"[""2101072117"", ""2937525435"", ""3361632985"", ""3710262094"", ""3814390525""]","[0.0034892759285867214, 0.003339156275615096, 0.003285499755293131, 0.0032787651289254427, 0.0031980774365365505]"
eb66d39daaf7ef264d427e1d0e670eff.jpg,E:\study\DoAnPython\project\data\raw\train_images\eb66d39daaf7ef264d427e1d0e670eff.jpg,..\data\processed\yolo_sahi_crop_classifier\crops\000432_eb66d39daaf7ef264d427e1d0e670eff.jpg,4189236082,256,301,681,777,book,0.35256022214889526,4,False,3814390525,0.005455485079437494,3814390525,0.1269421430537477,False,"[""3814390525"", ""2937525435"", ""2291561916"", ""4189236082"", ""3299506042""]","[0.005455485079437494, 0.0040733288042247295, 0.0039974842220544815, 0.0034252970945090055, 0.003340967698022723]"
e0920810fb8766ed295ece3e5c3506f0.jpg,E:\study\DoAnPython\project\data\raw\train_images\e0920810fb8766ed295ece3e5c3506f0.jpg,..\data\processed\yolo_sahi_crop_classifier\crops\000184_e0920810fb8766ed295ece3e5c3506f0.jpg,3700726792,190,29,399,586,vase,0.3922438323497772,1,False,4116469576,0.004186307545751333,4116469576,0.14000644122716038,False,"[""4116469576"", ""3761816493"", ""1733221456"", ""2101072117"", ""2291561916""]","[0.004186307545751333, 0.0037809342611581087, 0.0037345648743212223, 0.0035696113482117653, 0.003502028062939644]"
bd15714c768f95ec7f9b36ea1ea44482.jpg,E:\study\DoAnPython\project\data\raw\train_images\bd15714c768f95ec7f9b36ea1ea44482.jpg,..\data\processed\yolo_sahi_crop_classifier\crops\000978_bd15714c768f95ec7f9b36ea1ea44482.jpg,571810386,26,95,381,464,suitcase,0.6895732879638672,3,False,4008739863,0.0025420980527997017,4008739863,0.2430030145216733,False,"[""4008739863"", ""1918908464"", ""77254707"", ""1240444909"", ""465521228""]","[0.0025420980527997017, 0.0025313389487564564, 0.0024571202229708433, 0.002420301316305995, 0.002332567237317562]"
b0fc18946dd11e6e2d84d60300dd6178.jpg,E:\study\DoAnPython\project\data\raw\train_images\b0fc18946dd11e6e2d84d60300dd6178.jpg,..\data\processed\yolo_sahi_crop_classifier\crops\000534_b0fc18946dd11e6e2d84d60300dd6178.jpg,98063691,0,223,329,771,snowboard,0.6673945784568787,8,False,3361632985,0.005993381608277559,3361632985,0.23748380050528795,False,"[""3361632985"", ""1240444909"", ""1733221456"", ""1912390233"", ""2326988215""]","[0.005993381608277559, 0.004239712841808796, 0.003211397910490632, 0.003066874109208584, 0.0027380320243537426]"
edb1e18b19dacfeb2dd3c9b762034e8f.jpg,E:\study\DoAnPython\project\data\raw\train_images\edb1e18b19dacfeb2dd3c9b762034e8f.jpg,..\data\processed\yolo_sahi_crop_classifier\crops\000294_edb1e18b19dacfeb2dd3c9b762034e8f.jpg,2582032586,116,55,525,528,teddy bear,0.8844090104103088,8,False,2889788417,0.0023238176945596933,2889788417,0.3110536351450719,False,"[""2889788417"", ""3096249186"", ""3275397345"", ""2843883548"", ""1628981671""]","[0.0023238176945596933, 0.002286389237269759, 0.0021583479829132557, 0.002151785884052515, 0.0021319868974387646]"
a4c84257f73e024a9f24131149f0df76.jpg,E:\study\DoAnPython\project\data\raw\train_images\a4c84257f73e024a9f24131149f0df76.jpg,..\data\processed\yolo_sahi_crop_classifier\crops\000892_a4c84257f73e024a9f24131149f0df76.jpg,540661131,340,50,516,529,refrigerator,0.7308036684989929,1,False,3114081100,0.0027454185765236616,3114081100,0.2575658060493879,False,"[""3114081100"", ""4186270168"", ""1163569239"", ""1227793457"", ""738918951""]","[0.0027454185765236616, 0.002634744392707944, 0.002557035069912672, 0.0025286097079515457, 0.0023107698652893305]"
d5f4a300f110242763985adf80e92326.jpg,E:\study\DoAnPython\project\data\raw\train_images\d5f4a300f110242763985adf80e92326.jpg,..\data\processed\yolo_sahi_crop_classifier\crops\000425_d5f4a300f110242763985adf80e92326.jpg,3155105749,7,116,305,640,person,0.8730901479721069,2,False,1733221456,0.004486241843551397,1733221456,0.3084976089885458,False,"[""1733221456"", ""2291561916"", ""3299506042"", ""1240444909"", ""1918908464""]","[0.004486241843551397, 0.003610142506659031, 0.003315566573292017, 0.0032720323652029037, 0.003023072611540556]"
ea74fc1f80359c7767618214af1731c6.jpg,E:\study\DoAnPython\project\data\raw\train_images\ea74fc1f80359c7767618214af1731c6.jpg,..\data\processed\yolo_sahi_crop_classifier\crops\000713_ea74fc1f80359c7767618214af1731c6.jpg,4189236082,118,112,500,567,book,0.5119937658309937,2,False,3814390525,0.007849102839827538,3814390525,0.18429973488673568,False,"[""3814390525"", ""2937525435"", ""3299506042"", ""4008739863"", ""1733221456""]","[0.007849102839827538, 0.005901883356273174, 0.004024434834718704, 0.0036878474056720734, 0.003639298491179943]"
b6b7dc77f695e2239c6fd1df3d385bf8.jpg,E:\study\DoAnPython\project\data\raw\train_images\b6b7dc77f695e2239c6fd1df3d385bf8.jpg,..\data\processed\yolo_sahi_crop_classifier\crops\000260_b6b7dc77f695e2239c6fd1df3d385bf8.jpg,2602613399,0,0,505,505,full_image,0.0,0,True,2602613399,0.004656457807868719,2602613399,0.0030266975751146673,False,"[""2602613399"", ""4116469576"", ""3299506042"", ""2879924940"", ""499748380""]","[0.004656457807868719, 0.0032861155923455954, 0.003045314457267523, 0.002702332567423582, 0.0025598229840397835]"
9cce9a844e58e007dc7dc7cc7b742226.jpg,E:\study\DoAnPython\project\data\raw\train_images\9cce9a844e58e007dc7dc7cc7b742226.jpg,..\data\processed\yolo_sahi_crop_classifier\crops\000237_9cce9a844e58e007dc7dc7cc7b742226.jpg,1155758508,223,0,566,531,person,0.8386493921279907,2,False,1662373776,0.0024323230609297752,1662373776,0.2951082972344011,False,"[""1662373776"", ""9079959"", ""1459215305"", ""3306596061"", ""1680934077""]","[0.0024323230609297752, 0.002390368841588497, 0.0022263226564973593, 0.0022145085968077183, 0.0021946527995169163]"
18dcc39a284e327377e3425e5ae7445c.jpg,E:\study\DoAnPython\project\data\raw\train_images\18dcc39a284e327377e3425e5ae7445c.jpg,..\data\processed\yolo_sahi_crop_classifier\crops\000559_18dcc39a284e327377e3425e5ae7445c.jpg,2672555526,183,111,325,242,potted plant,0.8498764038085938,4,False,1733221456,0.004149333573877811,1733221456,0.3001538081560284,False,"[""1733221456"", ""3361632985"", ""871679006"", ""1091404026"", ""3299506042""]","[0.004149333573877811, 0.0029237743001431227, 0.002554727718234062, 0.002495378954336047, 0.0024947687052190304]"
c739a327dbeca472089a5195e898cce4.jpg,E:\study\DoAnPython\project\data\raw\train_images\c739a327dbeca472089a5195e898cce4.jpg,..\data\processed\yolo_sahi_crop_classifier\crops\000583_c739a327dbeca472089a5195e898cce4.jpg,3717044186,144,0,623,733,suitcase,0.51529860496521,2,False,3717044186,0.0034061705227941275,3717044186,0.18256852257763964,False,"[""3717044186"", ""1033589203"", ""3299506042"", ""3710262094"", ""1733221456""]","[0.0034061705227941275, 0.003266576211899519, 0.0028490577824413776, 0.0028106318786740303, 0.002743926364928484]"
b1bf88c905383152e4a059f6194957c0.jpg,E:\study\DoAnPython\project\data\raw\train_images\b1bf88c905383152e4a059f6194957c0.jpg,..\data\processed\yolo_sahi_crop_classifier\crops\000445_b1bf88c905383152e4a059f6194957c0.jpg,1435072110,504,515,740,932,fork,0.2821173667907715,1,False,2650913957,0.002959245815873146,2650913957,0.10066458815708756,False,"[""2650913957"", ""2558633431"", ""159351600"", ""3361632985"", ""2557300142""]","[0.002959245815873146, 0.0025453632697463036, 0.0023329579271376133, 0.0023030892480164766, 0.0022013275884091854]"
6f91157b1ea5223b392c4976f23db112.jpg,E:\study\DoAnPython\project\data\raw\train_images\6f91157b1ea5223b392c4976f23db112.jpg,..\data\processed\yolo_sahi_crop_classifier\crops\000867_6f91157b1ea5223b392c4976f23db112.jpg,998735098,242,130,471,363,book,0.46013495326042175,2,False,1240444909,0.0030303029343485832,1240444909,0.16301693054847416,False,"[""1240444909"", ""3710262094"", ""2291561916"", ""1733221456"", ""1091404026""]","[0.0030303029343485832, 0.00289289653301239, 0.0028650418389588594, 0.002841186011210084, 0.002803727285936475]"
0944b6877ac64b61703ed325f3a892bd.jpg,E:\study\DoAnPython\project\data\raw\train_images\0944b6877ac64b61703ed325f3a892bd.jpg,..\data\processed\yolo_sahi_crop_classifier\crops\000800_0944b6877ac64b61703ed325f3a892bd.jpg,23704672,0,0,294,530,bottle,0.8924400210380554,2,False,3361632985,0.0027802425902336836,3361632985,0.3141611650469713,False,"[""3361632985"", ""2937525435"", ""159351600"", ""1696983102"", ""3569479734""]","[0.0027802425902336836, 0.002406272105872631, 0.00231521506793797, 0.0022150708828121424, 0.002168507780879736]"
c1612c6223fcbc8c4d6545184fec8956.jpg,E:\study\DoAnPython\project\data\raw\train_images\c1612c6223fcbc8c4d6545184fec8956.jpg,..\data\processed\yolo_sahi_crop_classifier\crops\000599_c1612c6223fcbc8c4d6545184fec8956.jpg,1043649521,187,342,354,612,person,0.6946966648101807,1,False,3602809108,0.0020414507016539574,3602809108,0.2444707756396383,False,"[""3602809108"", ""1696983102"", ""2599895504"", ""283975355"", ""77254707""]","[0.0020414507016539574, 0.0019842758774757385, 0.001966157229617238, 0.0019642875995486975, 0.001948129152879119]"
846b2d90b4e438576e5bd5cd538e9311.jpg,E:\study\DoAnPython\project\data\raw\train_images\846b2d90b4e438576e5bd5cd538e9311.jpg,..\data\processed\yolo_sahi_crop_classifier\crops\000849_846b2d90b4e438576e5bd5cd538e9311.jpg,2915172498,0,0,500,500,full_image,0.0,0,True,3814390525,0.005191151984035969,3814390525,0.00337424878962338,False,"[""3814390525"", ""2937525435"", ""1733221456"", ""1918908464"", ""3361632985""]","[0.005191151984035969, 0.004753954708576202, 0.004740831442177296, 0.004294242709875107, 0.004066860303282738]"
712eb5ab71d02133b694d7f04339f49d.jpg,E:\study\DoAnPython\project\data\raw\train_images\712eb5ab71d02133b694d7f04339f49d.jpg,..\data\processed\yolo_sahi_crop_classifier\crops\000265_712eb5ab71d02133b694d7f04339f49d.jpg,3475174996,203,269,411,800,tie,0.8523306846618652,9,False,3148564164,0.0021458629053086042,3148564164,0.2997105505201034,False,"[""3148564164"", ""1729454608"", ""1091404026"", ""3156823611"", ""2326988215""]","[0.0021458629053086042, 0.002133506117388606, 0.0021095992997288704, 0.001979284221306443, 0.001951852929778397]"
9ef0f1c42639c3084a311afa31bacff2.jpg,E:\study\DoAnPython\project\data\raw\train_images\9ef0f1c42639c3084a311afa31bacff2.jpg,..\data\processed\yolo_sahi_crop_classifier\crops\000995_9ef0f1c42639c3084a311afa31bacff2.jpg,689574692,8,180,179,470,bottle,0.5139285922050476,5,False,3814390525,0.005185210611671209,3814390525,0.18324539416935293,False,"[""3814390525"", ""3361632985"", ""3299506042"", ""2937525435"", ""1785253130""]","[0.005185210611671209, 0.005163887515664101, 0.00464834226295352, 0.004521926399320364, 0.004460530821233988]"
790377e287d0a26e23422ad99193e75d.jpg,E:\study\DoAnPython\project\data\raw\train_images\790377e287d0a26e23422ad99193e75d.jpg,..\data\processed\yolo_sahi_crop_classifier\crops\000529_790377e287d0a26e23422ad99193e75d.jpg,584321400,39,305,396,554,cake,0.8478339314460754,3,False,2291561916,0.003855697577819228,2291561916,0.2992480794317089,False,"[""2291561916"", ""159351600"", ""3361632985"", ""3027798817"", ""1733221456""]","[0.003855697577819228, 0.0035339542664587498, 0.0034052361734211445, 0.0033129462972283363, 0.003268738044425845]"
ed44a3b145e4cc50229522e15b5323af.jpg,E:\study\DoAnPython\project\data\raw\train_images\ed44a3b145e4cc50229522e15b5323af.jpg,..\data\processed\yolo_sahi_crop_classifier\crops\000055_ed44a3b145e4cc50229522e15b5323af.jpg,2304809467,118,7,768,1024,person,0.900593638420105,8,False,1918908464,0.005035638343542814,1918908464,0.31848093837033953,False,"[""1918908464"", ""3361632985"", ""51422340"", ""1680934077"", ""1733221456""]","[0.005035638343542814, 0.004575443919748068, 0.004560424014925957, 0.004424674436450005, 0.0038865909446030855]"
bb77d7919f22caeee99537f355e3d70f.jpg,E:\study\DoAnPython\project\data\raw\train_images\bb77d7919f22caeee99537f355e3d70f.jpg,..\data\processed\yolo_sahi_crop_classifier\crops\000120_bb77d7919f22caeee99537f355e3d70f.jpg,3177197131,298,0,640,500,book,0.4030502438545227,3,False,3361632985,0.014368279837071896,3361632985,0.15040696724317965,False,"[""3361632985"", ""1733221456"", ""3814390525"", ""2291561916"", ""2518689634""]","[0.014368279837071896, 0.011318407952785492, 0.009878390468657017, 0.008416731841862202, 0.008296234533190727]"
74335fbf0add9f18dfec55832cb4b7b7.jpg,E:\study\DoAnPython\project\data\raw\train_images\74335fbf0add9f18dfec55832cb4b7b7.jpg,..\data\processed\yolo_sahi_crop_classifier\crops\000215_74335fbf0add9f18dfec55832cb4b7b7.jpg,2937525435,113,0,515,640,refrigerator,0.5165737867355347,2,False,2937525435,0.008549588732421398,2937525435,0.18635805803351105,False,"[""2937525435"", ""3299506042"", ""1733221456"", ""3361632985"", ""3814390525""]","[0.008549588732421398, 0.006147093139588833, 0.0061207907274365425, 0.0055130962282419205, 0.00547346705570817]"
bcdd8c9453e041a5cefbb156b7034631.jpg,E:\study\DoAnPython\project\data\raw\train_images\bcdd8c9453e041a5cefbb156b7034631.jpg,..\data\processed\yolo_sahi_crop_classifier\crops\000025_bcdd8c9453e041a5cefbb156b7034631.jpg,3813608589,238,132,558,800,vase,0.6381121277809143,2,False,2291561916,0.0063807605765759945,2291561916,0.2274867390980944,False,"[""2291561916"", ""1240444909"", ""3814390525"", ""3361632985"", ""1733221456""]","[0.0063807605765759945, 0.005828036926686764, 0.005754582583904266, 0.005221569910645485, 0.004675761796534061]"
ad51bf639108fec708a818e1a77b3f05.jpg,E:\study\DoAnPython\project\data\raw\train_images\ad51bf639108fec708a818e1a77b3f05.jpg,..\data\processed\yolo_sahi_crop_classifier\crops\000072_ad51bf639108fec708a818e1a77b3f05.jpg,3351968689,34,277,529,612,baseball glove,0.5765501260757446,2,False,2291561916,0.00414546113461256,2291561916,0.20448709386400876,False,"[""2291561916"", ""1664178674"", ""3814390525"", ""3361632985"", ""3299506042""]","[0.00414546113461256, 0.003984261304140091, 0.003856276161968708, 0.003612993285059929, 0.003251315327361226]"
785846bae09c8f0c438610a3db9d84c8.jpg,E:\study\DoAnPython\project\data\raw\train_images\785846bae09c8f0c438610a3db9d84c8.jpg,..\data\processed\yolo_sahi_crop_classifier\crops\000044_785846bae09c8f0c438610a3db9d84c8.jpg,2245243745,0,269,528,800,dining table,0.2914206087589264,5,False,3814390525,0.006109633482992649,3814390525,0.10596847482956945,False,"[""3814390525"", ""1733221456"", ""4116469576"", ""1163569239"", ""1918908464""]","[0.006109633482992649, 0.005134783685207367, 0.004488832782953978, 0.004270683508366346, 0.004224569536745548]"
084f1e006b4493a566a21dc68e13676b.jpg,E:\study\DoAnPython\project\data\raw\train_images\084f1e006b4493a566a21dc68e13676b.jpg,..\data\processed\yolo_sahi_crop_classifier\crops\000247_084f1e006b4493a566a21dc68e13676b.jpg,871679006,402,501,632,835,potted plant,0.8126218914985657,13,False,3351860123,0.0021617943421006203,3351860123,0.2858228283468634,False,"[""3351860123"", ""3565023295"", ""3156823611"", ""871679006"", ""1897162085""]","[0.0021617943421006203, 0.0020184938330203295, 0.0019512997241690755, 0.0018823144491761923, 0.001873436733148992]"
701b672a2e915693b7d8b3c83331e10e.jpg,E:\study\DoAnPython\project\data\raw\train_images\701b672a2e915693b7d8b3c83331e10e.jpg,..\data\processed\yolo_sahi_crop_classifier\crops\000721_701b672a2e915693b7d8b3c83331e10e.jpg,226461911,356,4,800,800,person,0.8446641564369202,7,False,3361632985,0.004562645219266415,3361632985,0.2985981741454452,False,"[""3361632985"", ""3586500603"", ""159351600"", ""3814390525"", ""1785253130""]","[0.004562645219266415, 0.003707446390762925, 0.0030560295563191175, 0.0029297422152012587, 0.002723853336647153]"
ff8c51ae2b910bbd5b185932fafd81d5.jpg,E:\study\DoAnPython\project\data\raw\train_images\ff8c51ae2b910bbd5b185932fafd81d5.jpg,..\data\processed\yolo_sahi_crop_classifier\crops\000281_ff8c51ae2b910bbd5b185932fafd81d5.jpg,4230940845,503,250,796,521,bowl,0.5572060942649841,7,False,3027798817,0.00938036572188139,3027798817,0.20111937071196734,False,"[""3027798817"", ""3299506042"", ""3361632985"", ""1733221456"", ""3814390525""]","[0.00938036572188139, 0.008543559350073338, 0.007979776710271835, 0.007069326471537352, 0.0060373577289283276]"
30aa86e486c57783a85a97165b42dbac.jpg,E:\study\DoAnPython\project\data\raw\train_images\30aa86e486c57783a85a97165b42dbac.jpg,..\data\processed\yolo_sahi_crop_classifier\crops\000893_30aa86e486c57783a85a97165b42dbac.jpg,1642169802,168,184,700,700,bed,0.4210283160209656,3,False,3361632985,0.006634539924561977,3361632985,0.15167236155830321,False,"[""3361632985"", ""1733221456"", ""4290057653"", ""1696983102"", ""1664178674""]","[0.006634539924561977, 0.006265831179916859, 0.004338177852332592, 0.0036943876184523106, 0.0036556702107191086]"
cf54df50664ab35bade8b25f13e90957.jpg,E:\study\DoAnPython\project\data\raw\train_images\cf54df50664ab35bade8b25f13e90957.jpg,..\data\processed\yolo_sahi_crop_classifier\crops\000914_cf54df50664ab35bade8b25f13e90957.jpg,193305108,370,69,600,600,person,0.7964739203453064,5,False,3361632985,0.0054860422387719154,3361632985,0.282331799576059,False,"[""3361632985"", ""1664178674"", ""2599895504"", ""1696983102"", ""159351600""]","[0.0054860422387719154, 0.0030765484552830458, 0.003030558582395315, 0.0030095812398940325, 0.0030068194027990103]"
b1399c8e9e303baf27e16eee1e7f3abf.jpg,E:\study\DoAnPython\project\data\raw\train_images\b1399c8e9e303baf27e16eee1e7f3abf.jpg,..\data\processed\yolo_sahi_crop_classifier\crops\000810_b1399c8e9e303baf27e16eee1e7f3abf.jpg,3557276678,0,0,640,640,full_image,0.0,0,True,709353370,0.004742305725812912,709353370,0.003082498721778393,False,"[""709353370"", ""3361632985"", ""3113678103"", ""1240444909"", ""1664178674""]","[0.004742305725812912, 0.003960996866226196, 0.003836538176983595, 0.003615605179220438, 0.003491885494440794]"
faa7c6ba74edab6c6245f3cc543b715a.jpg,E:\study\DoAnPython\project\data\raw\train_images\faa7c6ba74edab6c6245f3cc543b715a.jpg,..\data\processed\yolo_sahi_crop_classifier\crops\000244_faa7c6ba74edab6c6245f3cc543b715a.jpg,1520676304,220,26,416,529,person,0.7655539512634277,3,False,1918908464,0.002883763751015067,1918908464,0.2698183293803595,False,"[""1918908464"", ""1733221456"", ""3768186621"", ""3306596061"", ""3641991970""]","[0.002883763751015067, 0.002437894931063056, 0.0023674117401242256, 0.002235500607639551, 0.002225011121481657]"
b51566ea7dabbf7c06dc547fd9f9a8da.jpg,E:\study\DoAnPython\project\data\raw\train_images\b51566ea7dabbf7c06dc547fd9f9a8da.jpg,..\data\processed\yolo_sahi_crop_classifier\crops\000822_b51566ea7dabbf7c06dc547fd9f9a8da.jpg,1610428091,648,504,1024,750,cell phone,0.686618983745575,5,False,1733221456,0.0028283356223255396,1733221456,0.2421550624654628,False,"[""1733221456"", ""1918908464"", ""3361632985"", ""4008739863"", ""3181737058""]","[0.0028283356223255396, 0.002784925512969494, 0.0027480372227728367, 0.002470661886036396, 0.0023398210760205984]"
d34925cc5af9326b24285be2885953e7.jpg,E:\study\DoAnPython\project\data\raw\train_images\d34925cc5af9326b24285be2885953e7.jpg,..\data\processed\yolo_sahi_crop_classifier\crops\000321_d34925cc5af9326b24285be2885953e7.jpg,2511800392,0,0,233,233,full_image,0.0,0,True,3710262094,0.005756435450166464,3710262094,0.0037416830426082017,False,"[""3710262094"", ""2291561916"", ""1733221456"", ""3361632985"", ""1680934077""]","[0.005756435450166464, 0.004357123281806707, 0.004173602443188429, 0.004122623708099127, 0.0039058111142367125]"
9c7c7c71546d51de53f5cdb4e1724957.jpg,E:\study\DoAnPython\project\data\raw\train_images\9c7c7c71546d51de53f5cdb4e1724957.jpg,..\data\processed\yolo_sahi_crop_classifier\crops\000643_9c7c7c71546d51de53f5cdb4e1724957.jpg,3627744656,407,39,536,318,bottle,0.704133927822113,9,False,1733221456,0.006368330214172602,1733221456,0.2505862893769517,False,"[""1733221456"", ""3299506042"", ""1163569239"", ""2101072117"", ""1680934077""]","[0.006368330214172602, 0.006214785389602184, 0.004664619453251362, 0.004464805591851473, 0.004369412548840046]"
764e6f5c14ee0cc5d1666517cfd2c7ac.jpg,E:\study\DoAnPython\project\data\raw\train_images\764e6f5c14ee0cc5d1666517cfd2c7ac.jpg,..\data\processed\yolo_sahi_crop_classifier\crops\000158_764e6f5c14ee0cc5d1666517cfd2c7ac.jpg,3708631924,185,418,283,510,potted plant,0.8635005354881287,2,False,1733221456,0.002462781732901931,1733221456,0.3038259955472313,False,"[""1733221456"", ""3105935071"", ""1680934077"", ""3166170968"", ""3027798817""]","[0.002462781732901931, 0.0021918858401477337, 0.0021717455238103867, 0.0019851718097925186, 0.001979618100449443]"
823de2396ee5be6c81fb46fa34dfd41f.jpg,E:\study\DoAnPython\project\data\raw\train_images\823de2396ee5be6c81fb46fa34dfd41f.jpg,..\data\processed\yolo_sahi_crop_classifier\crops\000977_823de2396ee5be6c81fb46fa34dfd41f.jpg,1964107584,284,413,505,649,scissors,0.5166171193122864,4,False,1733221456,0.004272109363228083,1733221456,0.18359286284539847,False,"[""1733221456"", ""1729454608"", ""2291561916"", ""3586500603"", ""2711633818""]","[0.004272109363228083, 0.0041574034839868546, 0.004109891597181559, 0.004064359236508608, 0.004010342992842197]"
41877aacaf89fbed33f8fef9eccbcd22.jpg,E:\study\DoAnPython\project\data\raw\train_images\41877aacaf89fbed33f8fef9eccbcd22.jpg,..\data\processed\yolo_sahi_crop_classifier\crops\000429_41877aacaf89fbed33f8fef9eccbcd22.jpg,821583868,218,64,750,526,surfboard,0.644024670124054,4,False,1733221456,0.006895338650792837,1733221456,0.2298906046664342,False,"[""1733221456"", ""3027798817"", ""1680934077"", ""2291561916"", ""3299506042""]","[0.006895338650792837, 0.004823020193725824, 0.004005273338407278, 0.0038370920810848475, 0.0038030243013054132]"
65e127d8c3bf1125247a23423fa3829e.jpg,E:\study\DoAnPython\project\data\raw\train_images\65e127d8c3bf1125247a23423fa3829e.jpg,..\data\processed\yolo_sahi_crop_classifier\crops\000941_65e127d8c3bf1125247a23423fa3829e.jpg,2252321213,0,0,1000,1000,full_image,0.0,0,True,2937525435,0.0032359908800572157,2937525435,0.00210339407203719,False,"[""2937525435"", ""1733221456"", ""1680934077"", ""2379738292"", ""728791874""]","[0.0032359908800572157, 0.0031092765275388956, 0.002621950814500451, 0.002474319189786911, 0.0024101855233311653]"
dc504339c3855b7d8ea7226a4584497f.jpg,E:\study\DoAnPython\project\data\raw\train_images\dc504339c3855b7d8ea7226a4584497f.jpg,..\data\processed\yolo_sahi_crop_classifier\crops\000462_dc504339c3855b7d8ea7226a4584497f.jpg,2091049617,300,336,323,407,carrot,0.26489877700805664,1,False,1733221456,0.003782808082178235,1733221456,0.09517339720623567,False,"[""1733221456"", ""3299506042"", ""159351600"", ""1760423056"", ""1163569239""]","[0.003782808082178235, 0.003107777563855052, 0.00290477741509676, 0.0028098104521632195, 0.0027782481629401445]"
44927ac2cb3a11aeee2036972d3910b3.jpg,E:\study\DoAnPython\project\data\raw\train_images\44927ac2cb3a11aeee2036972d3910b3.jpg,..\data\processed\yolo_sahi_crop_classifier\crops\000309_44927ac2cb3a11aeee2036972d3910b3.jpg,1673452847,420,201,640,528,fire hydrant,0.7343117594718933,2,False,709353370,0.002779299858957529,709353370,0.25881566072348505,False,"[""709353370"", ""1918908464"", ""3761816493"", ""3710262094"", ""3489758020""]","[0.002779299858957529, 0.0027181573677808046, 0.0026075737550854683, 0.0024266145192086697, 0.002401186851784587]"
5e00826070c5b12c72bef31499d179aa.jpg,E:\study\DoAnPython\project\data\raw\train_images\5e00826070c5b12c72bef31499d179aa.jpg,..\data\processed\yolo_sahi_crop_classifier\crops\000697_5e00826070c5b12c72bef31499d179aa.jpg,3097344893,659,294,1012,520,scissors,0.48985958099365234,3,False,1733221456,0.006356962490826845,1733221456,0.17558287896681576,False,"[""1733221456"", ""3361632985"", ""1664178674"", ""3027798817"", ""3586500603""]","[0.006356962490826845, 0.005919488612562418, 0.005093020386993885, 0.004088989458978176, 0.0039009067695587873]"
08b688dee042bd64067f2f6748097478.jpg,E:\study\DoAnPython\project\data\raw\train_images\08b688dee042bd64067f2f6748097478.jpg,..\data\processed\yolo_sahi_crop_classifier\crops\000060_08b688dee042bd64067f2f6748097478.jpg,3211692097,807,727,956,877,clock,0.7475554943084717,2,False,4195021957,0.0037528539542108774,4195021957,0.26408377807820216,False,"[""4195021957"", ""159351600"", ""638958754"", ""3092902997"", ""2965905328""]","[0.0037528539542108774, 0.0035579975228756666, 0.0030378166120499372, 0.0028949545230716467, 0.0027416220400482416]"
4ec303c52a6f447e98b275ccd1247243.jpg,E:\study\DoAnPython\project\data\raw\train_images\4ec303c52a6f447e98b275ccd1247243.jpg,..\data\processed\yolo_sahi_crop_classifier\crops\000884_4ec303c52a6f447e98b275ccd1247243.jpg,2426743375,0,0,124,125,stop sign,0.9652156233787537,1,False,1474448570,0.0029441332444548607,1474448570,0.33973915479145944,False,"[""1474448570"", ""1733221456"", ""2565533507"", ""3351860123"", ""2518689634""]","[0.0029441332444548607, 0.0028637172654271126, 0.002731928601861, 0.0026798658072948456, 0.0026547994930297136]"
089430cf2c63921bbc6b8be0c559a35d.jpg,E:\study\DoAnPython\project\data\raw\train_images\089430cf2c63921bbc6b8be0c559a35d.jpg,..\data\processed\yolo_sahi_crop_classifier\crops\000595_089430cf2c63921bbc6b8be0c559a35d.jpg,1657244333,0,391,633,640,book,0.3912244439125061,2,False,1733221456,0.004168358165770769,1733221456,0.1396379881771281,False,"[""1733221456"", ""3299506042"", ""2937525435"", ""3814390525"", ""1550813244""]","[0.004168358165770769, 0.0040291594341397285, 0.003645113669335842, 0.00278608500957489, 0.002761811949312687]"
9582b7a8fc9b519a6a9d47d89fdd982d.jpg,E:\study\DoAnPython\project\data\raw\train_images\9582b7a8fc9b519a6a9d47d89fdd982d.jpg,..\data\processed\yolo_sahi_crop_classifier\crops\000767_9582b7a8fc9b519a6a9d47d89fdd982d.jpg,2798888215,0,98,193,442,person,0.642190158367157,2,False,1918908464,0.006199246738106012,1918908464,0.22879606580827383,False,"[""1918908464"", ""3299506042"", ""3814390525"", ""3361632985"", ""1091404026""]","[0.006199246738106012, 0.005896918475627899, 0.00574026582762599, 0.005374233704060316, 0.005341117735952139]"
30b9b01b90efe01d588acce86a9baae3.jpg,E:\study\DoAnPython\project\data\raw\train_images\30b9b01b90efe01d588acce86a9baae3.jpg,..\data\processed\yolo_sahi_crop_classifier\crops\000649_30b9b01b90efe01d588acce86a9baae3.jpg,75317638,395,502,800,817,scissors,0.8582174777984619,5,False,3027798817,0.00523312808945775,3027798817,0.3037776504876092,False,"[""3027798817"", ""1733221456"", ""1664178674"", ""51422340"", ""1240444909""]","[0.00523312808945775, 0.004480839241296053, 0.0041728815995156765, 0.003538219491019845, 0.003536822274327278]"
fded5354e87811c9a902d63a2b5ff2b7.jpg,E:\study\DoAnPython\project\data\raw\train_images\fded5354e87811c9a902d63a2b5ff2b7.jpg,..\data\processed\yolo_sahi_crop_classifier\crops\000650_fded5354e87811c9a902d63a2b5ff2b7.jpg,3909815607,111,112,579,590,suitcase,0.5232335925102234,3,False,3361632985,0.00485959043726325,3361632985,0.18629049116279928,False,"[""3361632985"", ""1918908464"", ""1240444909"", ""1733221456"", ""1664178674""]","[0.00485959043726325, 0.004639469087123871, 0.0038649935740977526, 0.003823082195594907, 0.0037048293743282557]"
dd80c348172821d0348b7c014be97b79.jpg,E:\study\DoAnPython\project\data\raw\train_images\dd80c348172821d0348b7c014be97b79.jpg,..\data\processed\yolo_sahi_crop_classifier\crops\000865_dd80c348172821d0348b7c014be97b79.jpg,2675366031,508,502,658,789,vase,0.7609491944313049,6,False,1733221456,0.007647180464118719,1733221456,0.27130288535263386,False,"[""1733221456"", ""3361632985"", ""3814390525"", ""3586500603"", ""1163569239""]","[0.007647180464118719, 0.005565452855080366, 0.004614170175045729, 0.004308178089559078, 0.004240591078996658]"
92a6509a5c4f728636f66738cc237c75.jpg,E:\study\DoAnPython\project\data\raw\train_images\92a6509a5c4f728636f66738cc237c75.jpg,..\data\processed\yolo_sahi_crop_classifier\crops\000668_92a6509a5c4f728636f66738cc237c75.jpg,742453917,96,137,556,549,cake,0.3037925958633423,1,False,3814390525,0.008421937935054302,3814390525,0.11180166820995509,False,"[""3814390525"", ""159351600"", ""2291561916"", ""1733221456"", ""3361632985""]","[0.008421937935054302, 0.007342128548771143, 0.007210909854620695, 0.0069142794236540794, 0.0062576038762927055]"
14470d6d3e1a4050446c72b30b699503.jpg,E:\study\DoAnPython\project\data\raw\train_images\14470d6d3e1a4050446c72b30b699503.jpg,..\data\processed\yolo_sahi_crop_classifier\crops\000298_14470d6d3e1a4050446c72b30b699503.jpg,2722157527,87,125,910,901,umbrella,0.5471509695053101,6,False,223918561,0.0026918707881122828,223918561,0.1932525553391315,False,"[""223918561"", ""1664178674"", ""1570588813"", ""77254707"", ""3768186621""]","[0.0026918707881122828, 0.0024490549694746733, 0.0022265755105763674, 0.0021719676442444324, 0.002164604375138879]"
61bfc033964a7daf71a4c60df16e68d0.jpg,E:\study\DoAnPython\project\data\raw\train_images\61bfc033964a7daf71a4c60df16e68d0.jpg,..\data\processed\yolo_sahi_crop_classifier\crops\000689_61bfc033964a7daf71a4c60df16e68d0.jpg,1707910864,330,44,499,149,umbrella,0.45845451951026917,2,False,1733221456,0.0032138628885149956,1733221456,0.16254809270612894,False,"[""1733221456"", ""957199633"", ""3205175747"", ""2518689634"", ""3113678103""]","[0.0032138628885149956, 0.002770752180367708, 0.002565553644672036, 0.00253013102337718, 0.002425645710900426]"
deeb1b3f08b9ffe4ee5146c0b8ff2243.jpg,E:\study\DoAnPython\project\data\raw\train_images\deeb1b3f08b9ffe4ee5146c0b8ff2243.jpg,..\data\processed\yolo_sahi_crop_classifier\crops\000314_deeb1b3f08b9ffe4ee5146c0b8ff2243.jpg,260863952,92,102,283,590,bottle,0.4449465274810791,2,False,2291561916,0.005741533357650042,2291561916,0.15946328130085022,False,"[""2291561916"", ""3299506042"", ""1163569239"", ""709353370"", ""2379738292""]","[0.005741533357650042, 0.004541673231869936, 0.004399376455694437, 0.004396858159452677, 0.004343975801020861]"
fdc4d784e13fb0cbf167df23b2e5f89b.jpg,E:\study\DoAnPython\project\data\raw\train_images\fdc4d784e13fb0cbf167df23b2e5f89b.jpg,..\data\processed\yolo_sahi_crop_classifier\crops\000310_fdc4d784e13fb0cbf167df23b2e5f89b.jpg,3874597552,112,0,548,531,person,0.8847342729568481,1,False,1001789326,0.0020228137727826834,1001789326,0.31097182448720556,False,"[""1001789326"", ""3361632985"", ""1563437474"", ""945316771"", ""3105935071""]","[0.0020228137727826834, 0.0018943569157272577, 0.0018834893126040697, 0.0018346187425777316, 0.0018209487898275256]"
af2c445c63ba909e62acd4541002bf5f.jpg,E:\study\DoAnPython\project\data\raw\train_images\af2c445c63ba909e62acd4541002bf5f.jpg,..\data\processed\yolo_sahi_crop_classifier\crops\000361_af2c445c63ba909e62acd4541002bf5f.jpg,3432123075,484,106,640,526,person,0.8785006999969482,10,False,3361632985,0.005975733511149883,3361632985,0.3113594717811793,False,"[""3361632985"", ""1733221456"", ""1664178674"", ""1240444909"", ""3027798817""]","[0.005975733511149883, 0.005269237328320742, 0.004331598524004221, 0.004261129070073366, 0.004001003224402666]"
741bab66e75b79dc2e02f756c3866692.jpg,E:\study\DoAnPython\project\data\raw\train_images\741bab66e75b79dc2e02f756c3866692.jpg,..\data\processed\yolo_sahi_crop_classifier\crops\000479_741bab66e75b79dc2e02f756c3866692.jpg,1571562762,632,183,700,324,potted plant,0.7279036641120911,5,False,724669421,0.001829761196859181,724669421,0.25595562721719034,False,"[""724669421"", ""3565023295"", ""3606158322"", ""3546685478"", ""918308562""]","[0.001829761196859181, 0.0017099035903811455, 0.0017022971296682954, 0.0016864296048879623, 0.00165018648840487]"
7b9a93a5bd54e2d0d02775362d2d2a5e.jpg,E:\study\DoAnPython\project\data\raw\train_images\7b9a93a5bd54e2d0d02775362d2d2a5e.jpg,..\data\processed\yolo_sahi_crop_classifier\crops\000110_7b9a93a5bd54e2d0d02775362d2d2a5e.jpg,2033752485,0,0,600,600,full_image,0.0,0,True,3814390525,0.005068677477538586,3814390525,0.0032946403604000806,False,"[""3814390525"", ""3361632985"", ""2379738292"", ""3299506042"", ""2101072117""]","[0.005068677477538586, 0.00485173100605607, 0.003877557348459959, 0.0038110571913421154, 0.0034540873020887375]"
15294552e32fbde9df0c49543ee162b6.jpg,E:\study\DoAnPython\project\data\raw\train_images\15294552e32fbde9df0c49543ee162b6.jpg,..\data\processed\yolo_sahi_crop_classifier\crops\000989_15294552e32fbde9df0c49543ee162b6.jpg,2889788417,109,0,640,530,cake,0.6116425395011902,16,False,3361632985,0.002921059960499406,3361632985,0.21597357779974116,False,"[""3361632985"", ""1918908464"", ""3814390525"", ""3629753575"", ""1662373776""]","[0.002921059960499406, 0.002439137315377593, 0.002418490592390299, 0.0023727240040898323, 0.0022719979751855135]"
b3f9552e6757503e9e4a4bdd59b01d66.jpg,E:\study\DoAnPython\project\data\raw\train_images\b3f9552e6757503e9e4a4bdd59b01d66.jpg,..\data\processed\yolo_sahi_crop_classifier\crops\000486_b3f9552e6757503e9e4a4bdd59b01d66.jpg,3906476550,20,213,141,335,clock,0.7015638947486877,3,False,871679006,0.005599678494036198,871679006,0.24918715418316423,False,"[""871679006"", ""3586500603"", ""3027798817"", ""3361632985"", ""159351600""]","[0.005599678494036198, 0.005443441215902567, 0.0046790773048996925, 0.004216013476252556, 0.003838544012978673]"
852b167576a74fcfba7f1a999071d7cb.jpg,E:\study\DoAnPython\project\data\raw\train_images\852b167576a74fcfba7f1a999071d7cb.jpg,..\data\processed\yolo_sahi_crop_classifier\crops\000363_852b167576a74fcfba7f1a999071d7cb.jpg,1142038310,326,327,632,633,umbrella,0.9640260934829712,9,False,1397230201,0.0019355252152308822,1397230201,0.33866722410893996,False,"[""1397230201"", ""1033589203"", ""3900306665"", ""2602613399"", ""957199633""]","[0.0019355252152308822, 0.001919358503073454, 0.0018259084317833185, 0.0018196674063801765, 0.0018132816767320037]"
f1042d1908c9a733704c39f1575d040b.jpg,E:\study\DoAnPython\project\data\raw\train_images\f1042d1908c9a733704c39f1575d040b.jpg,..\data\processed\yolo_sahi_crop_classifier\crops\000254_f1042d1908c9a733704c39f1575d040b.jpg,2697778163,585,397,893,784,parking meter,0.6588566303253174,2,False,1664178674,0.004855945706367493,1664178674,0.23375618532299994,False,"[""1664178674"", ""3113678103"", ""2937525435"", ""3299506042"", ""3361632985""]","[0.004855945706367493, 0.004201388452202082, 0.0035378087777644396, 0.0034331984352320433, 0.0032912290189415216]"
e04298b257915cfdbcc5fdf1248e2cd9.jpg,E:\study\DoAnPython\project\data\raw\train_images\e04298b257915cfdbcc5fdf1248e2cd9.jpg,..\data\processed\yolo_sahi_crop_classifier\crops\000259_e04298b257915cfdbcc5fdf1248e2cd9.jpg,166358449,33,430,416,640,person,0.8296050429344177,6,False,3361632985,0.0058769905008375645,3361632985,0.2941818088525906,False,"[""3361632985"", ""1696983102"", ""1733221456"", ""3299506042"", ""1091404026""]","[0.0058769905008375645, 0.005874983966350555, 0.005610887426882982, 0.0042284950613975525, 0.004126077983528376]"
c087811f4d5d73c97114fed240c7d56d.jpg,E:\study\DoAnPython\project\data\raw\train_images\c087811f4d5d73c97114fed240c7d56d.jpg,..\data\processed\yolo_sahi_crop_classifier\crops\000802_c087811f4d5d73c97114fed240c7d56d.jpg,1733221456,203,0,559,522,spoon,0.5219501852989197,3,False,1733221456,0.010661182925105095,1733221456,0.18961233375594017,False,"[""1733221456"", ""3361632985"", ""3027798817"", ""1918908464"", ""2937525435""]","[0.010661182925105095, 0.00437422888353467, 0.0043235719203948975, 0.003514296608045697, 0.0034145591780543327]"
81f45688f5d3079e430b45b740e44b6b.jpg,E:\study\DoAnPython\project\data\raw\train_images\81f45688f5d3079e430b45b740e44b6b.jpg,..\data\processed\yolo_sahi_crop_classifier\crops\000677_81f45688f5d3079e430b45b740e44b6b.jpg,1328017795,270,193,447,636,vase,0.3659230172634125,2,False,2291561916,0.005527110770344734,2291561916,0.13166567804291843,False,"[""2291561916"", ""3299506042"", ""3361632985"", ""2747024747"", ""1091404026""]","[0.005527110770344734, 0.0036327734123915434, 0.0036001168191432953, 0.0035569260362535715, 0.0034515452571213245]"
06b3f3f16b1a435bd46bf23ed3f6fca4.jpg,E:\study\DoAnPython\project\data\raw\train_images\06b3f3f16b1a435bd46bf23ed3f6fca4.jpg,..\data\processed\yolo_sahi_crop_classifier\crops\000494_06b3f3f16b1a435bd46bf23ed3f6fca4.jpg,19273520,162,115,207,374,toothbrush,0.5353359580039978,9,False,1733221456,0.004513601306825876,1733221456,0.19030142615083603,False,"[""1733221456"", ""3814390525"", ""3113678103"", ""3299506042"", ""3900306665""]","[0.004513601306825876, 0.003931008744984865, 0.003729745279997587, 0.0035624101292341948, 0.0034206195268779993]"
65ba53efc3ac525d5e071fdd01d3f1d8.jpg,E:\study\DoAnPython\project\data\raw\train_images\65ba53efc3ac525d5e071fdd01d3f1d8.jpg,..\data\processed\yolo_sahi_crop_classifier\crops\000670_65ba53efc3ac525d5e071fdd01d3f1d8.jpg,75090567,0,0,640,640,full_image,0.0,0,True,3586500603,0.002878735773265362,3586500603,0.0018711782526224852,False,"[""3586500603"", ""878766511"", ""51422340"", ""536463662"", ""3566010337""]","[0.002878735773265362, 0.0022770913783460855, 0.0022058100439608097, 0.002104655373841524, 0.0020965621806681156]"
5df58f1a3575b047fa4061950a882796.jpg,E:\study\DoAnPython\project\data\raw\train_images\5df58f1a3575b047fa4061950a882796.jpg,..\data\processed\yolo_sahi_crop_classifier\crops\000377_5df58f1a3575b047fa4061950a882796.jpg,3275397345,278,230,466,466,person,0.9334433674812317,1,False,3361632985,0.0024751436430960894,3361632985,0.32831402198644355,False,"[""3361632985"", ""378982106"", ""3384883937"", ""195769780"", ""3158431280""]","[0.0024751436430960894, 0.002377509605139494, 0.0022003119811415672, 0.002133770380169153, 0.0020916052162647247]"
8db8764847ae12f531567a4ab8d73340.jpg,E:\study\DoAnPython\project\data\raw\train_images\8db8764847ae12f531567a4ab8d73340.jpg,..\data\processed\yolo_sahi_crop_classifier\crops\000526_8db8764847ae12f531567a4ab8d73340.jpg,3085147105,39,291,526,520,toothbrush,0.5536945462226868,6,False,1733221456,0.002442681696265936,1733221456,0.19538083428051323,False,"[""1733221456"", ""1696983102"", ""3814390525"", ""963181695"", ""3361632985""]","[0.002442681696265936, 0.002393888309597969, 0.002380496822297573, 0.002367674605920911, 0.0023161000572144985]"
7d1cdb0b5b3f38dc785d0bd8b5577481.jpg,E:\study\DoAnPython\project\data\raw\train_images\7d1cdb0b5b3f38dc785d0bd8b5577481.jpg,..\data\processed\yolo_sahi_crop_classifier\crops\000845_7d1cdb0b5b3f38dc785d0bd8b5577481.jpg,497926888,169,313,433,707,person,0.7821393609046936,7,False,1091404026,0.0030735076870769262,1091404026,0.27574655631324274,False,"[""1091404026"", ""3299506042"", ""997220911"", ""3027798817"", ""1163569239""]","[0.0030735076870769262, 0.0030424087308347225, 0.0028829334769397974, 0.0028622616082429886, 0.0028413699474185705]"
39d55d5f7eee46c6c699f39458ef53a2.jpg,E:\study\DoAnPython\project\data\raw\train_images\39d55d5f7eee46c6c699f39458ef53a2.jpg,..\data\processed\yolo_sahi_crop_classifier\crops\000137_39d55d5f7eee46c6c699f39458ef53a2.jpg,878679521,0,0,395,395,full_image,0.0,0,True,1918908464,0.0042404248379170895,1918908464,0.0027562761446461082,False,"[""1918908464"", ""1240444909"", ""1733221456"", ""554411564"", ""1397230201""]","[0.0042404248379170895, 0.004103942774236202, 0.003872338915243745, 0.003274767193943262, 0.0031862526666373014]"
0c345f7affbb9505daa17d286353226e.jpg,E:\study\DoAnPython\project\data\raw\train_images\0c345f7affbb9505daa17d286353226e.jpg,..\data\processed\yolo_sahi_crop_classifier\crops\000355_0c345f7affbb9505daa17d286353226e.jpg,574360295,195,194,570,536,teddy bear,0.4107673168182373,3,False,3586500603,0.00496950838714838,3586500603,0.14699874133802948,False,"[""3586500603"", ""3361632985"", ""1240444909"", ""4290057653"", ""1696983102""]","[0.00496950838714838, 0.0038869567215442657, 0.003669313620775938, 0.003201616695150733, 0.0031639281660318375]"
85fd4c010873ff981324eb84edb40dbf.jpg,E:\study\DoAnPython\project\data\raw\train_images\85fd4c010873ff981324eb84edb40dbf.jpg,..\data\processed\yolo_sahi_crop_classifier\crops\000365_85fd4c010873ff981324eb84edb40dbf.jpg,3489985175,35,501,456,981,person,0.9158545136451721,5,False,3361632985,0.00638674758374691,3361632985,0.3247004657052457,False,"[""3361632985"", ""1680934077"", ""3586500603"", ""159351600"", ""2291561916""]","[0.00638674758374691, 0.005693765357136726, 0.0054690237157046795, 0.005154303275048733, 0.004991127178072929]"
bffcbfc5c94c38952de0c4c091114b3a.jpg,E:\study\DoAnPython\project\data\raw\train_images\bffcbfc5c94c38952de0c4c091114b3a.jpg,..\data\processed\yolo_sahi_crop_classifier\crops\000942_bffcbfc5c94c38952de0c4c091114b3a.jpg,1480080250,149,207,298,498,cup,0.6759144067764282,1,False,2727489300,0.003909764811396599,2727489300,0.23911138949915764,False,"[""2727489300"", ""3814390525"", ""2291561916"", ""1091404026"", ""4008739863""]","[0.003909764811396599, 0.003016896080225706, 0.0029906679410487413, 0.0026927476283162832, 0.0026907450519502163]"
3254397fedbdae173c6773bbea0ac279.jpg,E:\study\DoAnPython\project\data\raw\train_images\3254397fedbdae173c6773bbea0ac279.jpg,..\data\processed\yolo_sahi_crop_classifier\crops\000749_3254397fedbdae173c6773bbea0ac279.jpg,578575602,0,0,359,359,full_image,0.0,0,True,1733221456,0.0038364753127098083,1733221456,0.0024937089532613755,False,"[""1733221456"", ""3361632985"", ""2518689634"", ""1918908464"", ""2291561916""]","[0.0038364753127098083, 0.003573102643713355, 0.0034579222556203604, 0.0032612159848213196, 0.003176047233864665]"
dfb03b81a694a1e269079fdb3964c70d.jpg,E:\study\DoAnPython\project\data\raw\train_images\dfb03b81a694a1e269079fdb3964c70d.jpg,..\data\processed\yolo_sahi_crop_classifier\crops\000948_dfb03b81a694a1e269079fdb3964c70d.jpg,3907876067,147,136,491,617,vase,0.3660641610622406,2,False,3299506042,0.004412409849464893,3299506042,0.13099052277393639,False,"[""3299506042"", ""3092902997"", ""3586500603"", ""2937525435"", ""2291561916""]","[0.004412409849464893, 0.004204569384455681, 0.0037291927728801966, 0.003647231962531805, 0.0034812777303159237]"
584cc2a3204dbb073d96cce27d603193.jpg,E:\study\DoAnPython\project\data\raw\train_images\584cc2a3204dbb073d96cce27d603193.jpg,..\data\processed\yolo_sahi_crop_classifier\crops\000829_584cc2a3204dbb073d96cce27d603193.jpg,1960893869,109,52,638,465,cake,0.5945818424224854,2,False,1664178674,0.013264687731862068,1664178674,0.2167256918735802,False,"[""1664178674"", ""1733221456"", ""3027798817"", ""1240444909"", ""3299506042""]","[0.013264687731862068, 0.008387480862438679, 0.006967834196984768, 0.00507849408313632, 0.004870501346886158]"
8eeddffb20e74840627ab6f00e381e5e.jpg,E:\study\DoAnPython\project\data\raw\train_images\8eeddffb20e74840627ab6f00e381e5e.jpg,..\data\processed\yolo_sahi_crop_classifier\crops\000656_8eeddffb20e74840627ab6f00e381e5e.jpg,2613471603,0,0,900,885,dining table,0.41464152932167053,11,False,3361632985,0.010546394623816013,3361632985,0.15197969176806508,False,"[""3361632985"", ""1733221456"", ""3814390525"", ""1664178674"", ""3710262094""]","[0.010546394623816013, 0.00814457330852747, 0.006597828585654497, 0.006317612249404192, 0.005230808164924383]"
2bf209e2dee7953702eb0510d7e7597b.jpg,E:\study\DoAnPython\project\data\raw\train_images\2bf209e2dee7953702eb0510d7e7597b.jpg,..\data\processed\yolo_sahi_crop_classifier\crops\000199_2bf209e2dee7953702eb0510d7e7597b.jpg,2884803637,2,199,137,525,person,0.8255199790000916,8,False,3361632985,0.005592560861259699,3361632985,0.2925671572098508,False,"[""3361632985"", ""1733221456"", ""1240444909"", ""3027798817"", ""3586500603""]","[0.005592560861259699, 0.004377924837172031, 0.004001058638095856, 0.0038189152255654335, 0.0034818344283849]"
dc7a2864f770085179bf5736cc94888a.jpg,E:\study\DoAnPython\project\data\raw\train_images\dc7a2864f770085179bf5736cc94888a.jpg,..\data\processed\yolo_sahi_crop_classifier\crops\000213_dc7a2864f770085179bf5736cc94888a.jpg,581895357,19,161,498,441,frisbee,0.2869136333465576,1,False,1733221456,0.004795651417225599,1733221456,0.1035369450924918,False,"[""1733221456"", ""709353370"", ""1397230201"", ""1662373776"", ""3814390525""]","[0.004795651417225599, 0.0047441585920751095, 0.003684229450300336, 0.0033051916398108006, 0.0031840249430388212]"
68a15e4ba6cdf3462b6d8512f9fa2b0f.jpg,E:\study\DoAnPython\project\data\raw\train_images\68a15e4ba6cdf3462b6d8512f9fa2b0f.jpg,..\data\processed\yolo_sahi_crop_classifier\crops\000408_68a15e4ba6cdf3462b6d8512f9fa2b0f.jpg,3003147195,0,0,337,640,person,0.8107686638832092,4,False,1662373776,0.0028134859167039394,1662373776,0.28559779820498077,False,"[""1662373776"", ""4286906991"", ""4228787858"", ""3586500603"", ""195769780""]","[0.0028134859167039394, 0.0023469135630875826, 0.002292512683197856, 0.0022606514394283295, 0.0021545870695263147]"
9ae8a4b168ac7e8580f1a84b91efadba.jpg,E:\study\DoAnPython\project\data\raw\train_images\9ae8a4b168ac7e8580f1a84b91efadba.jpg,..\data\processed\yolo_sahi_crop_classifier\crops\000332_9ae8a4b168ac7e8580f1a84b91efadba.jpg,2915337809,604,427,724,773,bottle,0.9115902185440063,12,False,2291561916,0.00917497556656599,2291561916,0.3250203106086701,False,"[""2291561916"", ""2937525435"", ""1733221456"", ""1912390233"", ""3814390525""]","[0.00917497556656599, 0.00646811630576849, 0.005806724540889263, 0.004714172333478928, 0.00440105888992548]"
a4718bee604a948d8a854e74647745ae.jpg,E:\study\DoAnPython\project\data\raw\train_images\a4718bee604a948d8a854e74647745ae.jpg,..\data\processed\yolo_sahi_crop_classifier\crops\000208_a4718bee604a948d8a854e74647745ae.jpg,241987908,86,125,429,491,parking meter,0.2652324438095093,3,False,3361632985,0.00383776449598372,3361632985,0.09532590225571766,False,"[""3361632985"", ""1680934077"", ""3702280160"", ""3586500603"", ""3814390525""]","[0.00383776449598372, 0.002965029561892152, 0.0028713212814182043, 0.002733230357989669, 0.0026107619050890207]"
7a5c24113733365f7f1a0925df415548.jpg,E:\study\DoAnPython\project\data\raw\train_images\7a5c24113733365f7f1a0925df415548.jpg,..\data\processed\yolo_sahi_crop_classifier\crops\000613_7a5c24113733365f7f1a0925df415548.jpg,871931738,122,328,240,482,cell phone,0.7909289002418518,3,False,3900306665,0.0036847929004579782,3900306665,0.2792202304699458,False,"[""3900306665"", ""1918908464"", ""3299506042"", ""709353370"", ""3814390525""]","[0.0036847929004579782, 0.0036831707693636417, 0.003293195040896535, 0.0032724940683692694, 0.003253432922065258]"
acc9193df037d9b5283225143a7ea2cb.jpg,E:\study\DoAnPython\project\data\raw\train_images\acc9193df037d9b5283225143a7ea2cb.jpg,..\data\processed\yolo_sahi_crop_classifier\crops\000078_acc9193df037d9b5283225143a7ea2cb.jpg,673158714,109,0,640,531,person,0.9004156589508057,4,False,3299506042,0.00429904880002141,3299506042,0.31793986235279587,False,"[""3299506042"", ""2937525435"", ""1091404026"", ""3814390525"", ""3027798817""]","[0.00429904880002141, 0.0036845803260803223, 0.003662366885691881, 0.003493731375783682, 0.0034667986910790205]"
