row_id,image,image_path,crop_path,true_label,x1,y1,x2,y2,yolo_label,yolo_class_id,yolo_conf,det_score,used_fallback_full_image,num_detections
0,8c79f5e57737e712428b009f3b811b29.jpg,E:\study\DoAnPython\project\data\raw\train_images\8c79f5e57737e712428b009f3b811b29.jpg,..\data\processed\yolo_sahi_crop_classifier\crops\000000_8c79f5e57737e712428b009f3b811b29.jpg,3829989058,45,184,482,607,toilet,61,0.6231728792190552,0.3884654127448541,False,2
1,5dc0a645807ec85ba540e39ee7a1db04.jpg,E:\study\DoAnPython\project\data\raw\train_images\5dc0a645807ec85ba540e39ee7a1db04.jpg,..\data\processed\yolo_sahi_crop_classifier\crops\000001_5dc0a645807ec85ba540e39ee7a1db04.jpg,2723899357,136,353,368,485,bowl,45,0.44327664375305176,0.13434416465631535,False,3
2,e4647b784f847e807173e9329c748636.jpg,E:\study\DoAnPython\project\data\raw\train_images\e4647b784f847e807173e9329c748636.jpg,..\data\processed\yolo_sahi_crop_classifier\crops\000002_e4647b784f847e807173e9329c748636.jpg,2217561812,22,39,261,440,person,0,0.7846261858940125,0.4525844634056865,False,2
3,9bf9a36b8a4f81ee1f4a0b463799e5b3.jpg,E:\study\DoAnPython\project\data\raw\train_images\9bf9a36b8a4f81ee1f4a0b463799e5b3.jpg,..\data\processed\yolo_sahi_crop_classifier\crops\000003_9bf9a36b8a4f81ee1f4a0b463799e5b3.jpg,424835120,363,84,640,347,scissors,76,0.5731710195541382,0.22862731191961438,False,11
4,5c138e8fccfc7bc6d6e364bd31eb6657.jpg,E:\study\DoAnPython\project\data\raw\train_images\5c138e8fccfc7bc6d6e364bd31eb6657.jpg,..\data\processed\yolo_sahi_crop_classifier\crops\000004_5c138e8fccfc7bc6d6e364bd31eb6657.jpg,66247839,4,31,374,514,teddy bear,77,0.4752323627471924,0.2668150726585417,False,4
5,6419da5ac6f057124626b8260b54a0f0.jpg,E:\study\DoAnPython\project\data\raw\train_images\6419da5ac6f057124626b8260b54a0f0.jpg,..\data\processed\yolo_sahi_crop_classifier\crops\000005_6419da5ac6f057124626b8260b54a0f0.jpg,309172360,0,0,376,376,full_image,-1,0.0,0.0,True,0
6,4f7fac9f8aa6d9fa3616f8dfb1e4834a.jpg,E:\study\DoAnPython\project\data\raw\train_images\4f7fac9f8aa6d9fa3616f8dfb1e4834a.jpg,..\data\processed\yolo_sahi_crop_classifier\crops\000006_4f7fac9f8aa6d9fa3616f8dfb1e4834a.jpg,1385441259,303,183,385,278,orange,49,0.5683921575546265,0.10388129686392707,False,5
7,f949347b7440d3fc716433e61d529709.jpg,E:\study\DoAnPython\project\data\raw\train_images\f949347b7440d3fc716433e61d529709.jpg,..\data\processed\yolo_sahi_crop_classifier\crops\000007_f949347b7440d3fc716433e61d529709.jpg,4152958882,141,213,384,380,scissors,76,0.894622802734375,0.40257701465473184,False,3
8,795c6f8f85e6d8e5894c74f926be37f0.jpg,E:\study\DoAnPython\project\data\raw\train_images\795c6f8f85e6d8e5894c74f926be37f0.jpg,..\data\processed\yolo_sahi_crop_classifier\crops\000008_795c6f8f85e6d8e5894c74f926be37f0.jpg,3637220226,69,119,407,693,parking meter,12,0.6606383919715881,0.3375160747426382,False,1
9,6692b90ed7f593e982e6f9dd3d1f5700.jpg,E:\study\DoAnPython\project\data\raw\train_images\6692b90ed7f593e982e6f9dd3d1f5700.jpg,..\data\processed\yolo_sahi_crop_classifier\crops\000009_6692b90ed7f593e982e6f9dd3d1f5700.jpg,3497969901,331,501,517,837,cell phone,67,0.32215163111686707,0.07330140501419276,False,2
10,c6f0348df531aac39e4a5656d94c44ee.jpg,E:\study\DoAnPython\project\data\raw\train_images\c6f0348df531aac39e4a5656d94c44ee.jpg,..\data\processed\yolo_sahi_crop_classifier\crops\000010_c6f0348df531aac39e4a5656d94c44ee.jpg,2377831355,528,341,657,686,bottle,39,0.9437131881713867,0.2152640382325039,False,8
11,239bc5e698b149134b681cf0a980f766.jpg,E:\study\DoAnPython\project\data\raw\train_images\239bc5e698b149134b681cf0a980f766.jpg,..\data\processed\yolo_sahi_crop_classifier\crops\000011_239bc5e698b149134b681cf0a980f766.jpg,4141124289,0,61,218,387,orange,49,0.7420480251312256,0.4396511432798793,False,2
12,eea843a9317b1ba17e1e3d10afa13b27.jpg,E:\study\DoAnPython\project\data\raw\train_images\eea843a9317b1ba17e1e3d10afa13b27.jpg,..\data\processed\yolo_sahi_crop_classifier\crops\000012_eea843a9317b1ba17e1e3d10afa13b27.jpg,3728367895,56,391,528,942,clock,74,0.2806452512741089,0.12965976994876202,False,4
13,685c22d9f3a1e057db69914f6980809b.jpg,E:\study\DoAnPython\project\data\raw\train_images\685c22d9f3a1e057db69914f6980809b.jpg,..\data\processed\yolo_sahi_crop_classifier\crops\000013_685c22d9f3a1e057db69914f6980809b.jpg,1706249589,0,0,640,640,person,0,0.6040725708007812,0.5974625448593934,False,6
14,c99e19b4b6aa7b4811fcaeed97a12d52.jpg,E:\study\DoAnPython\project\data\raw\train_images\c99e19b4b6aa7b4811fcaeed97a12d52.jpg,..\data\processed\yolo_sahi_crop_classifier\crops\000014_c99e19b4b6aa7b4811fcaeed97a12d52.jpg,3947628716,278,210,555,523,clock,74,0.8437173962593079,0.28841648049024216,False,4
15,99ca05d17259eb31ffc2454d4b6f9de1.jpg,E:\study\DoAnPython\project\data\raw\train_images\99ca05d17259eb31ffc2454d4b6f9de1.jpg,..\data\processed\yolo_sahi_crop_classifier\crops\000015_99ca05d17259eb31ffc2454d4b6f9de1.jpg,1662373776,278,0,640,532,person,0,0.9196252226829529,0.6008450347946407,False,5
16,d8edd638681a303e178c999ccd113657.jpg,E:\study\DoAnPython\project\data\raw\train_images\d8edd638681a303e178c999ccd113657.jpg,..\data\processed\yolo_sahi_crop_classifier\crops\000016_d8edd638681a303e178c999ccd113657.jpg,1597685049,14,74,690,617,book,73,0.8253961205482483,0.6616610083318013,False,4
17,242c1924a998df253c411c7bc1724143.jpg,E:\study\DoAnPython\project\data\raw\train_images\242c1924a998df253c411c7bc1724143.jpg,..\data\processed\yolo_sahi_crop_classifier\crops\000017_242c1924a998df253c411c7bc1724143.jpg,2864073974,0,397,800,800,bicycle,1,0.5224488973617554,0.36223705701584763,False,2
18,9720558f60f0f26b037dc054e824b8fc.jpg,E:\study\DoAnPython\project\data\raw\train_images\9720558f60f0f26b037dc054e824b8fc.jpg,..\data\processed\yolo_sahi_crop_classifier\crops\000018_9720558f60f0f26b037dc054e824b8fc.jpg,1445188681,0,0,800,800,full_image,-1,0.0,0.0,True,0
19,12b580e7349cb90eddc30a0aeed61341.jpg,E:\study\DoAnPython\project\data\raw\train_images\12b580e7349cb90eddc30a0aeed61341.jpg,..\data\processed\yolo_sahi_crop_classifier\crops\000019_12b580e7349cb90eddc30a0aeed61341.jpg,2087175377,141,125,396,523,vase,75,0.3645210564136505,0.15420541173362426,False,4
20,fa5eecc91325e81a2c174b523fd181be.jpg,E:\study\DoAnPython\project\data\raw\train_images\fa5eecc91325e81a2c174b523fd181be.jpg,..\data\processed\yolo_sahi_crop_classifier\crops\000020_fa5eecc91325e81a2c174b523fd181be.jpg,436095484,399,50,598,800,bottle,39,0.6407243609428406,0.288626145704357,False,4
21,dbecc71dea33304c4092cb3b05ccae4f.jpg,E:\study\DoAnPython\project\data\raw\train_images\dbecc71dea33304c4092cb3b05ccae4f.jpg,..\data\processed\yolo_sahi_crop_classifier\crops\000021_dbecc71dea33304c4092cb3b05ccae4f.jpg,889644727,465,70,937,524,vase,75,0.5641193389892578,0.23684504995892294,False,6
22,1ce123ca36807cd167c3d537bcad74e5.jpg,E:\study\DoAnPython\project\data\raw\train_images\1ce123ca36807cd167c3d537bcad74e5.jpg,..\data\processed\yolo_sahi_crop_classifier\crops\000022_1ce123ca36807cd167c3d537bcad74e5.jpg,4200573692,0,106,531,524,knife,43,0.3233684003353119,0.20488934812271578,False,1
23,fb2d94637e92997c0708adf9bf99377f.jpg,E:\study\DoAnPython\project\data\raw\train_images\fb2d94637e92997c0708adf9bf99377f.jpg,..\data\processed\yolo_sahi_crop_classifier\crops\000023_fb2d94637e92997c0708adf9bf99377f.jpg,1060961612,27,13,61,46,sports ball,32,0.7562475800514221,0.0238187976001091,False,2
24,d551f25391eb5bc84cefa2bf2d5a2a90.jpg,E:\study\DoAnPython\project\data\raw\train_images\d551f25391eb5bc84cefa2bf2d5a2a90.jpg,..\data\processed\yolo_sahi_crop_classifier\crops\000024_d551f25391eb5bc84cefa2bf2d5a2a90.jpg,1226243819,88,83,269,510,bottle,39,0.8914472460746765,0.36078982358970263,False,4
25,bcdd8c9453e041a5cefbb156b7034631.jpg,E:\study\DoAnPython\project\data\raw\train_images\bcdd8c9453e041a5cefbb156b7034631.jpg,..\data\processed\yolo_sahi_crop_classifier\crops\000025_bcdd8c9453e041a5cefbb156b7034631.jpg,3813608589,238,132,558,800,vase,75,0.6381121277809143,0.34888528929496404,False,2
26,f01d17670f214103d61436c62d12eed0.jpg,E:\study\DoAnPython\project\data\raw\train_images\f01d17670f214103d61436c62d12eed0.jpg,..\data\processed\yolo_sahi_crop_classifier\crops\000026_f01d17670f214103d61436c62d12eed0.jpg,3351860123,0,652,526,930,dining table,60,0.4828409254550934,0.1695246408372554,False,1
27,2e74d8896c45af32ac6d8b83ec24ac14.jpg,E:\study\DoAnPython\project\data\raw\train_images\2e74d8896c45af32ac6d8b83ec24ac14.jpg,..\data\processed\yolo_sahi_crop_classifier\crops\000027_2e74d8896c45af32ac6d8b83ec24ac14.jpg,3900306665,412,339,565,510,cell phone,67,0.6207412481307983,0.14625045033373443,False,3
28,fd68da190e8739150321d72eeab52c0d.jpg,E:\study\DoAnPython\project\data\raw\train_images\fd68da190e8739150321d72eeab52c0d.jpg,..\data\processed\yolo_sahi_crop_classifier\crops\000028_fd68da190e8739150321d72eeab52c0d.jpg,763032672,131,441,201,518,donut,54,0.6662801504135132,0.07226205350477372,False,13
29,15ca614ad7429f0ae25ddc29476e7b62.jpg,E:\study\DoAnPython\project\data\raw\train_images\15ca614ad7429f0ae25ddc29476e7b62.jpg,..\data\processed\yolo_sahi_crop_classifier\crops\000029_15ca614ad7429f0ae25ddc29476e7b62.jpg,821474700,73,156,918,879,vase,75,0.35212084650993347,0.2492492853184898,False,4
30,ccfaed628660a3d47eb123c726c6b454.jpg,E:\study\DoAnPython\project\data\raw\train_images\ccfaed628660a3d47eb123c726c6b454.jpg,..\data\processed\yolo_sahi_crop_classifier\crops\000030_ccfaed628660a3d47eb123c726c6b454.jpg,2729238489,122,0,352,464,bottle,39,0.7880731225013733,0.37612887353825764,False,7
31,f384dcc620a16aa71a677623ac0712ce.jpg,E:\study\DoAnPython\project\data\raw\train_images\f384dcc620a16aa71a677623ac0712ce.jpg,..\data\processed\yolo_sahi_crop_classifier\crops\000031_f384dcc620a16aa71a677623ac0712ce.jpg,3476168339,141,370,324,811,cup,41,0.4443763494491577,0.14057379475697332,False,1
32,96efe1492702c15c3896a69655b727b2.jpg,E:\study\DoAnPython\project\data\raw\train_images\96efe1492702c15c3896a69655b727b2.jpg,..\data\processed\yolo_sahi_crop_classifier\crops\000032_96efe1492702c15c3896a69655b727b2.jpg,2660884517,166,56,463,640,parking meter,12,0.7111077308654785,0.4348599090125656,False,3
33,65cac3e71bce8423dda6b986976d7a05.jpg,E:\study\DoAnPython\project\data\raw\train_images\65cac3e71bce8423dda6b986976d7a05.jpg,..\data\processed\yolo_sahi_crop_classifier\crops\000033_65cac3e71bce8423dda6b986976d7a05.jpg,66247839,502,495,1024,1024,person,0,0.8813403248786926,0.4260350584271582,False,9
34,9f93a62f2c7670be61123941f7ca3406.jpg,E:\study\DoAnPython\project\data\raw\train_images\9f93a62f2c7670be61123941f7ca3406.jpg,..\data\processed\yolo_sahi_crop_classifier\crops\000034_9f93a62f2c7670be61123941f7ca3406.jpg,1664178674,34,160,921,835,skateboard,36,0.3754933178424835,0.2693035876636316,False,10
35,1dcf39a37600e12103bf620896a047b7.jpg,E:\study\DoAnPython\project\data\raw\train_images\1dcf39a37600e12103bf620896a047b7.jpg,..\data\processed\yolo_sahi_crop_classifier\crops\000035_1dcf39a37600e12103bf620896a047b7.jpg,1656690632,121,479,388,597,person,0,0.46445226669311523,0.12010390522210428,False,8
36,e9ca162eed32a7035a850afaa3fe1285.jpg,E:\study\DoAnPython\project\data\raw\train_images\e9ca162eed32a7035a850afaa3fe1285.jpg,..\data\processed\yolo_sahi_crop_classifier\crops\000036_e9ca162eed32a7035a850afaa3fe1285.jpg,3291614016,0,0,640,640,person,0,0.781498908996582,0.7704935990761346,False,2
37,7d01309d92f71eb76520fb985f02f16a.jpg,E:\study\DoAnPython\project\data\raw\train_images\7d01309d92f71eb76520fb985f02f16a.jpg,..\data\processed\yolo_sahi_crop_classifier\crops\000037_7d01309d92f71eb76520fb985f02f16a.jpg,1983510531,367,227,517,667,book,73,0.5566055178642273,0.19003936331109111,False,1
38,16baee314d0e7dbbb0853e38f6eae775.jpg,E:\study\DoAnPython\project\data\raw\train_images\16baee314d0e7dbbb0853e38f6eae775.jpg,..\data\processed\yolo_sahi_crop_classifier\crops\000038_16baee314d0e7dbbb0853e38f6eae775.jpg,1203796264,3,80,311,640,book,73,0.41143715381622314,0.36018464668619543,False,1
39,cb6466737a499eca3fd12ac54012e584.jpg,E:\study\DoAnPython\project\data\raw\train_images\cb6466737a499eca3fd12ac54012e584.jpg,..\data\processed\yolo_sahi_crop_classifier\crops\000039_cb6466737a499eca3fd12ac54012e584.jpg,2836585852,165,173,872,861,clock,74,0.7434329390525818,0.4693240741234128,False,3
40,c51627aa04cfc6c8044f0bdc719edaab.jpg,E:\study\DoAnPython\project\data\raw\train_images\c51627aa04cfc6c8044f0bdc719edaab.jpg,..\data\processed\yolo_sahi_crop_classifier\crops\000040_c51627aa04cfc6c8044f0bdc719edaab.jpg,3860230479,222,36,397,515,bottle,39,0.7638630867004395,0.3214469853798,False,1
41,4d75ec0831cf709eeb019eff391f27c5.jpg,E:\study\DoAnPython\project\data\raw\train_images\4d75ec0831cf709eeb019eff391f27c5.jpg,..\data\processed\yolo_sahi_crop_classifier\crops\000041_4d75ec0831cf709eeb019eff391f27c5.jpg,1562389066,276,166,632,524,traffic light,9,0.4694361388683319,0.19422831605720653,False,4
42,94852c92ff2030e13374ef240b2080d4.jpg,E:\study\DoAnPython\project\data\raw\train_images\94852c92ff2030e13374ef240b2080d4.jpg,..\data\processed\yolo_sahi_crop_classifier\crops\000042_94852c92ff2030e13374ef240b2080d4.jpg,4218699672,468,19,789,211,person,0,0.8809034824371338,0.25402937236197215,False,8
43,9f8ae2d07af13572d7d64aa93fab1def.jpg,E:\study\DoAnPython\project\data\raw\train_images\9f8ae2d07af13572d7d64aa93fab1def.jpg,..\data\processed\yolo_sahi_crop_classifier\crops\000043_9f8ae2d07af13572d7d64aa93fab1def.jpg,3582590696,321,250,626,440,vase,75,0.40398725867271423,0.14087607588790052,False,4
44,785846bae09c8f0c438610a3db9d84c8.jpg,E:\study\DoAnPython\project\data\raw\train_images\785846bae09c8f0c438610a3db9d84c8.jpg,..\data\processed\yolo_sahi_crop_classifier\crops\000044_785846bae09c8f0c438610a3db9d84c8.jpg,2245243745,0,269,528,800,dining table,60,0.2914206087589264,0.18505065239982169,False,5
45,7f49fa5adc62ed1149b5ced92cdf900f.jpg,E:\study\DoAnPython\project\data\raw\train_images\7f49fa5adc62ed1149b5ced92cdf900f.jpg,..\data\processed\yolo_sahi_crop_classifier\crops\000045_7f49fa5adc62ed1149b5ced92cdf900f.jpg,1295587510,100,113,267,751,toothbrush,79,0.6237786412239075,0.23043229757598666,False,17
46,8166efeb8fb1b82ad8ede32b5d0b5302.jpg,E:\study\DoAnPython\project\data\raw\train_images\8166efeb8fb1b82ad8ede32b5d0b5302.jpg,..\data\processed\yolo_sahi_crop_classifier\crops\000046_8166efeb8fb1b82ad8ede32b5d0b5302.jpg,4166375360,101,4,152,310,toothbrush,79,0.4825696051120758,0.17789641487874036,False,1
47,da31b4ae9c80d0e0032b7b771627dd95.jpg,E:\study\DoAnPython\project\data\raw\train_images\da31b4ae9c80d0e0032b7b771627dd95.jpg,..\data\processed\yolo_sahi_crop_classifier\crops\000047_da31b4ae9c80d0e0032b7b771627dd95.jpg,3351318599,34,116,585,889,book,73,0.31421616673469543,0.18573707305698808,False,4
48,8c81fc7f390b2830d926c885f1cfc850.jpg,E:\study\DoAnPython\project\data\raw\train_images\8c81fc7f390b2830d926c885f1cfc850.jpg,..\data\processed\yolo_sahi_crop_classifier\crops\000048_8c81fc7f390b2830d926c885f1cfc850.jpg,51422340,0,0,1024,1024,person,0,0.8715071082115173,0.8468189116697475,False,11
49,e1a5f03b7588d013daccce3cc6f33c99.jpg,E:\study\DoAnPython\project\data\raw\train_images\e1a5f03b7588d013daccce3cc6f33c99.jpg,..\data\processed\yolo_sahi_crop_classifier\crops\000049_e1a5f03b7588d013daccce3cc6f33c99.jpg,2699450457,311,404,582,545,knife,43,0.7451108694076538,0.21111224948831833,False,7
50,ad5c3757fb4f14e2fb5437654c3a6754.jpg,E:\study\DoAnPython\project\data\raw\train_images\ad5c3757fb4f14e2fb5437654c3a6754.jpg,..\data\processed\yolo_sahi_crop_classifier\crops\000050_ad5c3757fb4f14e2fb5437654c3a6754.jpg,2001682044,229,10,318,164,person,0,0.6141119003295898,0.20980596292930545,False,3
51,c54f8afe36601d12c4c703ea33d45c19.jpg,E:\study\DoAnPython\project\data\raw\train_images\c54f8afe36601d12c4c703ea33d45c19.jpg,..\data\processed\yolo_sahi_crop_classifier\crops\000051_c54f8afe36601d12c4c703ea33d45c19.jpg,1285119273,299,395,520,815,stop sign,11,0.25424978137016296,0.07020529451004938,False,1
52,32352fa92cf5f92a4d1b70623194f453.jpg,E:\study\DoAnPython\project\data\raw\train_images\32352fa92cf5f92a4d1b70623194f453.jpg,..\data\processed\yolo_sahi_crop_classifier\crops\000052_32352fa92cf5f92a4d1b70623194f453.jpg,159351600,280,277,506,521,remote,65,0.46026331186294556,0.12533727204704548,False,4
53,88cbf93df86267d28cfc77d2a7f9bcbc.jpg,E:\study\DoAnPython\project\data\raw\train_images\88cbf93df86267d28cfc77d2a7f9bcbc.jpg,..\data\processed\yolo_sahi_crop_classifier\crops\000053_88cbf93df86267d28cfc77d2a7f9bcbc.jpg,765989615,0,509,529,881,kite,33,0.803520917892456,0.3273552214050892,False,7
54,84d023abf8e6afb503943fda2b9d7289.jpg,E:\study\DoAnPython\project\data\raw\train_images\84d023abf8e6afb503943fda2b9d7289.jpg,..\data\processed\yolo_sahi_crop_classifier\crops\000054_84d023abf8e6afb503943fda2b9d7289.jpg,954571849,238,192,469,670,bottle,39,0.730980396270752,0.31367791936397066,False,1
55,ed44a3b145e4cc50229522e15b5323af.jpg,E:\study\DoAnPython\project\data\raw\train_images\ed44a3b145e4cc50229522e15b5323af.jpg,..\data\processed\yolo_sahi_crop_classifier\crops\000055_ed44a3b145e4cc50229522e15b5323af.jpg,2304809467,118,7,768,1024,person,0,0.900593638420105,0.6741430672866939,False,8
56,885bd4ff28cf07452fd71c8991ac93e1.jpg,E:\study\DoAnPython\project\data\raw\train_images\885bd4ff28cf07452fd71c8991ac93e1.jpg,..\data\processed\yolo_sahi_crop_classifier\crops\000056_885bd4ff28cf07452fd71c8991ac93e1.jpg,1268201436,165,37,241,101,traffic light,9,0.44469502568244934,0.07199098426895074,False,1
57,a4091f3f3457d24645b4c9554bc94b35.jpg,E:\study\DoAnPython\project\data\raw\train_images\a4091f3f3457d24645b4c9554bc94b35.jpg,..\data\processed\yolo_sahi_crop_classifier\crops\000057_a4091f3f3457d24645b4c9554bc94b35.jpg,1488491114,273,185,521,514,cell phone,67,0.7931030988693237,0.205136777000053,False,8
58,0787717493312f42d46b0846ae218c6c.jpg,E:\study\DoAnPython\project\data\raw\train_images\0787717493312f42d46b0846ae218c6c.jpg,..\data\processed\yolo_sahi_crop_classifier\crops\000058_0787717493312f42d46b0846ae218c6c.jpg,2020816824,0,0,640,640,full_image,-1,0.0,0.0,True,0
59,54e371609ab8ba383353ffe4302c8eab.jpg,E:\study\DoAnPython\project\data\raw\train_images\54e371609ab8ba383353ffe4302c8eab.jpg,..\data\processed\yolo_sahi_crop_classifier\crops\000059_54e371609ab8ba383353ffe4302c8eab.jpg,4286477246,421,499,600,865,cup,41,0.3396106958389282,0.07902765533651179,False,2
60,08b688dee042bd64067f2f6748097478.jpg,E:\study\DoAnPython\project\data\raw\train_images\08b688dee042bd64067f2f6748097478.jpg,..\data\processed\yolo_sahi_crop_classifier\crops\000060_08b688dee042bd64067f2f6748097478.jpg,3211692097,807,727,956,877,clock,74,0.7475554943084717,0.10183918125125681,False,2
61,21c5aa2babff1029f06bd89d01214f95.jpg,E:\study\DoAnPython\project\data\raw\train_images\21c5aa2babff1029f06bd89d01214f95.jpg,..\data\processed\yolo_sahi_crop_classifier\crops\000061_21c5aa2babff1029f06bd89d01214f95.jpg,1306578136,119,33,561,526,vase,75,0.41182562708854675,0.27853733935847935,False,1
62,0b092371f3b7165c86374527436b33a4.jpg,E:\study\DoAnPython\project\data\raw\train_images\0b092371f3b7165c86374527436b33a4.jpg,..\data\processed\yolo_sahi_crop_classifier\crops\000062_0b092371f3b7165c86374527436b33a4.jpg,1449779365,25,98,643,816,toilet,61,0.5450901389122009,0.3291254224325097,False,6
63,10502d58f149a75a9a800e5778fc8e20.jpg,E:\study\DoAnPython\project\data\raw\train_images\10502d58f149a75a9a800e5778fc8e20.jpg,..\data\processed\yolo_sahi_crop_classifier\crops\000063_10502d58f149a75a9a800e5778fc8e20.jpg,685296764,35,152,530,524,car,2,0.3496781289577484,0.19907412789133686,False,5
64,b9ad9d8d7e1c0a3a080d5da296e8b702.jpg,E:\study\DoAnPython\project\data\raw\train_images\b9ad9d8d7e1c0a3a080d5da296e8b702.jpg,..\data\processed\yolo_sahi_crop_classifier\crops\000064_b9ad9d8d7e1c0a3a080d5da296e8b702.jpg,3105935071,37,41,530,404,book,73,0.3165575861930847,0.12131816130438366,False,7
65,a54e3da529af6eb4b7c0ed73b5d06c1d.jpg,E:\study\DoAnPython\project\data\raw\train_images\a54e3da529af6eb4b7c0ed73b5d06c1d.jpg,..\data\processed\yolo_sahi_crop_classifier\crops\000065_a54e3da529af6eb4b7c0ed73b5d06c1d.jpg,739195247,0,0,640,640,full_image,-1,0.0,0.0,True,0
66,a0bf16eb049d1227c87777ab7d4fb3c8.jpg,E:\study\DoAnPython\project\data\raw\train_images\a0bf16eb049d1227c87777ab7d4fb3c8.jpg,..\data\processed\yolo_sahi_crop_classifier\crops\000066_a0bf16eb049d1227c87777ab7d4fb3c8.jpg,111019786,8,154,529,640,person,0,0.25312525033950806,0.18459389445801222,False,6
67,cbdcc5d87e5e5910c4221cd860428ce1.jpg,E:\study\DoAnPython\project\data\raw\train_images\cbdcc5d87e5e5910c4221cd860428ce1.jpg,..\data\processed\yolo_sahi_crop_classifier\crops\000067_cbdcc5d87e5e5910c4221cd860428ce1.jpg,2824936287,0,0,640,640,full_image,-1,0.0,0.0,True,0
68,47bcede493a55875b4cf76fe02a0e9e9.jpg,E:\study\DoAnPython\project\data\raw\train_images\47bcede493a55875b4cf76fe02a0e9e9.jpg,..\data\processed\yolo_sahi_crop_classifier\crops\000068_47bcede493a55875b4cf76fe02a0e9e9.jpg,4071254572,195,195,322,523,book,73,0.5477683544158936,0.16278981782920465,False,5
69,a5aaf60a866e95b13b2acf489120288f.jpg,E:\study\DoAnPython\project\data\raw\train_images\a5aaf60a866e95b13b2acf489120288f.jpg,..\data\processed\yolo_sahi_crop_classifier\crops\000069_a5aaf60a866e95b13b2acf489120288f.jpg,3900306665,412,339,565,510,cell phone,67,0.4338894188404083,0.10222701180489445,False,3
70,a1e09c7337cf9e881f3ac07088fd39f3.jpg,E:\study\DoAnPython\project\data\raw\train_images\a1e09c7337cf9e881f3ac07088fd39f3.jpg,..\data\processed\yolo_sahi_crop_classifier\crops\000070_a1e09c7337cf9e881f3ac07088fd39f3.jpg,3040690230,336,262,462,606,remote,65,0.39550191164016724,0.10979094919494631,False,3
71,50d99026b350774cc031d3dcf9b35d94.jpg,E:\study\DoAnPython\project\data\raw\train_images\50d99026b350774cc031d3dcf9b35d94.jpg,..\data\processed\yolo_sahi_crop_classifier\crops\000071_50d99026b350774cc031d3dcf9b35d94.jpg,2628362562,511,36,991,528,person,0,0.8959065079689026,0.39455957345633863,False,17
72,ad51bf639108fec708a818e1a77b3f05.jpg,E:\study\DoAnPython\project\data\raw\train_images\ad51bf639108fec708a818e1a77b3f05.jpg,..\data\processed\yolo_sahi_crop_classifier\crops\000072_ad51bf639108fec708a818e1a77b3f05.jpg,3351968689,34,277,529,612,baseball glove,35,0.5765501260757446,0.2722912099335542,False,2
73,7ddaf0f8805077614708d10467fa8ded.jpg,E:\study\DoAnPython\project\data\raw\train_images\7ddaf0f8805077614708d10467fa8ded.jpg,..\data\processed\yolo_sahi_crop_classifier\crops\000073_7ddaf0f8805077614708d10467fa8ded.jpg,1091404026,294,282,474,714,tie,27,0.3482469618320465,0.11145176585885591,False,3
74,c4168e2b8588c0e0564596aa31f24fd6.jpg,E:\study\DoAnPython\project\data\raw\train_images\c4168e2b8588c0e0564596aa31f24fd6.jpg,..\data\processed\yolo_sahi_crop_classifier\crops\000074_c4168e2b8588c0e0564596aa31f24fd6.jpg,3281617558,0,124,520,524,surfboard,37,0.4379744231700897,0.2951380798375742,False,2
75,c8134de8c00cc4657f41eab30be471e3.jpg,E:\study\DoAnPython\project\data\raw\train_images\c8134de8c00cc4657f41eab30be471e3.jpg,..\data\processed\yolo_sahi_crop_classifier\crops\000075_c8134de8c00cc4657f41eab30be471e3.jpg,3332994000,0,2,529,528,person,0,0.7843648791313171,0.5551546769198198,False,5
76,a26087b2d22b2bf9a9d928ff372f28c6.jpg,E:\study\DoAnPython\project\data\raw\train_images\a26087b2d22b2bf9a9d928ff372f28c6.jpg,..\data\processed\yolo_sahi_crop_classifier\crops\000076_a26087b2d22b2bf9a9d928ff372f28c6.jpg,3283659902,24,395,492,838,stop sign,11,0.7659156322479248,0.3158979099799712,False,3
77,e439765b93c38fd4e095558bd682cf14.jpg,E:\study\DoAnPython\project\data\raw\train_images\e439765b93c38fd4e095558bd682cf14.jpg,..\data\processed\yolo_sahi_crop_classifier\crops\000077_e439765b93c38fd4e095558bd682cf14.jpg,1111259106,195,190,311,320,person,0,0.28689032793045044,0.051455016999128744,False,3
78,acc9193df037d9b5283225143a7ea2cb.jpg,E:\study\DoAnPython\project\data\raw\train_images\acc9193df037d9b5283225143a7ea2cb.jpg,..\data\processed\yolo_sahi_crop_classifier\crops\000078_acc9193df037d9b5283225143a7ea2cb.jpg,673158714,109,0,640,531,person,0,0.9004156589508057,0.7182218334693311,False,4
79,f9187d244f7c10787a4d000c905fab6c.jpg,E:\study\DoAnPython\project\data\raw\train_images\f9187d244f7c10787a4d000c905fab6c.jpg,..\data\processed\yolo_sahi_crop_classifier\crops\000079_f9187d244f7c10787a4d000c905fab6c.jpg,2101072117,72,392,528,920,refrigerator,72,0.33560532331466675,0.15266591594949497,False,5
80,553d7f7cdd0e0f4cf9f485468fc331b6.jpg,E:\study\DoAnPython\project\data\raw\train_images\553d7f7cdd0e0f4cf9f485468fc331b6.jpg,..\data\processed\yolo_sahi_crop_classifier\crops\000080_553d7f7cdd0e0f4cf9f485468fc331b6.jpg,234541980,0,339,260,677,cup,41,0.8639146089553833,0.2363772576282736,False,13
81,92663396fece46e61775aee33c00e338.jpg,E:\study\DoAnPython\project\data\raw\train_images\92663396fece46e61775aee33c00e338.jpg,..\data\processed\yolo_sahi_crop_classifier\crops\000081_92663396fece46e61775aee33c00e338.jpg,3836154484,150,8,522,419,person,0,0.9145966172218323,0.3242874721290337,False,13
82,952d81e4d2939ee32609bf1527e9b14e.jpg,E:\study\DoAnPython\project\data\raw\train_images\952d81e4d2939ee32609bf1527e9b14e.jpg,..\data\processed\yolo_sahi_crop_classifier\crops\000082_952d81e4d2939ee32609bf1527e9b14e.jpg,148858827,144,361,497,587,bowl,45,0.7756496071815491,0.283484909161521,False,3
83,c6b580c7f72c2a76280ef6b56ce73d9a.jpg,E:\study\DoAnPython\project\data\raw\train_images\c6b580c7f72c2a76280ef6b56ce73d9a.jpg,..\data\processed\yolo_sahi_crop_classifier\crops\000083_c6b580c7f72c2a76280ef6b56ce73d9a.jpg,2602613399,0,0,450,450,full_image,-1,0.0,0.0,True,0
84,1cc9ae4f45598e44e901a4fd2a9646b1.jpg,E:\study\DoAnPython\project\data\raw\train_images\1cc9ae4f45598e44e901a4fd2a9646b1.jpg,..\data\processed\yolo_sahi_crop_classifier\crops\000084_1cc9ae4f45598e44e901a4fd2a9646b1.jpg,155267355,122,0,640,530,refrigerator,72,0.4901934564113617,0.3745102430860299,False,2
85,e26f9abfed242e3155481d20db9d7fcf.jpg,E:\study\DoAnPython\project\data\raw\train_images\e26f9abfed242e3155481d20db9d7fcf.jpg,..\data\processed\yolo_sahi_crop_classifier\crops\000085_e26f9abfed242e3155481d20db9d7fcf.jpg,3299506042,320,249,519,472,book,73,0.7915902137756348,0.2879314986901541,False,6
86,e6bf4f0ca1b18872023fe2cb65670f75.jpg,E:\study\DoAnPython\project\data\raw\train_images\e6bf4f0ca1b18872023fe2cb65670f75.jpg,..\data\processed\yolo_sahi_crop_classifier\crops\000086_e6bf4f0ca1b18872023fe2cb65670f75.jpg,3156637582,100,117,435,428,cup,41,0.5326817631721497,0.24952666978957436,False,2
87,c2e99d0d619d8e54874fa8d305555699.jpg,E:\study\DoAnPython\project\data\raw\train_images\c2e99d0d619d8e54874fa8d305555699.jpg,..\data\processed\yolo_sahi_crop_classifier\crops\000087_c2e99d0d619d8e54874fa8d305555699.jpg,3629753575,0,0,591,591,full_image,-1,0.0,0.0,True,0
88,6002e9baa8a5ab2f2f6d5b6667a1e2bc.jpg,E:\study\DoAnPython\project\data\raw\train_images\6002e9baa8a5ab2f2f6d5b6667a1e2bc.jpg,..\data\processed\yolo_sahi_crop_classifier\crops\000088_6002e9baa8a5ab2f2f6d5b6667a1e2bc.jpg,2448739506,114,0,540,530,person,0,0.8924437761306763,0.626047629260368,False,5
89,fc05c6426701a5e052259c06b7bf21a2.jpg,E:\study\DoAnPython\project\data\raw\train_images\fc05c6426701a5e052259c06b7bf21a2.jpg,..\data\processed\yolo_sahi_crop_classifier\crops\000089_fc05c6426701a5e052259c06b7bf21a2.jpg,2690668631,109,115,640,472,cell phone,67,0.2842332422733307,0.1815743846777775,False,1
90,23770db24ede6e15a5faf79ce7fab8dc.jpg,E:\study\DoAnPython\project\data\raw\train_images\23770db24ede6e15a5faf79ce7fab8dc.jpg,..\data\processed\yolo_sahi_crop_classifier\crops\000090_23770db24ede6e15a5faf79ce7fab8dc.jpg,3213182368,351,104,615,633,cell phone,67,0.8974478244781494,0.4455736179606101,False,5
91,6a19e31b6c81623565bc0e4afb84dc3c.jpg,E:\study\DoAnPython\project\data\raw\train_images\6a19e31b6c81623565bc0e4afb84dc3c.jpg,..\data\processed\yolo_sahi_crop_classifier\crops\000091_6a19e31b6c81623565bc0e4afb84dc3c.jpg,29498519,0,59,300,291,cake,55,0.6629699468612671,0.554046170159271,False,1
92,73cc8b5883961d0bd0393695f01fd13a.jpg,E:\study\DoAnPython\project\data\raw\train_images\73cc8b5883961d0bd0393695f01fd13a.jpg,..\data\processed\yolo_sahi_crop_classifier\crops\000092_73cc8b5883961d0bd0393695f01fd13a.jpg,2882575498,470,248,609,522,refrigerator,72,0.9140250086784363,0.20681393842994308,False,1
93,ddaf6e32180e0d350e62025c96e7941f.jpg,E:\study\DoAnPython\project\data\raw\train_images\ddaf6e32180e0d350e62025c96e7941f.jpg,..\data\processed\yolo_sahi_crop_classifier\crops\000093_ddaf6e32180e0d350e62025c96e7941f.jpg,358422381,56,78,560,597,cake,55,0.6677875518798828,0.4950554089131458,False,2
94,9778ef3e89478449a5cc79752383e785.jpg,E:\study\DoAnPython\project\data\raw\train_images\9778ef3e89478449a5cc79752383e785.jpg,..\data\processed\yolo_sahi_crop_classifier\crops\000094_9778ef3e89478449a5cc79752383e785.jpg,738918951,220,124,413,600,bottle,39,0.8306754231452942,0.3650808370007749,False,2
95,944d84de2ceeaccc403a2b453faf0411.jpg,E:\study\DoAnPython\project\data\raw\train_images\944d84de2ceeaccc403a2b453faf0411.jpg,..\data\processed\yolo_sahi_crop_classifier\crops\000095_944d84de2ceeaccc403a2b453faf0411.jpg,3729087049,0,518,1020,1024,person,0,0.6993721723556519,0.46748216095340095,False,12
96,ecc1f1ba8ff12f97a184647ac5f5bef3.jpg,E:\study\DoAnPython\project\data\raw\train_images\ecc1f1ba8ff12f97a184647ac5f5bef3.jpg,..\data\processed\yolo_sahi_crop_classifier\crops\000096_ecc1f1ba8ff12f97a184647ac5f5bef3.jpg,4028583908,520,313,683,682,bottle,39,0.5884711742401123,0.13078585358334982,False,17
97,69e3b6c3343e13200d57db2d32fa728d.jpg,E:\study\DoAnPython\project\data\raw\train_images\69e3b6c3343e13200d57db2d32fa728d.jpg,..\data\processed\yolo_sahi_crop_classifier\crops\000097_69e3b6c3343e13200d57db2d32fa728d.jpg,4061204363,658,506,1005,718,person,0,0.4155542850494385,0.10262700729141515,False,7
98,8add2b24ab2b1ce1fd13f4f5c94c25c6.jpg,E:\study\DoAnPython\project\data\raw\train_images\8add2b24ab2b1ce1fd13f4f5c94c25c6.jpg,..\data\processed\yolo_sahi_crop_classifier\crops\000098_8add2b24ab2b1ce1fd13f4f5c94c25c6.jpg,620695276,180,171,700,700,refrigerator,72,0.27378880977630615,0.19399735093917736,False,11
99,8f3652de5685900cf8d481c2a19974aa.jpg,E:\study\DoAnPython\project\data\raw\train_images\8f3652de5685900cf8d481c2a19974aa.jpg,..\data\processed\yolo_sahi_crop_classifier\crops\000099_8f3652de5685900cf8d481c2a19974aa.jpg,2434518358,219,124,714,748,bottle,39,0.5503562688827515,0.29497879149576867,False,5
100,49ff53822800b4c76eb3601c4a525351.jpg,E:\study\DoAnPython\project\data\raw\train_images\49ff53822800b4c76eb3601c4a525351.jpg,..\data\processed\yolo_sahi_crop_classifier\crops\000100_49ff53822800b4c76eb3601c4a525351.jpg,844992190,0,152,930,835,cake,55,0.5792270302772522,0.47425887174762676,False,3
101,01a62eeda1f0bfc46023c15de0ea0a00.jpg,E:\study\DoAnPython\project\data\raw\train_images\01a62eeda1f0bfc46023c15de0ea0a00.jpg,..\data\processed\yolo_sahi_crop_classifier\crops\000101_01a62eeda1f0bfc46023c15de0ea0a00.jpg,2437797923,207,22,417,530,bottle,39,0.8595160245895386,0.40848210829060266,False,2
102,f11dea00d5d225e59b0b6ea78482bc8c.jpg,E:\study\DoAnPython\project\data\raw\train_images\f11dea00d5d225e59b0b6ea78482bc8c.jpg,..\data\processed\yolo_sahi_crop_classifier\crops\000102_f11dea00d5d225e59b0b6ea78482bc8c.jpg,1288241822,55,174,832,773,bowl,45,0.7939525246620178,0.5839964494556512,False,8
103,f1955ecdf8de4cdfd6ecee20d747febb.jpg,E:\study\DoAnPython\project\data\raw\train_images\f1955ecdf8de4cdfd6ecee20d747febb.jpg,..\data\processed\yolo_sahi_crop_classifier\crops\000103_f1955ecdf8de4cdfd6ecee20d747febb.jpg,220504063,44,0,291,604,vase,75,0.6410263776779175,0.33565907936324607,False,6
104,7c930ea88183f11950f0dcd0fedfcfc9.jpg,E:\study\DoAnPython\project\data\raw\train_images\7c930ea88183f11950f0dcd0fedfcfc9.jpg,..\data\processed\yolo_sahi_crop_classifier\crops\000104_7c930ea88183f11950f0dcd0fedfcfc9.jpg,418991059,0,100,1000,895,dining table,60,0.8473030924797058,0.7152959605173973,False,16
105,5d363f396ce7fe971a4232421f48afcd.jpg,E:\study\DoAnPython\project\data\raw\train_images\5d363f396ce7fe971a4232421f48afcd.jpg,..\data\processed\yolo_sahi_crop_classifier\crops\000105_5d363f396ce7fe971a4232421f48afcd.jpg,95083723,162,165,379,525,tie,27,0.9303779602050781,0.3766610406398847,False,4
106,834838bdbbe05fdf32e54ddf09d4cfea.jpg,E:\study\DoAnPython\project\data\raw\train_images\834838bdbbe05fdf32e54ddf09d4cfea.jpg,..\data\processed\yolo_sahi_crop_classifier\crops\000106_834838bdbbe05fdf32e54ddf09d4cfea.jpg,684175621,163,318,249,432,hot dog,52,0.5535621047019958,0.09821931934633295,False,10
107,ac4ac99bf32f3c9b73d069a594dbef0c.jpg,E:\study\DoAnPython\project\data\raw\train_images\ac4ac99bf32f3c9b73d069a594dbef0c.jpg,..\data\processed\yolo_sahi_crop_classifier\crops\000107_ac4ac99bf32f3c9b73d069a594dbef0c.jpg,3000792516,612,190,890,924,bottle,39,0.9294546246528625,0.3801828704446644,False,4
108,bdeb682de7f8228a289c4b1029aea28a.jpg,E:\study\DoAnPython\project\data\raw\train_images\bdeb682de7f8228a289c4b1029aea28a.jpg,..\data\processed\yolo_sahi_crop_classifier\crops\000108_bdeb682de7f8228a289c4b1029aea28a.jpg,2219641343,528,94,827,870,snowboard,31,0.6626131534576416,0.28897896339645013,False,10
109,8bbb141356a7d3f861728500efb12d31.jpg,E:\study\DoAnPython\project\data\raw\train_images\8bbb141356a7d3f861728500efb12d31.jpg,..\data\processed\yolo_sahi_crop_classifier\crops\000109_8bbb141356a7d3f861728500efb12d31.jpg,1268201436,405,192,545,523,book,73,0.3151410222053528,0.061481697051860226,False,1
110,7b9a93a5bd54e2d0d02775362d2d2a5e.jpg,E:\study\DoAnPython\project\data\raw\train_images\7b9a93a5bd54e2d0d02775362d2d2a5e.jpg,..\data\processed\yolo_sahi_crop_classifier\crops\000110_7b9a93a5bd54e2d0d02775362d2d2a5e.jpg,2033752485,0,0,600,600,full_image,-1,0.0,0.0,True,0
111,bc3ad54d6a7aa7d95149afd57cb4dbe9.jpg,E:\study\DoAnPython\project\data\raw\train_images\bc3ad54d6a7aa7d95149afd57cb4dbe9.jpg,..\data\processed\yolo_sahi_crop_classifier\crops\000111_bc3ad54d6a7aa7d95149afd57cb4dbe9.jpg,1729454608,266,243,521,773,cup,41,0.4365723133087158,0.19363849891978488,False,4
112,ed409122db48ab56e962fa6286ef9524.jpg,E:\study\DoAnPython\project\data\raw\train_images\ed409122db48ab56e962fa6286ef9524.jpg,..\data\processed\yolo_sahi_crop_classifier\crops\000112_ed409122db48ab56e962fa6286ef9524.jpg,622058097,0,506,532,1024,refrigerator,72,0.26174092292785645,0.12715896695265416,False,6
113,6235b6e26a6b08e12fd5f2db8c7129f0.jpg,E:\study\DoAnPython\project\data\raw\train_images\6235b6e26a6b08e12fd5f2db8c7129f0.jpg,..\data\processed\yolo_sahi_crop_classifier\crops\000113_6235b6e26a6b08e12fd5f2db8c7129f0.jpg,718843702,125,120,282,249,cell phone,67,0.648204505443573,0.2701552548703002,False,2
114,8455b1e280101f5d5ab4556cea5e927c.jpg,E:\study\DoAnPython\project\data\raw\train_images\8455b1e280101f5d5ab4556cea5e927c.jpg,..\data\processed\yolo_sahi_crop_classifier\crops\000114_8455b1e280101f5d5ab4556cea5e927c.jpg,2128654399,393,133,942,524,microwave,68,0.4398232400417328,0.18462496270153259,False,6
115,40ce7535ef87d8df1eedf006eaf32bb2.jpg,E:\study\DoAnPython\project\data\raw\train_images\40ce7535ef87d8df1eedf006eaf32bb2.jpg,..\data\processed\yolo_sahi_crop_classifier\crops\000115_40ce7535ef87d8df1eedf006eaf32bb2.jpg,1781398404,556,93,706,644,vase,75,0.8343278169631958,0.2789466848324924,False,4
116,9f9c4c4167c3a1940ad22939859eb379.jpg,E:\study\DoAnPython\project\data\raw\train_images\9f9c4c4167c3a1940ad22939859eb379.jpg,..\data\processed\yolo_sahi_crop_classifier\crops\000116_9f9c4c4167c3a1940ad22939859eb379.jpg,2321446316,341,265,517,538,knife,43,0.6379386186599731,0.2030397660321814,False,4
117,09c9182adf0564cd218a54ea9094bc8c.jpg,E:\study\DoAnPython\project\data\raw\train_images\09c9182adf0564cd218a54ea9094bc8c.jpg,..\data\processed\yolo_sahi_crop_classifier\crops\000117_09c9182adf0564cd218a54ea9094bc8c.jpg,3166170968,153,130,332,628,refrigerator,72,0.6195854544639587,0.26890598166642954,False,4
118,f2ff182901ce72e3afdb6b23de41b70b.jpg,E:\study\DoAnPython\project\data\raw\train_images\f2ff182901ce72e3afdb6b23de41b70b.jpg,..\data\processed\yolo_sahi_crop_classifier\crops\000118_f2ff182901ce72e3afdb6b23de41b70b.jpg,499748380,168,30,466,611,stop sign,11,0.43956267833709717,0.26490475909429057,False,1
119,aeada39c61acb004ad29b0cd5549dcc2.jpg,E:\study\DoAnPython\project\data\raw\train_images\aeada39c61acb004ad29b0cd5549dcc2.jpg,..\data\processed\yolo_sahi_crop_classifier\crops\000119_aeada39c61acb004ad29b0cd5549dcc2.jpg,2687850690,409,99,788,526,suitcase,28,0.7230620384216309,0.337391693219732,False,6
120,bb77d7919f22caeee99537f355e3d70f.jpg,E:\study\DoAnPython\project\data\raw\train_images\bb77d7919f22caeee99537f355e3d70f.jpg,..\data\processed\yolo_sahi_crop_classifier\crops\000120_bb77d7919f22caeee99537f355e3d70f.jpg,3177197131,298,0,640,500,book,73,0.4030502438545227,0.2454019628716612,False,3
121,0a3ad318f168872362dbeeace46ac82d.jpg,E:\study\DoAnPython\project\data\raw\train_images\0a3ad318f168872362dbeeace46ac82d.jpg,..\data\processed\yolo_sahi_crop_classifier\crops\000121_0a3ad318f168872362dbeeace46ac82d.jpg,2722794324,397,30,634,598,person,0,0.8680741786956787,0.46245115987668056,False,10
122,02e540982004af83f88840c15c644da5.jpg,E:\study\DoAnPython\project\data\raw\train_images\02e540982004af83f88840c15c644da5.jpg,..\data\processed\yolo_sahi_crop_classifier\crops\000122_02e540982004af83f88840c15c644da5.jpg,1567080949,476,202,731,905,bottle,39,0.8949266076087952,0.3850182452087859,False,5
123,167da5ff5663a60907a0a0a1d48afc92.jpg,E:\study\DoAnPython\project\data\raw\train_images\167da5ff5663a60907a0a0a1d48afc92.jpg,..\data\processed\yolo_sahi_crop_classifier\crops\000123_167da5ff5663a60907a0a0a1d48afc92.jpg,1424073930,0,0,640,640,full_image,-1,0.0,0.0,True,0
124,a92eb87ef7f7052f48360b93717bebfd.jpg,E:\study\DoAnPython\project\data\raw\train_images\a92eb87ef7f7052f48360b93717bebfd.jpg,..\data\processed\yolo_sahi_crop_classifier\crops\000124_a92eb87ef7f7052f48360b93717bebfd.jpg,169470278,0,163,530,640,umbrella,25,0.45372438430786133,0.34094990523087987,False,2
125,fa5afda77d280ef5e0d95822d55bea5a.jpg,E:\study\DoAnPython\project\data\raw\train_images\fa5afda77d280ef5e0d95822d55bea5a.jpg,..\data\processed\yolo_sahi_crop_classifier\crops\000125_fa5afda77d280ef5e0d95822d55bea5a.jpg,3710262094,88,123,471,339,cell phone,67,0.3838106691837311,0.15979612494879727,False,2
126,99c91cd8b4d04d4dc7f5a4fc1533a0a7.jpg,E:\study\DoAnPython\project\data\raw\train_images\99c91cd8b4d04d4dc7f5a4fc1533a0a7.jpg,..\data\processed\yolo_sahi_crop_classifier\crops\000126_99c91cd8b4d04d4dc7f5a4fc1533a0a7.jpg,2685155852,308,288,433,512,vase,75,0.8650481700897217,0.21085549145936966,False,7
127,587287ff1647001bc0788c778efa1f18.jpg,E:\study\DoAnPython\project\data\raw\train_images\587287ff1647001bc0788c778efa1f18.jpg,..\data\processed\yolo_sahi_crop_classifier\crops\000127_587287ff1647001bc0788c778efa1f18.jpg,1555008436,0,224,529,262,train,6,0.71206134557724,0.17275429302015824,False,4
128,0dbd513a3bb0fd457bf01b48104782bb.jpg,E:\study\DoAnPython\project\data\raw\train_images\0dbd513a3bb0fd457bf01b48104782bb.jpg,..\data\processed\yolo_sahi_crop_classifier\crops\000128_0dbd513a3bb0fd457bf01b48104782bb.jpg,2948725048,2,170,531,511,book,73,0.6267079710960388,0.3863274982442573,False,1
129,aee5fcc537a6206c011ba90d0aa245e9.jpg,E:\study\DoAnPython\project\data\raw\train_images\aee5fcc537a6206c011ba90d0aa245e9.jpg,..\data\processed\yolo_sahi_crop_classifier\crops\000129_aee5fcc537a6206c011ba90d0aa245e9.jpg,728791874,112,49,617,528,refrigerator,72,0.7144932746887207,0.5100169363345801,False,1
130,91a105e5003900a845e5556807978164.jpg,E:\study\DoAnPython\project\data\raw\train_images\91a105e5003900a845e5556807978164.jpg,..\data\processed\yolo_sahi_crop_classifier\crops\000130_91a105e5003900a845e5556807978164.jpg,282635445,172,180,658,418,cell phone,67,0.5379055738449097,0.24287943761826553,False,2
131,6fd8dc2291ddcfe94a2dc10147bf10ae.jpg,E:\study\DoAnPython\project\data\raw\train_images\6fd8dc2291ddcfe94a2dc10147bf10ae.jpg,..\data\processed\yolo_sahi_crop_classifier\crops\000131_6fd8dc2291ddcfe94a2dc10147bf10ae.jpg,2924011847,0,94,204,292,suitcase,28,0.45357125997543335,0.14171632215552304,False,6
132,26fbca69f28bb5fe762aa76a0aa933d2.jpg,E:\study\DoAnPython\project\data\raw\train_images\26fbca69f28bb5fe762aa76a0aa933d2.jpg,..\data\processed\yolo_sahi_crop_classifier\crops\000132_26fbca69f28bb5fe762aa76a0aa933d2.jpg,1243244040,0,327,504,640,suitcase,28,0.45234930515289307,0.26932536788206807,False,5
133,d007a66b8d24324b64985da27f8b9906.jpg,E:\study\DoAnPython\project\data\raw\train_images\d007a66b8d24324b64985da27f8b9906.jpg,..\data\processed\yolo_sahi_crop_classifier\crops\000133_d007a66b8d24324b64985da27f8b9906.jpg,3781874382,488,50,825,526,stop sign,11,0.502758264541626,0.2200004636857797,False,1
134,516cc97c369915a0103a0234332f242c.jpg,E:\study\DoAnPython\project\data\raw\train_images\516cc97c369915a0103a0234332f242c.jpg,..\data\processed\yolo_sahi_crop_classifier\crops\000134_516cc97c369915a0103a0234332f242c.jpg,2854728702,412,142,577,640,bottle,39,0.8253708481788635,0.34361637932945877,False,5
135,f127a5ffbab678d2f4c4f2abd918db08.jpg,E:\study\DoAnPython\project\data\raw\train_images\f127a5ffbab678d2f4c4f2abd918db08.jpg,..\data\processed\yolo_sahi_crop_classifier\crops\000135_f127a5ffbab678d2f4c4f2abd918db08.jpg,1733221456,0,339,598,620,toothbrush,79,0.7946084141731262,0.47972400815021615,False,11
136,94c9efff22e041a6f4e4a66f235438cf.jpg,E:\study\DoAnPython\project\data\raw\train_images\94c9efff22e041a6f4e4a66f235438cf.jpg,..\data\processed\yolo_sahi_crop_classifier\crops\000136_94c9efff22e041a6f4e4a66f235438cf.jpg,4203290039,106,392,523,891,fire hydrant,10,0.31067541241645813,0.12842598486705076,False,4
137,39d55d5f7eee46c6c699f39458ef53a2.jpg,E:\study\DoAnPython\project\data\raw\train_images\39d55d5f7eee46c6c699f39458ef53a2.jpg,..\data\processed\yolo_sahi_crop_classifier\crops\000137_39d55d5f7eee46c6c699f39458ef53a2.jpg,878679521,0,0,395,395,full_image,-1,0.0,0.0,True,0
138,ee3cc28819caaeac676dae19d1724c82.jpg,E:\study\DoAnPython\project\data\raw\train_images\ee3cc28819caaeac676dae19d1724c82.jpg,..\data\processed\yolo_sahi_crop_classifier\crops\000138_ee3cc28819caaeac676dae19d1724c82.jpg,315481361,229,28,505,622,bottle,39,0.5265717506408691,0.3087300547354682,False,4
139,a4fbf702a2e325be533f14be8840e825.jpg,E:\study\DoAnPython\project\data\raw\train_images\a4fbf702a2e325be533f14be8840e825.jpg,..\data\processed\yolo_sahi_crop_classifier\crops\000139_a4fbf702a2e325be533f14be8840e825.jpg,1137625414,10,301,110,519,person,0,0.8804095387458801,0.1895589859581776,False,1
140,407c61140a586a76c5d79900edd4ab4a.jpg,E:\study\DoAnPython\project\data\raw\train_images\407c61140a586a76c5d79900edd4ab4a.jpg,..\data\processed\yolo_sahi_crop_classifier\crops\000140_407c61140a586a76c5d79900edd4ab4a.jpg,1785253130,483,126,587,185,clock,74,0.2520403265953064,0.0289124198812807,False,1
141,d2017bbd7dd5087602c361d3da50adfd.jpg,E:\study\DoAnPython\project\data\raw\train_images\d2017bbd7dd5087602c361d3da50adfd.jpg,..\data\processed\yolo_sahi_crop_classifier\crops\000141_d2017bbd7dd5087602c361d3da50adfd.jpg,719811148,256,138,382,534,vase,75,0.5225386619567871,0.17013880097541934,False,1
142,0c881ebfa175a01b5bcac44b1105b833.jpg,E:\study\DoAnPython\project\data\raw\train_images\0c881ebfa175a01b5bcac44b1105b833.jpg,..\data\processed\yolo_sahi_crop_classifier\crops\000142_0c881ebfa175a01b5bcac44b1105b833.jpg,2167497065,391,397,511,490,clock,74,0.8004303574562073,0.1519458508922051,False,1
143,8b7c23b16cd686bbacad547560614b07.jpg,E:\study\DoAnPython\project\data\raw\train_images\8b7c23b16cd686bbacad547560614b07.jpg,..\data\processed\yolo_sahi_crop_classifier\crops\000143_8b7c23b16cd686bbacad547560614b07.jpg,1634431183,69,10,522,531,parking meter,12,0.6609945893287659,0.3414273239162334,False,4
144,3fe73551d85bd1d4a19f84360ca3cd4b.jpg,E:\study\DoAnPython\project\data\raw\train_images\3fe73551d85bd1d4a19f84360ca3cd4b.jpg,..\data\processed\yolo_sahi_crop_classifier\crops\000144_3fe73551d85bd1d4a19f84360ca3cd4b.jpg,2599895504,293,80,536,279,umbrella,25,0.7047978043556213,0.19971430313675992,False,3
145,347f28519ad4be5d38568e21c0cc392e.jpg,E:\study\DoAnPython\project\data\raw\train_images\347f28519ad4be5d38568e21c0cc392e.jpg,..\data\processed\yolo_sahi_crop_classifier\crops\000145_347f28519ad4be5d38568e21c0cc392e.jpg,3958436296,119,385,330,630,cup,41,0.4925852119922638,0.16327012776641706,False,11
146,bca96f58f509946b53fe78da7a9e8bb8.jpg,E:\study\DoAnPython\project\data\raw\train_images\bca96f58f509946b53fe78da7a9e8bb8.jpg,..\data\processed\yolo_sahi_crop_classifier\crops\000146_bca96f58f509946b53fe78da7a9e8bb8.jpg,1245245655,151,127,435,417,clock,74,0.7282284498214722,0.18986789277513355,False,20
147,afeac1b833d8a87c7a31a2277ded0f7c.jpg,E:\study\DoAnPython\project\data\raw\train_images\afeac1b833d8a87c7a31a2277ded0f7c.jpg,..\data\processed\yolo_sahi_crop_classifier\crops\000147_afeac1b833d8a87c7a31a2277ded0f7c.jpg,3240547545,134,106,284,242,person,0,0.8739654421806335,0.38692099509937955,False,2
148,ee823112a51ef900049c36ed154f2ca3.jpg,E:\study\DoAnPython\project\data\raw\train_images\ee823112a51ef900049c36ed154f2ca3.jpg,..\data\processed\yolo_sahi_crop_classifier\crops\000148_ee823112a51ef900049c36ed154f2ca3.jpg,1331039767,0,0,800,766,refrigerator,72,0.6054630875587463,0.5726774502045512,False,19
149,118af71bf95362894fff5fbd4391183f.jpg,E:\study\DoAnPython\project\data\raw\train_images\118af71bf95362894fff5fbd4391183f.jpg,..\data\processed\yolo_sahi_crop_classifier\crops\000149_118af71bf95362894fff5fbd4391183f.jpg,659879841,114,0,520,532,person,0,0.678552508354187,0.4624583945351526,False,3
150,f121d7afd982945e4a6eee9be3000d94.jpg,E:\study\DoAnPython\project\data\raw\train_images\f121d7afd982945e4a6eee9be3000d94.jpg,..\data\processed\yolo_sahi_crop_classifier\crops\000150_f121d7afd982945e4a6eee9be3000d94.jpg,915320443,392,498,914,899,suitcase,28,0.2717050313949585,0.11273916678551052,False,5
151,b0b58fed21f47b6d58f7a8c00fab02dc.jpg,E:\study\DoAnPython\project\data\raw\train_images\b0b58fed21f47b6d58f7a8c00fab02dc.jpg,..\data\processed\yolo_sahi_crop_classifier\crops\000151_b0b58fed21f47b6d58f7a8c00fab02dc.jpg,3040690230,337,242,640,640,person,0,0.8196632266044617,0.42773873875123825,False,6
152,956b2501e373be70473a395769f77550.jpg,E:\study\DoAnPython\project\data\raw\train_images\956b2501e373be70473a395769f77550.jpg,..\data\processed\yolo_sahi_crop_classifier\crops\000152_956b2501e373be70473a395769f77550.jpg,527871518,66,117,414,428,mouse,64,0.5789650082588196,0.27681764457374813,False,4
153,6474c36f92361cb57c1b33ae7c5bfb78.jpg,E:\study\DoAnPython\project\data\raw\train_images\6474c36f92361cb57c1b33ae7c5bfb78.jpg,..\data\processed\yolo_sahi_crop_classifier\crops\000153_6474c36f92361cb57c1b33ae7c5bfb78.jpg,3868183614,109,112,622,584,suitcase,28,0.6214542984962463,0.44290754883959876,False,2
154,22783f12b08a3a120d4862099fb5b22b.jpg,E:\study\DoAnPython\project\data\raw\train_images\22783f12b08a3a120d4862099fb5b22b.jpg,..\data\processed\yolo_sahi_crop_classifier\crops\000154_22783f12b08a3a120d4862099fb5b22b.jpg,3319724566,508,177,1003,1011,person,0,0.8912387490272522,0.5243984968218217,False,4
155,6c52c863ef83e0b948b139cba1d71589.jpg,E:\study\DoAnPython\project\data\raw\train_images\6c52c863ef83e0b948b139cba1d71589.jpg,..\data\processed\yolo_sahi_crop_classifier\crops\000155_6c52c863ef83e0b948b139cba1d71589.jpg,996959929,387,155,700,457,handbag,26,0.4141746163368225,0.17091201181508692,False,3
156,8a9ba52a14b0927c61b811e679877189.jpg,E:\study\DoAnPython\project\data\raw\train_images\8a9ba52a14b0927c61b811e679877189.jpg,..\data\processed\yolo_sahi_crop_classifier\crops\000156_8a9ba52a14b0927c61b811e679877189.jpg,1852813054,56,132,225,217,knife,43,0.5196353197097778,0.261268587464782,False,4
157,06897b00066819e96f2b3a41f4afe814.jpg,E:\study\DoAnPython\project\data\raw\train_images\06897b00066819e96f2b3a41f4afe814.jpg,..\data\processed\yolo_sahi_crop_classifier\crops\000157_06897b00066819e96f2b3a41f4afe814.jpg,2630753561,0,0,300,300,full_image,-1,0.0,0.0,True,0
158,764e6f5c14ee0cc5d1666517cfd2c7ac.jpg,E:\study\DoAnPython\project\data\raw\train_images\764e6f5c14ee0cc5d1666517cfd2c7ac.jpg,..\data\processed\yolo_sahi_crop_classifier\crops\000158_764e6f5c14ee0cc5d1666517cfd2c7ac.jpg,3708631924,185,418,283,510,potted plant,58,0.8635005354881287,0.14276556711909888,False,2
159,240edd7cf74e4e6fe265e116e5fbaeef.jpg,E:\study\DoAnPython\project\data\raw\train_images\240edd7cf74e4e6fe265e116e5fbaeef.jpg,..\data\processed\yolo_sahi_crop_classifier\crops\000159_240edd7cf74e4e6fe265e116e5fbaeef.jpg,4249196498,852,405,1024,587,person,0,0.4970950484275818,0.08154887707807691,False,2
160,561baf2d18fc0dc54994a9663c0b0bea.jpg,E:\study\DoAnPython\project\data\raw\train_images\561baf2d18fc0dc54994a9663c0b0bea.jpg,..\data\processed\yolo_sahi_crop_classifier\crops\000160_561baf2d18fc0dc54994a9663c0b0bea.jpg,1633347013,325,294,718,740,bottle,39,0.6326025128364563,0.24014721742045678,False,8
161,e086b851fbcf014c5c17c96072051722.jpg,E:\study\DoAnPython\project\data\raw\train_images\e086b851fbcf014c5c17c96072051722.jpg,..\data\processed\yolo_sahi_crop_classifier\crops\000161_e086b851fbcf014c5c17c96072051722.jpg,1649239857,0,0,500,500,full_image,-1,0.0,0.0,True,0
162,f42a18302339c01ca82a91eaff2ae702.jpg,E:\study\DoAnPython\project\data\raw\train_images\f42a18302339c01ca82a91eaff2ae702.jpg,..\data\processed\yolo_sahi_crop_classifier\crops\000162_f42a18302339c01ca82a91eaff2ae702.jpg,159351600,401,51,567,179,stop sign,11,0.5769894123077393,0.1383361766788814,False,1
163,e97ec9ecd31272814c3efc02f353dbd6.jpg,E:\study\DoAnPython\project\data\raw\train_images\e97ec9ecd31272814c3efc02f353dbd6.jpg,..\data\processed\yolo_sahi_crop_classifier\crops\000163_e97ec9ecd31272814c3efc02f353dbd6.jpg,2546240267,18,79,1001,917,person,0,0.38558611273765564,0.3166004125549431,False,5
164,2cbc49a83ddb12de981954cd543ebe47.jpg,E:\study\DoAnPython\project\data\raw\train_images\2cbc49a83ddb12de981954cd543ebe47.jpg,..\data\processed\yolo_sahi_crop_classifier\crops\000164_2cbc49a83ddb12de981954cd543ebe47.jpg,3114081100,244,121,395,628,bottle,39,0.804977297782898,0.32413331310050414,False,1
165,b3ed6ae72dbccf5d05b5a7c8df6aa4ca.jpg,E:\study\DoAnPython\project\data\raw\train_images\b3ed6ae72dbccf5d05b5a7c8df6aa4ca.jpg,..\data\processed\yolo_sahi_crop_classifier\crops\000165_b3ed6ae72dbccf5d05b5a7c8df6aa4ca.jpg,2415538143,392,88,936,528,cake,55,0.4041968584060669,0.17899393958539,False,8
166,3f96676f947e8e296e3719155ad54055.jpg,E:\study\DoAnPython\project\data\raw\train_images\3f96676f947e8e296e3719155ad54055.jpg,..\data\processed\yolo_sahi_crop_classifier\crops\000166_3f96676f947e8e296e3719155ad54055.jpg,2543427432,0,0,640,640,full_image,-1,0.0,0.0,True,0
167,731636a9b7089d728980389334677fdf.jpg,E:\study\DoAnPython\project\data\raw\train_images\731636a9b7089d728980389334677fdf.jpg,..\data\processed\yolo_sahi_crop_classifier\crops\000167_731636a9b7089d728980389334677fdf.jpg,3686109293,145,221,176,292,person,0,0.6940335035324097,0.10197543850912176,False,2
168,1dcd199de9ca911501f58f2376b5f117.jpg,E:\study\DoAnPython\project\data\raw\train_images\1dcd199de9ca911501f58f2376b5f117.jpg,..\data\processed\yolo_sahi_crop_classifier\crops\000168_1dcd199de9ca911501f58f2376b5f117.jpg,3666117493,111,171,640,640,person,0,0.9210096001625061,0.6805634703471773,False,2
169,03a0244b0abc5fd23dba296c4cfcd070.jpg,E:\study\DoAnPython\project\data\raw\train_images\03a0244b0abc5fd23dba296c4cfcd070.jpg,..\data\processed\yolo_sahi_crop_classifier\crops\000169_03a0244b0abc5fd23dba296c4cfcd070.jpg,3361632985,110,43,937,912,person,0,0.6631525754928589,0.5088726691690845,False,6
170,5d55a6e0d23f7b72f2a70dbef4ed6d6d.jpg,E:\study\DoAnPython\project\data\raw\train_images\5d55a6e0d23f7b72f2a70dbef4ed6d6d.jpg,..\data\processed\yolo_sahi_crop_classifier\crops\000170_5d55a6e0d23f7b72f2a70dbef4ed6d6d.jpg,768382632,0,0,700,700,full_image,-1,0.0,0.0,True,0
171,11632d344a5d07c9ce6f09cf9bb66b3d.jpg,E:\study\DoAnPython\project\data\raw\train_images\11632d344a5d07c9ce6f09cf9bb66b3d.jpg,..\data\processed\yolo_sahi_crop_classifier\crops\000171_11632d344a5d07c9ce6f09cf9bb66b3d.jpg,2310553976,385,83,543,323,scissors,76,0.5053990483283997,0.14378358661465226,False,4
172,67a0c0b3bcb629c1327d709146e87f12.jpg,E:\study\DoAnPython\project\data\raw\train_images\67a0c0b3bcb629c1327d709146e87f12.jpg,..\data\processed\yolo_sahi_crop_classifier\crops\000172_67a0c0b3bcb629c1327d709146e87f12.jpg,2180033479,333,2,700,399,cake,55,0.620402455329895,0.319871836424477,False,7
173,82c5b76069f95f8d522d02e4652dcf67.jpg,E:\study\DoAnPython\project\data\raw\train_images\82c5b76069f95f8d522d02e4652dcf67.jpg,..\data\processed\yolo_sahi_crop_classifier\crops\000173_82c5b76069f95f8d522d02e4652dcf67.jpg,479122246,115,16,500,531,potted plant,58,0.6449812650680542,0.4158727108678726,False,6
174,863f43b6acbf5fd2f78f9774cc4d25ac.jpg,E:\study\DoAnPython\project\data\raw\train_images\863f43b6acbf5fd2f78f9774cc4d25ac.jpg,..\data\processed\yolo_sahi_crop_classifier\crops\000174_863f43b6acbf5fd2f78f9774cc4d25ac.jpg,1803787473,224,108,782,1024,person,0,0.8927974700927734,0.5883182378462766,False,8
175,9e5948572b92322912b043a222e1ba0c.jpg,E:\study\DoAnPython\project\data\raw\train_images\9e5948572b92322912b043a222e1ba0c.jpg,..\data\processed\yolo_sahi_crop_classifier\crops\000175_9e5948572b92322912b043a222e1ba0c.jpg,3308317766,320,39,519,241,cake,55,0.610737144947052,0.17796686469030412,False,5
176,fd97a173d7c60d27e6459fe586797864.jpg,E:\study\DoAnPython\project\data\raw\train_images\fd97a173d7c60d27e6459fe586797864.jpg,..\data\processed\yolo_sahi_crop_classifier\crops\000176_fd97a173d7c60d27e6459fe586797864.jpg,1313560418,609,636,894,892,vase,75,0.910651683807373,0.25410967515306593,False,12
177,0b30a8fd90f27450b48cddf00f1f91d4.jpg,E:\study\DoAnPython\project\data\raw\train_images\0b30a8fd90f27450b48cddf00f1f91d4.jpg,..\data\processed\yolo_sahi_crop_classifier\crops\000177_0b30a8fd90f27450b48cddf00f1f91d4.jpg,888899721,120,502,358,787,person,0,0.9369724988937378,0.2219352627186898,False,16
178,0894abd2767fcf962fe8959634cdb86f.jpg,E:\study\DoAnPython\project\data\raw\train_images\0894abd2767fcf962fe8959634cdb86f.jpg,..\data\processed\yolo_sahi_crop_classifier\crops\000178_0894abd2767fcf962fe8959634cdb86f.jpg,4085784223,8,120,640,493,book,73,0.7276850938796997,0.5222519038283637,False,1
179,4a0e72f58131572f04e4f3ac46ac637c.jpg,E:\study\DoAnPython\project\data\raw\train_images\4a0e72f58131572f04e4f3ac46ac637c.jpg,..\data\processed\yolo_sahi_crop_classifier\crops\000179_4a0e72f58131572f04e4f3ac46ac637c.jpg,724669421,205,218,437,629,cup,41,0.43799978494644165,0.19632847207312434,False,4
180,691128a610a09f3cc43e4eaeccf587a9.jpg,E:\study\DoAnPython\project\data\raw\train_images\691128a610a09f3cc43e4eaeccf587a9.jpg,..\data\processed\yolo_sahi_crop_classifier\crops\000180_691128a610a09f3cc43e4eaeccf587a9.jpg,4292520070,126,0,203,79,cell phone,67,0.2663326859474182,0.03079190489495331,False,1
181,f07964d741622db964801186d67753ca.jpg,E:\study\DoAnPython\project\data\raw\train_images\f07964d741622db964801186d67753ca.jpg,..\data\processed\yolo_sahi_crop_classifier\crops\000181_f07964d741622db964801186d67753ca.jpg,3921472317,0,4,614,640,person,0,0.4732115566730499,0.43023527831974784,False,2
182,adcbce208bbebae961ad671eb1a85de7.jpg,E:\study\DoAnPython\project\data\raw\train_images\adcbce208bbebae961ad671eb1a85de7.jpg,..\data\processed\yolo_sahi_crop_classifier\crops\000182_adcbce208bbebae961ad671eb1a85de7.jpg,674173360,47,47,157,151,microwave,68,0.2800009250640869,0.08748278727435478,False,1
183,3927e821d85b4308fbb87fa665f28d4d.jpg,E:\study\DoAnPython\project\data\raw\train_images\3927e821d85b4308fbb87fa665f28d4d.jpg,..\data\processed\yolo_sahi_crop_classifier\crops\000183_3927e821d85b4308fbb87fa665f28d4d.jpg,2565533507,186,0,452,206,knife,43,0.49911999702453613,0.17194077191584778,False,6
184,e0920810fb8766ed295ece3e5c3506f0.jpg,E:\study\DoAnPython\project\data\raw\train_images\e0920810fb8766ed295ece3e5c3506f0.jpg,..\data\processed\yolo_sahi_crop_classifier\crops\000184_e0920810fb8766ed295ece3e5c3506f0.jpg,3700726792,190,29,399,586,vase,75,0.3922438323497772,0.2072259926596835,False,1
185,58d4089589e5cf808211c70fa6c0e785.jpg,E:\study\DoAnPython\project\data\raw\train_images\58d4089589e5cf808211c70fa6c0e785.jpg,..\data\processed\yolo_sahi_crop_classifier\crops\000185_58d4089589e5cf808211c70fa6c0e785.jpg,446326881,113,165,616,483,cell phone,67,0.3007010519504547,0.17468647015391747,False,1
186,5c32a747961eb1e26e8f01ff41711f83.jpg,E:\study\DoAnPython\project\data\raw\train_images\5c32a747961eb1e26e8f01ff41711f83.jpg,..\data\processed\yolo_sahi_crop_classifier\crops\000186_5c32a747961eb1e26e8f01ff41711f83.jpg,1952403181,0,0,800,800,full_image,-1,0.0,0.0,True,0
187,71d3d13b71b1767a0d2717459584f8f8.jpg,E:\study\DoAnPython\project\data\raw\train_images\71d3d13b71b1767a0d2717459584f8f8.jpg,..\data\processed\yolo_sahi_crop_classifier\crops\000187_71d3d13b71b1767a0d2717459584f8f8.jpg,3092902997,128,25,339,339,spoon,44,0.28412461280822754,0.20477899726115126,False,2
188,b73c16dbf4d5949a1bff713d4de55900.jpg,E:\study\DoAnPython\project\data\raw\train_images\b73c16dbf4d5949a1bff713d4de55900.jpg,..\data\processed\yolo_sahi_crop_classifier\crops\000188_b73c16dbf4d5949a1bff713d4de55900.jpg,2105411524,360,5,800,531,dining table,60,0.5792344808578491,0.32934969006707776,False,7
189,785840bcf53d4841652b57a1c9eb7724.jpg,E:\study\DoAnPython\project\data\raw\train_images\785840bcf53d4841652b57a1c9eb7724.jpg,..\data\processed\yolo_sahi_crop_classifier\crops\000189_785840bcf53d4841652b57a1c9eb7724.jpg,3027798817,360,197,758,523,toilet,61,0.4026474058628082,0.16824387091123202,False,4
190,9047f587b7e1a53049f4f58a7e072b3c.jpg,E:\study\DoAnPython\project\data\raw\train_images\9047f587b7e1a53049f4f58a7e072b3c.jpg,..\data\processed\yolo_sahi_crop_classifier\crops\000190_9047f587b7e1a53049f4f58a7e072b3c.jpg,959596591,229,104,300,326,bottle,39,0.6668871641159058,0.09793397516249935,False,7
191,46ea8f96bc12603b438ad8e84c9ac41a.jpg,E:\study\DoAnPython\project\data\raw\train_images\46ea8f96bc12603b438ad8e84c9ac41a.jpg,..\data\processed\yolo_sahi_crop_classifier\crops\000191_46ea8f96bc12603b438ad8e84c9ac41a.jpg,2252321213,485,500,987,938,refrigerator,72,0.2704096734523773,0.11761919395062512,False,1
192,773e5a0b9645355e37e208f735f327e1.jpg,E:\study\DoAnPython\project\data\raw\train_images\773e5a0b9645355e37e208f735f327e1.jpg,..\data\processed\yolo_sahi_crop_classifier\crops\000192_773e5a0b9645355e37e208f735f327e1.jpg,3361632985,197,468,486,789,banana,46,0.7241934537887573,0.2005701837138465,False,3
193,4f39cbaaaba528f53d95c1d3f6e90528.jpg,E:\study\DoAnPython\project\data\raw\train_images\4f39cbaaaba528f53d95c1d3f6e90528.jpg,..\data\processed\yolo_sahi_crop_classifier\crops\000193_4f39cbaaaba528f53d95c1d3f6e90528.jpg,1451638909,0,340,351,518,refrigerator,72,0.5196512937545776,0.1812546692663691,False,17
194,3e90393469ca7411d3e5921eb71e2482.jpg,E:\study\DoAnPython\project\data\raw\train_images\3e90393469ca7411d3e5921eb71e2482.jpg,..\data\processed\yolo_sahi_crop_classifier\crops\000194_3e90393469ca7411d3e5921eb71e2482.jpg,520338796,60,346,238,600,skateboard,36,0.9352154731750488,0.31240800985347394,False,11
195,d5d9da119c9425cac32a3dcd5e3d5b8b.jpg,E:\study\DoAnPython\project\data\raw\train_images\d5d9da119c9425cac32a3dcd5e3d5b8b.jpg,..\data\processed\yolo_sahi_crop_classifier\crops\000195_d5d9da119c9425cac32a3dcd5e3d5b8b.jpg,872658946,0,269,530,800,dining table,60,0.628886878490448,0.4005221378758005,False,20
196,4f2a2c737142fa64ea121a6f50610388.jpg,E:\study\DoAnPython\project\data\raw\train_images\4f2a2c737142fa64ea121a6f50610388.jpg,..\data\processed\yolo_sahi_crop_classifier\crops\000196_4f2a2c737142fa64ea121a6f50610388.jpg,117919900,0,0,640,640,full_image,-1,0.0,0.0,True,0
197,0dab76c6be8e66d249d486945018b9ce.jpg,E:\study\DoAnPython\project\data\raw\train_images\0dab76c6be8e66d249d486945018b9ce.jpg,..\data\processed\yolo_sahi_crop_classifier\crops\000197_0dab76c6be8e66d249d486945018b9ce.jpg,3801821828,220,174,700,700,refrigerator,72,0.4682163894176483,0.3168905906293146,False,13
198,3c096618e5b8054d8eebfaaca818e798.jpg,E:\study\DoAnPython\project\data\raw\train_images\3c096618e5b8054d8eebfaaca818e798.jpg,..\data\processed\yolo_sahi_crop_classifier\crops\000198_3c096618e5b8054d8eebfaaca818e798.jpg,281151013,213,502,521,951,laptop,63,0.7991823554039001,0.269523708857695,False,5
199,2bf209e2dee7953702eb0510d7e7597b.jpg,E:\study\DoAnPython\project\data\raw\train_images\2bf209e2dee7953702eb0510d7e7597b.jpg,..\data\processed\yolo_sahi_crop_classifier\crops\000199_2bf209e2dee7953702eb0510d7e7597b.jpg,2884803637,2,199,137,525,person,0,0.8255199790000916,0.2884770543463515,False,8
200,fdf01e1d66bd4b8a516737719fba1ddc.jpg,E:\study\DoAnPython\project\data\raw\train_images\fdf01e1d66bd4b8a516737719fba1ddc.jpg,..\data\processed\yolo_sahi_crop_classifier\crops\000200_fdf01e1d66bd4b8a516737719fba1ddc.jpg,3357042053,451,10,597,349,tennis racket,38,0.7634297013282776,0.22573335857933677,False,16
201,31b116e6aef7c85366f4c1c4a74f7c72.jpg,E:\study\DoAnPython\project\data\raw\train_images\31b116e6aef7c85366f4c1c4a74f7c72.jpg,..\data\processed\yolo_sahi_crop_classifier\crops\000201_31b116e6aef7c85366f4c1c4a74f7c72.jpg,1810689599,641,637,912,901,stop sign,11,0.7866405844688416,0.19088895764523053,False,7
202,d0e0be0d441109a571123f505e83777a.jpg,E:\study\DoAnPython\project\data\raw\train_images\d0e0be0d441109a571123f505e83777a.jpg,..\data\processed\yolo_sahi_crop_classifier\crops\000202_d0e0be0d441109a571123f505e83777a.jpg,2055865658,109,81,640,527,pizza,53,0.654430091381073,0.47032049805029463,False,4
203,a0d88d9b6e76b47d2a6a05a97e0648b9.jpg,E:\study\DoAnPython\project\data\raw\train_images\a0d88d9b6e76b47d2a6a05a97e0648b9.jpg,..\data\processed\yolo_sahi_crop_classifier\crops\000203_a0d88d9b6e76b47d2a6a05a97e0648b9.jpg,3798330592,195,444,602,693,keyboard,66,0.2528829872608185,0.10661007236419548,False,4
204,240eaa00b9e5b2b440e86f6777dee1b9.jpg,E:\study\DoAnPython\project\data\raw\train_images\240eaa00b9e5b2b440e86f6777dee1b9.jpg,..\data\processed\yolo_sahi_crop_classifier\crops\000204_240eaa00b9e5b2b440e86f6777dee1b9.jpg,4285662273,0,15,620,640,suitcase,28,0.7087699770927429,0.6478515382604092,False,2
205,ded0c65b41b2e102e345794a6d460042.jpg,E:\study\DoAnPython\project\data\raw\train_images\ded0c65b41b2e102e345794a6d460042.jpg,..\data\processed\yolo_sahi_crop_classifier\crops\000205_ded0c65b41b2e102e345794a6d460042.jpg,2740876823,0,0,640,640,full_image,-1,0.0,0.0,True,0
206,ba0e28cb288bd3aa82b964f2dea5308a.jpg,E:\study\DoAnPython\project\data\raw\train_images\ba0e28cb288bd3aa82b964f2dea5308a.jpg,..\data\processed\yolo_sahi_crop_classifier\crops\000206_ba0e28cb288bd3aa82b964f2dea5308a.jpg,2494171542,109,121,640,640,bench,13,0.4456525146961212,0.34522272454345665,False,1
207,ec93392c1482b5989df0a46d24317625.jpg,E:\study\DoAnPython\project\data\raw\train_images\ec93392c1482b5989df0a46d24317625.jpg,..\data\processed\yolo_sahi_crop_classifier\crops\000207_ec93392c1482b5989df0a46d24317625.jpg,2123332638,0,0,640,640,full_image,-1,0.0,0.0,True,0
208,a4718bee604a948d8a854e74647745ae.jpg,E:\study\DoAnPython\project\data\raw\train_images\a4718bee604a948d8a854e74647745ae.jpg,..\data\processed\yolo_sahi_crop_classifier\crops\000208_a4718bee604a948d8a854e74647745ae.jpg,241987908,86,125,429,491,parking meter,12,0.2652324438095093,0.10918713232311006,False,3
209,f1426e5a3da4c3510e77d527e154f8c9.jpg,E:\study\DoAnPython\project\data\raw\train_images\f1426e5a3da4c3510e77d527e154f8c9.jpg,..\data\processed\yolo_sahi_crop_classifier\crops\000209_f1426e5a3da4c3510e77d527e154f8c9.jpg,3216433143,0,0,300,300,full_image,-1,0.0,0.0,True,0
210,a5ae7933d327db8ab88b05dcfad8f48c.jpg,E:\study\DoAnPython\project\data\raw\train_images\a5ae7933d327db8ab88b05dcfad8f48c.jpg,..\data\processed\yolo_sahi_crop_classifier\crops\000210_a5ae7933d327db8ab88b05dcfad8f48c.jpg,4222983165,728,309,926,487,clock,74,0.38219887018203735,0.06523075388613239,False,1
211,f846a9057631c4da2ab9c2dc0378c055.jpg,E:\study\DoAnPython\project\data\raw\train_images\f846a9057631c4da2ab9c2dc0378c055.jpg,..\data\processed\yolo_sahi_crop_classifier\crops\000211_f846a9057631c4da2ab9c2dc0378c055.jpg,3740972720,295,115,570,486,book,73,0.33266913890838623,0.16445265958053942,False,1
212,361605c358115eb4bed7bcc6c4cc9b6d.jpg,E:\study\DoAnPython\project\data\raw\train_images\361605c358115eb4bed7bcc6c4cc9b6d.jpg,..\data\processed\yolo_sahi_crop_classifier\crops\000212_361605c358115eb4bed7bcc6c4cc9b6d.jpg,2442347056,562,154,746,524,toothbrush,79,0.8352798819541931,0.25816700335345244,False,13
213,dc7a2864f770085179bf5736cc94888a.jpg,E:\study\DoAnPython\project\data\raw\train_images\dc7a2864f770085179bf5736cc94888a.jpg,..\data\processed\yolo_sahi_crop_classifier\crops\000213_dc7a2864f770085179bf5736cc94888a.jpg,581895357,19,161,498,441,frisbee,29,0.2869136333465576,0.18876754235652943,False,1
214,be9a41b6f989a2879f5b6bc4ff012395.jpg,E:\study\DoAnPython\project\data\raw\train_images\be9a41b6f989a2879f5b6bc4ff012395.jpg,..\data\processed\yolo_sahi_crop_classifier\crops\000214_be9a41b6f989a2879f5b6bc4ff012395.jpg,1163569239,367,207,640,844,bottle,39,0.3189108967781067,0.12042687121117067,False,5
215,74335fbf0add9f18dfec55832cb4b7b7.jpg,E:\study\DoAnPython\project\data\raw\train_images\74335fbf0add9f18dfec55832cb4b7b7.jpg,..\data\processed\yolo_sahi_crop_classifier\crops\000215_74335fbf0add9f18dfec55832cb4b7b7.jpg,2937525435,113,0,515,640,refrigerator,72,0.5165737867355347,0.3886726990561432,False,2
216,8b5ccd11e06ea273230364153fbdfd6a.jpg,E:\study\DoAnPython\project\data\raw\train_images\8b5ccd11e06ea273230364153fbdfd6a.jpg,..\data\processed\yolo_sahi_crop_classifier\crops\000216_8b5ccd11e06ea273230364153fbdfd6a.jpg,2403031581,125,124,470,280,bowl,45,0.4720052182674408,0.17002049337674768,False,14
217,4851da5e4b570ab7147566c85b3fabc2.jpg,E:\study\DoAnPython\project\data\raw\train_images\4851da5e4b570ab7147566c85b3fabc2.jpg,..\data\processed\yolo_sahi_crop_classifier\crops\000217_4851da5e4b570ab7147566c85b3fabc2.jpg,4008739863,41,160,194,500,vase,75,0.6385377049446106,0.21208899443946827,False,5
218,ae57ae6dfa7b3c6cf89794bd25cd1bd8.jpg,E:\study\DoAnPython\project\data\raw\train_images\ae57ae6dfa7b3c6cf89794bd25cd1bd8.jpg,..\data\processed\yolo_sahi_crop_classifier\crops\000218_ae57ae6dfa7b3c6cf89794bd25cd1bd8.jpg,3967663824,0,172,24,678,train,6,0.32277607917785645,0.04897312885497992,False,2
219,052f210d451349a3b12df2a887d51563.jpg,E:\study\DoAnPython\project\data\raw\train_images\052f210d451349a3b12df2a887d51563.jpg,..\data\processed\yolo_sahi_crop_classifier\crops\000219_052f210d451349a3b12df2a887d51563.jpg,1397230201,111,121,580,379,bus,5,0.2922704815864563,0.147555441712841,False,1
220,8b95ff0c5f865c39ab4fb97495981549.jpg,E:\study\DoAnPython\project\data\raw\train_images\8b95ff0c5f865c39ab4fb97495981549.jpg,..\data\processed\yolo_sahi_crop_classifier\crops\000220_8b95ff0c5f865c39ab4fb97495981549.jpg,1673669565,0,0,370,370,full_image,-1,0.0,0.0,True,0
221,0ae76a6fcdc648f3c2329bd54c09cf15.jpg,E:\study\DoAnPython\project\data\raw\train_images\0ae76a6fcdc648f3c2329bd54c09cf15.jpg,..\data\processed\yolo_sahi_crop_classifier\crops\000221_0ae76a6fcdc648f3c2329bd54c09cf15.jpg,1829510643,444,0,640,268,suitcase,28,0.46107152104377747,0.15562664646711447,False,9
222,5ce81c1a107b3ac7b5fe555c2f94cb71.jpg,E:\study\DoAnPython\project\data\raw\train_images\5ce81c1a107b3ac7b5fe555c2f94cb71.jpg,..\data\processed\yolo_sahi_crop_classifier\crops\000222_5ce81c1a107b3ac7b5fe555c2f94cb71.jpg,3178142572,355,251,518,521,toilet,61,0.8229069113731384,0.1561382225785814,False,6
223,04f28e4d37ad224fe5815b1295e48217.jpg,E:\study\DoAnPython\project\data\raw\train_images\04f28e4d37ad224fe5815b1295e48217.jpg,..\data\processed\yolo_sahi_crop_classifier\crops\000223_04f28e4d37ad224fe5815b1295e48217.jpg,2310144463,63,27,578,604,bottle,39,0.4642309248447418,0.3670031753955848,False,3
224,53b8099059bc061262e80a9cab75382e.jpg,E:\study\DoAnPython\project\data\raw\train_images\53b8099059bc061262e80a9cab75382e.jpg,..\data\processed\yolo_sahi_crop_classifier\crops\000224_53b8099059bc061262e80a9cab75382e.jpg,2976823387,300,127,555,304,cake,55,0.39320433139801025,0.09719511799588898,False,1
225,521b33dbe0d4b9d4da652fdc9100c7a7.jpg,E:\study\DoAnPython\project\data\raw\train_images\521b33dbe0d4b9d4da652fdc9100c7a7.jpg,..\data\processed\yolo_sahi_crop_classifier\crops\000225_521b33dbe0d4b9d4da652fdc9100c7a7.jpg,3862231134,170,577,434,640,person,0,0.5171203017234802,0.09897923325804893,False,2
226,8e3866d615e0d523a68e725281112435.jpg,E:\study\DoAnPython\project\data\raw\train_images\8e3866d615e0d523a68e725281112435.jpg,..\data\processed\yolo_sahi_crop_classifier\crops\000226_8e3866d615e0d523a68e725281112435.jpg,3676422000,469,0,1000,328,person,0,0.8805774450302124,0.34978992424632793,False,11
227,5c8648ee81adadf2609f109dc5b225b5.jpg,E:\study\DoAnPython\project\data\raw\train_images\5c8648ee81adadf2609f109dc5b225b5.jpg,..\data\processed\yolo_sahi_crop_classifier\crops\000227_5c8648ee81adadf2609f109dc5b225b5.jpg,1985393774,196,56,351,528,refrigerator,72,0.8191337585449219,0.21503276928682993,False,10
228,dbdc85177d752dbbfd5b9e8b1dfe51bf.jpg,E:\study\DoAnPython\project\data\raw\train_images\dbdc85177d752dbbfd5b9e8b1dfe51bf.jpg,..\data\processed\yolo_sahi_crop_classifier\crops\000228_dbdc85177d752dbbfd5b9e8b1dfe51bf.jpg,997220911,0,0,532,519,refrigerator,72,0.3955632150173187,0.30866888648987995,False,3
229,f7967d660c1ba5a441e119816dabcbb6.jpg,E:\study\DoAnPython\project\data\raw\train_images\f7967d660c1ba5a441e119816dabcbb6.jpg,..\data\processed\yolo_sahi_crop_classifier\crops\000229_f7967d660c1ba5a441e119816dabcbb6.jpg,2879545382,166,229,524,832,cup,41,0.7910836338996887,0.373682282744873,False,7
230,258940bfa198f4cee7ed4efcb1a0874a.jpg,E:\study\DoAnPython\project\data\raw\train_images\258940bfa198f4cee7ed4efcb1a0874a.jpg,..\data\processed\yolo_sahi_crop_classifier\crops\000230_258940bfa198f4cee7ed4efcb1a0874a.jpg,718674767,270,70,636,523,teddy bear,77,0.5682799220085144,0.3359408715861353,False,4
231,87bf6e4d3a6cb9fca573fc80ca21deb3.jpg,E:\study\DoAnPython\project\data\raw\train_images\87bf6e4d3a6cb9fca573fc80ca21deb3.jpg,..\data\processed\yolo_sahi_crop_classifier\crops\000231_87bf6e4d3a6cb9fca573fc80ca21deb3.jpg,4161543508,173,8,362,165,potted plant,58,0.4765529930591583,0.11942875893327741,False,1
232,17d0a47279d0ad33633fbd189ee826a2.jpg,E:\study\DoAnPython\project\data\raw\train_images\17d0a47279d0ad33633fbd189ee826a2.jpg,..\data\processed\yolo_sahi_crop_classifier\crops\000232_17d0a47279d0ad33633fbd189ee826a2.jpg,3171612567,307,0,668,699,cell phone,67,0.4916878640651703,0.33178058393481996,False,1
233,51a0c8d319d9d7abd6b10a3cab16afe5.jpg,E:\study\DoAnPython\project\data\raw\train_images\51a0c8d319d9d7abd6b10a3cab16afe5.jpg,..\data\processed\yolo_sahi_crop_classifier\crops\000233_51a0c8d319d9d7abd6b10a3cab16afe5.jpg,4271359781,262,238,605,550,pizza,53,0.39224907755851746,0.1864130436510725,False,2
234,6214e571aa27801d33b9078f7ab93e1e.jpg,E:\study\DoAnPython\project\data\raw\train_images\6214e571aa27801d33b9078f7ab93e1e.jpg,..\data\processed\yolo_sahi_crop_classifier\crops\000234_6214e571aa27801d33b9078f7ab93e1e.jpg,3130500495,0,0,347,529,cell phone,67,0.48408687114715576,0.305858674240776,False,4
235,45e5e1c0fbd9f197f1149d3ea5deae34.jpg,E:\study\DoAnPython\project\data\raw\train_images\45e5e1c0fbd9f197f1149d3ea5deae34.jpg,..\data\processed\yolo_sahi_crop_classifier\crops\000235_45e5e1c0fbd9f197f1149d3ea5deae34.jpg,3096249186,283,289,437,641,book,73,0.8523082733154297,0.23083239798409474,False,4
236,43529488f47268625078abd6309a913a.jpg,E:\study\DoAnPython\project\data\raw\train_images\43529488f47268625078abd6309a913a.jpg,..\data\processed\yolo_sahi_crop_classifier\crops\000236_43529488f47268625078abd6309a913a.jpg,2974535963,0,0,646,430,keyboard,66,0.957478404045105,0.47353257105445956,False,4
237,9cce9a844e58e007dc7dc7cc7b742226.jpg,E:\study\DoAnPython\project\data\raw\train_images\9cce9a844e58e007dc7dc7cc7b742226.jpg,..\data\processed\yolo_sahi_crop_classifier\crops\000237_9cce9a844e58e007dc7dc7cc7b742226.jpg,1155758508,223,0,566,531,person,0,0.8386493921279907,0.5275063114677421,False,2
238,f0a0b3e19f2e4ad3d9235f89c674f9f4.jpg,E:\study\DoAnPython\project\data\raw\train_images\f0a0b3e19f2e4ad3d9235f89c674f9f4.jpg,..\data\processed\yolo_sahi_crop_classifier\crops\000238_f0a0b3e19f2e4ad3d9235f89c674f9f4.jpg,1517086716,203,33,426,613,book,73,0.5128858089447021,0.26743424582051456,False,1
239,3e214accdd82e43e218d3e37cf7de11d.jpg,E:\study\DoAnPython\project\data\raw\train_images\3e214accdd82e43e218d3e37cf7de11d.jpg,..\data\processed\yolo_sahi_crop_classifier\crops\000239_3e214accdd82e43e218d3e37cf7de11d.jpg,2222575338,242,87,424,577,umbrella,25,0.4549176096916199,0.15797746793189027,False,2
240,6b4a767fa8d9b4d099cd3356e23f13fa.jpg,E:\study\DoAnPython\project\data\raw\train_images\6b4a767fa8d9b4d099cd3356e23f13fa.jpg,..\data\processed\yolo_sahi_crop_classifier\crops\000240_6b4a767fa8d9b4d099cd3356e23f13fa.jpg,2919586208,31,37,630,610,person,0,0.49183744192123413,0.4171914171628851,False,1
241,f03c114cca1123b8158dc8a25d65561c.jpg,E:\study\DoAnPython\project\data\raw\train_images\f03c114cca1123b8158dc8a25d65561c.jpg,..\data\processed\yolo_sahi_crop_classifier\crops\000241_f03c114cca1123b8158dc8a25d65561c.jpg,3082862869,57,0,408,514,book,73,0.5903950333595276,0.3677552077396571,False,12
242,42f801bcfbad8f650f3b51d3d44d7f41.jpg,E:\study\DoAnPython\project\data\raw\train_images\42f801bcfbad8f650f3b51d3d44d7f41.jpg,..\data\processed\yolo_sahi_crop_classifier\crops\000242_42f801bcfbad8f650f3b51d3d44d7f41.jpg,3804159527,251,179,542,980,bottle,39,0.6872304081916809,0.30114902632533297,False,7
243,7c0d47e291cf1bfa9ebd7a90525590db.jpg,E:\study\DoAnPython\project\data\raw\train_images\7c0d47e291cf1bfa9ebd7a90525590db.jpg,..\data\processed\yolo_sahi_crop_classifier\crops\000243_7c0d47e291cf1bfa9ebd7a90525590db.jpg,3481795291,335,0,389,640,surfboard,37,0.5680922269821167,0.15527430222038718,False,3
244,faa7c6ba74edab6c6245f3cc543b715a.jpg,E:\study\DoAnPython\project\data\raw\train_images\faa7c6ba74edab6c6245f3cc543b715a.jpg,..\data\processed\yolo_sahi_crop_classifier\crops\000244_faa7c6ba74edab6c6245f3cc543b715a.jpg,1520676304,220,26,416,529,person,0,0.7655539512634277,0.34873052423765727,False,3
245,eddbf4a9bd9b287b916605676eedf515.jpg,E:\study\DoAnPython\project\data\raw\train_images\eddbf4a9bd9b287b916605676eedf515.jpg,..\data\processed\yolo_sahi_crop_classifier\crops\000245_eddbf4a9bd9b287b916605676eedf515.jpg,163505030,30,14,467,360,book,73,0.6306169629096985,0.45546089134998907,False,2
246,d83f117c2442b1b9f141af5694c28c4c.jpg,E:\study\DoAnPython\project\data\raw\train_images\d83f117c2442b1b9f141af5694c28c4c.jpg,..\data\processed\yolo_sahi_crop_classifier\crops\000246_d83f117c2442b1b9f141af5694c28c4c.jpg,3786047617,24,42,626,604,cell phone,67,0.7179955840110779,0.605472120038359,False,2
247,084f1e006b4493a566a21dc68e13676b.jpg,E:\study\DoAnPython\project\data\raw\train_images\084f1e006b4493a566a21dc68e13676b.jpg,..\data\processed\yolo_sahi_crop_classifier\crops\000247_084f1e006b4493a566a21dc68e13676b.jpg,871679006,402,501,632,835,potted plant,58,0.8126218914985657,0.20439783655588248,False,13
248,c05d3981445174e65d8ebaf150344ac7.jpg,E:\study\DoAnPython\project\data\raw\train_images\c05d3981445174e65d8ebaf150344ac7.jpg,..\data\processed\yolo_sahi_crop_classifier\crops\000248_c05d3981445174e65d8ebaf150344ac7.jpg,3790388427,47,94,337,361,cell phone,67,0.8176815509796143,0.4491834599096658,False,1
249,ed95ccaa257c0eaa442112fad25e21ff.jpg,E:\study\DoAnPython\project\data\raw\train_images\ed95ccaa257c0eaa442112fad25e21ff.jpg,..\data\processed\yolo_sahi_crop_classifier\crops\000249_ed95ccaa257c0eaa442112fad25e21ff.jpg,2326988215,15,209,447,640,person,0,0.832572877407074,0.5293859990226446,False,1
250,433d8383d635e04a2b56e2e09ea4f146.jpg,E:\study\DoAnPython\project\data\raw\train_images\433d8383d635e04a2b56e2e09ea4f146.jpg,..\data\processed\yolo_sahi_crop_classifier\crops\000250_433d8383d635e04a2b56e2e09ea4f146.jpg,3175137066,237,352,522,598,microwave,68,0.8712372183799744,0.2676928634284031,False,18
251,9c2f72857a29f165cca36dab648ee150.jpg,E:\study\DoAnPython\project\data\raw\train_images\9c2f72857a29f165cca36dab648ee150.jpg,..\data\processed\yolo_sahi_crop_classifier\crops\000251_9c2f72857a29f165cca36dab648ee150.jpg,2302152800,33,85,516,554,parking meter,12,0.8639174103736877,0.6954845636689168,False,1
252,327a251be5f0cc8bf2966be6ba366710.jpg,E:\study\DoAnPython\project\data\raw\train_images\327a251be5f0cc8bf2966be6ba366710.jpg,..\data\processed\yolo_sahi_crop_classifier\crops\000252_327a251be5f0cc8bf2966be6ba366710.jpg,4116469576,183,106,509,912,bottle,39,0.4168147146701813,0.19346274967580507,False,7
253,a4e9e8bea5e4a5ae85355807b0328f6c.jpg,E:\study\DoAnPython\project\data\raw\train_images\a4e9e8bea5e4a5ae85355807b0328f6c.jpg,..\data\processed\yolo_sahi_crop_classifier\crops\000253_a4e9e8bea5e4a5ae85355807b0328f6c.jpg,2999380171,0,268,204,800,person,0,0.5010459423065186,0.19782195486731038,False,6
254,f1042d1908c9a733704c39f1575d040b.jpg,E:\study\DoAnPython\project\data\raw\train_images\f1042d1908c9a733704c39f1575d040b.jpg,..\data\processed\yolo_sahi_crop_classifier\crops\000254_f1042d1908c9a733704c39f1575d040b.jpg,2697778163,585,397,893,784,parking meter,12,0.6588566303253174,0.20616797486287008,False,2
255,47b6123d912a5d66be10c4d8bdb165a0.jpg,E:\study\DoAnPython\project\data\raw\train_images\47b6123d912a5d66be10c4d8bdb165a0.jpg,..\data\processed\yolo_sahi_crop_classifier\crops\000255_47b6123d912a5d66be10c4d8bdb165a0.jpg,4163093076,0,0,640,640,full_image,-1,0.0,0.0,True,0
256,87c37258056065e9fd56aadf3094b328.jpg,E:\study\DoAnPython\project\data\raw\train_images\87c37258056065e9fd56aadf3094b328.jpg,..\data\processed\yolo_sahi_crop_classifier\crops\000256_87c37258056065e9fd56aadf3094b328.jpg,1232051693,362,0,709,1024,person,0,0.8293007612228394,0.4581948418536695,False,20
257,60fb6a5bb740bc7fee1fa392f998719c.jpg,E:\study\DoAnPython\project\data\raw\train_images\60fb6a5bb740bc7fee1fa392f998719c.jpg,..\data\processed\yolo_sahi_crop_classifier\crops\000257_60fb6a5bb740bc7fee1fa392f998719c.jpg,2789809344,73,111,356,610,book,73,0.7220969796180725,0.393716779655442,False,2
258,e2f15fb91b6a1cdfc9a19284ad3372b3.jpg,E:\study\DoAnPython\project\data\raw\train_images\e2f15fb91b6a1cdfc9a19284ad3372b3.jpg,..\data\processed\yolo_sahi_crop_classifier\crops\000258_e2f15fb91b6a1cdfc9a19284ad3372b3.jpg,741712107,0,0,1000,1000,full_image,-1,0.0,0.0,True,0
259,e04298b257915cfdbcc5fdf1248e2cd9.jpg,E:\study\DoAnPython\project\data\raw\train_images\e04298b257915cfdbcc5fdf1248e2cd9.jpg,..\data\processed\yolo_sahi_crop_classifier\crops\000259_e04298b257915cfdbcc5fdf1248e2cd9.jpg,166358449,33,430,416,640,person,0,0.8296050429344177,0.34712130560597915,False,6
260,b6b7dc77f695e2239c6fd1df3d385bf8.jpg,E:\study\DoAnPython\project\data\raw\train_images\b6b7dc77f695e2239c6fd1df3d385bf8.jpg,..\data\processed\yolo_sahi_crop_classifier\crops\000260_b6b7dc77f695e2239c6fd1df3d385bf8.jpg,2602613399,0,0,505,505,full_image,-1,0.0,0.0,True,0
261,327832aca04bdc0553fef34f8fc9a46e.jpg,E:\study\DoAnPython\project\data\raw\train_images\327832aca04bdc0553fef34f8fc9a46e.jpg,..\data\processed\yolo_sahi_crop_classifier\crops\000261_327832aca04bdc0553fef34f8fc9a46e.jpg,1544412982,247,326,521,718,cup,41,0.3968944847583771,0.14197886120116462,False,3
262,2956442026d96de3fa1dc52b311e9aa2.jpg,E:\study\DoAnPython\project\data\raw\train_images\2956442026d96de3fa1dc52b311e9aa2.jpg,..\data\processed\yolo_sahi_crop_classifier\crops\000262_2956442026d96de3fa1dc52b311e9aa2.jpg,66470530,0,123,1019,1008,cake,55,0.4755008816719055,0.4111730431912162,False,17
263,5f96d0c3491e08c6446a4b974bbe1537.jpg,E:\study\DoAnPython\project\data\raw\train_images\5f96d0c3491e08c6446a4b974bbe1537.jpg,..\data\processed\yolo_sahi_crop_classifier\crops\000263_5f96d0c3491e08c6446a4b974bbe1537.jpg,3731124907,163,0,464,956,scissors,76,0.7680464386940002,0.38911994785069937,False,15
264,b406f2e62ab11f50a481f8c14a8fb142.jpg,E:\study\DoAnPython\project\data\raw\train_images\b406f2e62ab11f50a481f8c14a8fb142.jpg,..\data\processed\yolo_sahi_crop_classifier\crops\000264_b406f2e62ab11f50a481f8c14a8fb142.jpg,2901819840,393,19,679,316,cake,55,0.6489149332046509,0.24719323721315709,False,14
265,712eb5ab71d02133b694d7f04339f49d.jpg,E:\study\DoAnPython\project\data\raw\train_images\712eb5ab71d02133b694d7f04339f49d.jpg,..\data\processed\yolo_sahi_crop_classifier\crops\000265_712eb5ab71d02133b694d7f04339f49d.jpg,3475174996,203,269,411,800,tie,27,0.8523306846618652,0.33281507852158243,False,9
266,cea818675bb358a81c5843759d67e9a6.jpg,E:\study\DoAnPython\project\data\raw\train_images\cea818675bb358a81c5843759d67e9a6.jpg,..\data\processed\yolo_sahi_crop_classifier\crops\000266_cea818675bb358a81c5843759d67e9a6.jpg,381098976,231,332,435,453,donut,54,0.8296248316764832,0.173659971230704,False,4
267,01ed4552dfe630aa5bc0a49555977614.jpg,E:\study\DoAnPython\project\data\raw\train_images\01ed4552dfe630aa5bc0a49555977614.jpg,..\data\processed\yolo_sahi_crop_classifier\crops\000267_01ed4552dfe630aa5bc0a49555977614.jpg,21546494,265,304,492,552,cup,41,0.3240569829940796,0.1115440877539436,False,3
268,c1fec8c147ff281410009a14d2efbe2e.jpg,E:\study\DoAnPython\project\data\raw\train_images\c1fec8c147ff281410009a14d2efbe2e.jpg,..\data\processed\yolo_sahi_crop_classifier\crops\000268_c1fec8c147ff281410009a14d2efbe2e.jpg,3475893989,0,348,665,735,cell phone,67,0.5892617106437683,0.35085203401743464,False,8
269,7c4a064b1f0f365bdf68d26b40a60eff.jpg,E:\study\DoAnPython\project\data\raw\train_images\7c4a064b1f0f365bdf68d26b40a60eff.jpg,..\data\processed\yolo_sahi_crop_classifier\crops\000269_7c4a064b1f0f365bdf68d26b40a60eff.jpg,2557300142,270,273,800,710,person,0,0.4525813162326813,0.25660552436744327,False,3
270,67ac38999e37e850e5bbae67755f8bb8.jpg,E:\study\DoAnPython\project\data\raw\train_images\67ac38999e37e850e5bbae67755f8bb8.jpg,..\data\processed\yolo_sahi_crop_classifier\crops\000270_67ac38999e37e850e5bbae67755f8bb8.jpg,2527730263,285,91,755,966,vase,75,0.6149469614028931,0.35710125377978363,False,3
271,b1149519fe67b118baf15f41115cc207.jpg,E:\study\DoAnPython\project\data\raw\train_images\b1149519fe67b118baf15f41115cc207.jpg,..\data\processed\yolo_sahi_crop_classifier\crops\000271_b1149519fe67b118baf15f41115cc207.jpg,2395148001,93,197,336,449,clock,74,0.726229190826416,0.26037118233032297,False,11
272,26d65a4b202e1d07860f7553af260c6e.jpg,E:\study\DoAnPython\project\data\raw\train_images\26d65a4b202e1d07860f7553af260c6e.jpg,..\data\processed\yolo_sahi_crop_classifier\crops\000272_26d65a4b202e1d07860f7553af260c6e.jpg,3623529278,0,0,640,508,refrigerator,72,0.4688861072063446,0.4029003751544415,False,7
273,c97ea7dcb0d0566abd364d0a19da59da.jpg,E:\study\DoAnPython\project\data\raw\train_images\c97ea7dcb0d0566abd364d0a19da59da.jpg,..\data\processed\yolo_sahi_crop_classifier\crops\000273_c97ea7dcb0d0566abd364d0a19da59da.jpg,3325336141,169,26,318,475,bottle,39,0.7301563024520874,0.35157765210119285,False,1
274,3c2fa3d3bbef985b0c3690a19968ec3b.jpg,E:\study\DoAnPython\project\data\raw\train_images\3c2fa3d3bbef985b0c3690a19968ec3b.jpg,..\data\processed\yolo_sahi_crop_classifier\crops\000274_3c2fa3d3bbef985b0c3690a19968ec3b.jpg,2023823633,252,243,348,488,toothbrush,79,0.7935646772384644,0.1772297144715359,False,8
275,168f9768e1b324454da80c2c7ed74879.jpg,E:\study\DoAnPython\project\data\raw\train_images\168f9768e1b324454da80c2c7ed74879.jpg,..\data\processed\yolo_sahi_crop_classifier\crops\000275_168f9768e1b324454da80c2c7ed74879.jpg,4289396213,115,19,522,507,refrigerator,72,0.5778843760490417,0.37273559754080354,False,7
276,111ee202bca2ff22919e91c5cd8d88e6.jpg,E:\study\DoAnPython\project\data\raw\train_images\111ee202bca2ff22919e91c5cd8d88e6.jpg,..\data\processed\yolo_sahi_crop_classifier\crops\000276_111ee202bca2ff22919e91c5cd8d88e6.jpg,22285547,194,95,506,674,person,0,0.5209580659866333,0.29369115578680133,False,2
277,40715546e60553b4a39cf65b9ff0a391.jpg,E:\study\DoAnPython\project\data\raw\train_images\40715546e60553b4a39cf65b9ff0a391.jpg,..\data\processed\yolo_sahi_crop_classifier\crops\000277_40715546e60553b4a39cf65b9ff0a391.jpg,3113678103,128,351,385,469,person,0,0.8445323705673218,0.1956201346872014,False,10
278,18317c1fc8ef058bd343a0c220e7a99c.jpg,E:\study\DoAnPython\project\data\raw\train_images\18317c1fc8ef058bd343a0c220e7a99c.jpg,..\data\processed\yolo_sahi_crop_classifier\crops\000278_18317c1fc8ef058bd343a0c220e7a99c.jpg,2230820771,0,91,343,563,book,73,0.6492564082145691,0.3827498301111083,False,5
279,dabdbebee60e0e12ca97c808c71e973c.jpg,E:\study\DoAnPython\project\data\raw\train_images\dabdbebee60e0e12ca97c808c71e973c.jpg,..\data\processed\yolo_sahi_crop_classifier\crops\000279_dabdbebee60e0e12ca97c808c71e973c.jpg,568434175,0,0,800,800,person,0,0.7907212376594543,0.7838018036256844,False,5
280,30eb17e666411d37cf6f4788b24fb6ad.jpg,E:\study\DoAnPython\project\data\raw\train_images\30eb17e666411d37cf6f4788b24fb6ad.jpg,..\data\processed\yolo_sahi_crop_classifier\crops\000280_30eb17e666411d37cf6f4788b24fb6ad.jpg,2859325130,15,254,213,627,bottle,39,0.35942190885543823,0.1419051709700467,False,3
281,ff8c51ae2b910bbd5b185932fafd81d5.jpg,E:\study\DoAnPython\project\data\raw\train_images\ff8c51ae2b910bbd5b185932fafd81d5.jpg,..\data\processed\yolo_sahi_crop_classifier\crops\000281_ff8c51ae2b910bbd5b185932fafd81d5.jpg,4230940845,503,250,796,521,bowl,45,0.5572060942649841,0.14244069543618726,False,7
282,a49364911a722a35f990b083ce92d458.jpg,E:\study\DoAnPython\project\data\raw\train_images\a49364911a722a35f990b083ce92d458.jpg,..\data\processed\yolo_sahi_crop_classifier\crops\000282_a49364911a722a35f990b083ce92d458.jpg,227608576,0,0,532,526,bowl,45,0.28016453981399536,0.2206082942184848,False,3
283,5b2e853f81ca6dec88fb6b2e98115dd7.jpg,E:\study\DoAnPython\project\data\raw\train_images\5b2e853f81ca6dec88fb6b2e98115dd7.jpg,..\data\processed\yolo_sahi_crop_classifier\crops\000283_5b2e853f81ca6dec88fb6b2e98115dd7.jpg,554411564,0,170,362,669,person,0,0.9340835213661194,0.5309959627289397,False,6
284,e1dfd673f7ee2fb19045e9b8e6993a9d.jpg,E:\study\DoAnPython\project\data\raw\train_images\e1dfd673f7ee2fb19045e9b8e6993a9d.jpg,..\data\processed\yolo_sahi_crop_classifier\crops\000284_e1dfd673f7ee2fb19045e9b8e6993a9d.jpg,2259957740,295,173,640,640,person,0,0.6757163405418396,0.4076398750225735,False,3
285,275a4cabc3644cf38a8c62769c85293a.jpg,E:\study\DoAnPython\project\data\raw\train_images\275a4cabc3644cf38a8c62769c85293a.jpg,..\data\processed\yolo_sahi_crop_classifier\crops\000285_275a4cabc3644cf38a8c62769c85293a.jpg,2923960299,253,175,442,701,bottle,39,0.8840217590332031,0.2522852926676835,False,7
286,b86cf7553ed6f0ac6a03d787c8cb8770.jpg,E:\study\DoAnPython\project\data\raw\train_images\b86cf7553ed6f0ac6a03d787c8cb8770.jpg,..\data\processed\yolo_sahi_crop_classifier\crops\000286_b86cf7553ed6f0ac6a03d787c8cb8770.jpg,1862066164,255,219,640,640,person,0,0.8266909122467041,0.4963071128778816,False,2
287,863978b3ad408a5f5e797dc91fb6664d.jpg,E:\study\DoAnPython\project\data\raw\train_images\863978b3ad408a5f5e797dc91fb6664d.jpg,..\data\processed\yolo_sahi_crop_classifier\crops\000287_863978b3ad408a5f5e797dc91fb6664d.jpg,3176269644,0,92,1024,1024,bed,59,0.7161253690719604,0.6692651253641922,False,14
288,e78bbccfefbbe11cdc3cec0bb78644d7.jpg,E:\study\DoAnPython\project\data\raw\train_images\e78bbccfefbbe11cdc3cec0bb78644d7.jpg,..\data\processed\yolo_sahi_crop_classifier\crops\000288_e78bbccfefbbe11cdc3cec0bb78644d7.jpg,1286090671,55,89,526,526,person,0,0.8332860469818115,0.46741331147154624,False,3
289,7d98db7706f6fc86a8200e0723678a6d.jpg,E:\study\DoAnPython\project\data\raw\train_images\7d98db7706f6fc86a8200e0723678a6d.jpg,..\data\processed\yolo_sahi_crop_classifier\crops\000289_7d98db7706f6fc86a8200e0723678a6d.jpg,2123332638,0,0,400,400,full_image,-1,0.0,0.0,True,0
290,269d5fb8713e719d853656596dbb73ca.jpg,E:\study\DoAnPython\project\data\raw\train_images\269d5fb8713e719d853656596dbb73ca.jpg,..\data\processed\yolo_sahi_crop_classifier\crops\000290_269d5fb8713e719d853656596dbb73ca.jpg,3441184770,181,91,300,262,cup,41,0.5582717657089233,0.21813572554369376,False,3
291,25e46d3827eea65da1d6475ebba0bc44.jpg,E:\study\DoAnPython\project\data\raw\train_images\25e46d3827eea65da1d6475ebba0bc44.jpg,..\data\processed\yolo_sahi_crop_classifier\crops\000291_25e46d3827eea65da1d6475ebba0bc44.jpg,3632326453,39,44,640,573,bed,59,0.5805049538612366,0.4827859345313444,False,7
292,985b6899d9fe324581a284e07f3f6d9d.jpg,E:\study\DoAnPython\project\data\raw\train_images\985b6899d9fe324581a284e07f3f6d9d.jpg,..\data\processed\yolo_sahi_crop_classifier\crops\000292_985b6899d9fe324581a284e07f3f6d9d.jpg,2692614122,724,386,1024,820,person,0,0.9325391054153442,0.30986774131383715,False,13
293,715368ea8cab1d1777d2f25580a8c0b4.jpg,E:\study\DoAnPython\project\data\raw\train_images\715368ea8cab1d1777d2f25580a8c0b4.jpg,..\data\processed\yolo_sahi_crop_classifier\crops\000293_715368ea8cab1d1777d2f25580a8c0b4.jpg,2952358810,22,113,407,506,person,0,0.881118893623352,0.3180643938181995,False,9
294,edb1e18b19dacfeb2dd3c9b762034e8f.jpg,E:\study\DoAnPython\project\data\raw\train_images\edb1e18b19dacfeb2dd3c9b762034e8f.jpg,..\data\processed\yolo_sahi_crop_classifier\crops\000294_edb1e18b19dacfeb2dd3c9b762034e8f.jpg,2582032586,116,55,525,528,teddy bear,77,0.8844090104103088,0.4509361334521604,False,8
295,bf25159bb0d4b44e4d666eecc39eccc9.jpg,E:\study\DoAnPython\project\data\raw\train_images\bf25159bb0d4b44e4d666eecc39eccc9.jpg,..\data\processed\yolo_sahi_crop_classifier\crops\000295_bf25159bb0d4b44e4d666eecc39eccc9.jpg,2013974881,63,0,700,543,cell phone,67,0.3774776756763458,0.304207988954957,False,6
296,d65c75fe36fe586f99306b2be1035b92.jpg,E:\study\DoAnPython\project\data\raw\train_images\d65c75fe36fe586f99306b2be1035b92.jpg,..\data\processed\yolo_sahi_crop_classifier\crops\000296_d65c75fe36fe586f99306b2be1035b92.jpg,820177797,605,272,640,624,potted plant,58,0.32132914662361145,0.05285893457195115,False,3
297,d28674f62ea845005b4f6799851c142d.jpg,E:\study\DoAnPython\project\data\raw\train_images\d28674f62ea845005b4f6799851c142d.jpg,..\data\processed\yolo_sahi_crop_classifier\crops\000297_d28674f62ea845005b4f6799851c142d.jpg,3445494442,500,567,1024,1024,refrigerator,72,0.3145010471343994,0.14415947330298953,False,13
298,14470d6d3e1a4050446c72b30b699503.jpg,E:\study\DoAnPython\project\data\raw\train_images\14470d6d3e1a4050446c72b30b699503.jpg,..\data\processed\yolo_sahi_crop_classifier\crops\000298_14470d6d3e1a4050446c72b30b699503.jpg,2722157527,87,125,910,901,umbrella,25,0.5471509695053101,0.3960369740976751,False,6
299,b2a9e39106be979e5637270986dcb790.jpg,E:\study\DoAnPython\project\data\raw\train_images\b2a9e39106be979e5637270986dcb790.jpg,..\data\processed\yolo_sahi_crop_classifier\crops\000299_b2a9e39106be979e5637270986dcb790.jpg,811765912,515,419,706,709,clock,74,0.37011733651161194,0.1157983107836203,False,3
300,e58de88ba16073f9f717f11f341862d0.jpg,E:\study\DoAnPython\project\data\raw\train_images\e58de88ba16073f9f717f11f341862d0.jpg,..\data\processed\yolo_sahi_crop_classifier\crops\000300_e58de88ba16073f9f717f11f341862d0.jpg,534606580,0,122,602,841,dog,16,0.6207033395767212,0.3763665010355628,False,15
301,28778e924fd4f1633900b5db3914d03b.jpg,E:\study\DoAnPython\project\data\raw\train_images\28778e924fd4f1633900b5db3914d03b.jpg,..\data\processed\yolo_sahi_crop_classifier\crops\000301_28778e924fd4f1633900b5db3914d03b.jpg,596811522,18,95,366,342,frisbee,29,0.5606870055198669,0.190906515275282,False,2
302,7d0fbbb0dd8663039cb7066114716fa1.jpg,E:\study\DoAnPython\project\data\raw\train_images\7d0fbbb0dd8663039cb7066114716fa1.jpg,..\data\processed\yolo_sahi_crop_classifier\crops\000302_7d0fbbb0dd8663039cb7066114716fa1.jpg,3158547527,0,41,640,613,refrigerator,72,0.6066452264785767,0.5494616353060052,False,1
303,3831ff02337add51dac461377e561e56.jpg,E:\study\DoAnPython\project\data\raw\train_images\3831ff02337add51dac461377e561e56.jpg,..\data\processed\yolo_sahi_crop_classifier\crops\000303_3831ff02337add51dac461377e561e56.jpg,652176199,687,556,1024,929,person,0,0.847527265548706,0.27320162830621064,False,2
304,7ffdc3bde5496a6e29640b5177818b2a.jpg,E:\study\DoAnPython\project\data\raw\train_images\7ffdc3bde5496a6e29640b5177818b2a.jpg,..\data\processed\yolo_sahi_crop_classifier\crops\000304_7ffdc3bde5496a6e29640b5177818b2a.jpg,912146474,273,166,367,351,bowl,45,0.48816603422164917,0.0764373687745167,False,4
305,f0f86ed77c003299d6acd415e2d6dae5.jpg,E:\study\DoAnPython\project\data\raw\train_images\f0f86ed77c003299d6acd415e2d6dae5.jpg,..\data\processed\yolo_sahi_crop_classifier\crops\000305_f0f86ed77c003299d6acd415e2d6dae5.jpg,183466528,171,0,700,476,person,0,0.8517032861709595,0.5837436764433453,False,7
306,a627403cdc6dcca34704ca067c7cc20a.jpg,E:\study\DoAnPython\project\data\raw\train_images\a627403cdc6dcca34704ca067c7cc20a.jpg,..\data\processed\yolo_sahi_crop_classifier\crops\000306_a627403cdc6dcca34704ca067c7cc20a.jpg,373674159,646,99,782,371,cell phone,67,0.46308568120002747,0.1031470730157833,False,4
307,2477fe12499308059232b634208da78b.jpg,E:\study\DoAnPython\project\data\raw\train_images\2477fe12499308059232b634208da78b.jpg,..\data\processed\yolo_sahi_crop_classifier\crops\000307_2477fe12499308059232b634208da78b.jpg,1002765200,448,450,545,554,cup,41,0.6867899298667908,0.1013392483348811,False,2
308,bd372b50f71101e62c6831d5a5e77c13.jpg,E:\study\DoAnPython\project\data\raw\train_images\bd372b50f71101e62c6831d5a5e77c13.jpg,..\data\processed\yolo_sahi_crop_classifier\crops\000308_bd372b50f71101e62c6831d5a5e77c13.jpg,631880435,0,41,700,700,suitcase,28,0.4319779872894287,0.4086065163642498,False,6
309,44927ac2cb3a11aeee2036972d3910b3.jpg,E:\study\DoAnPython\project\data\raw\train_images\44927ac2cb3a11aeee2036972d3910b3.jpg,..\data\processed\yolo_sahi_crop_classifier\crops\000309_44927ac2cb3a11aeee2036972d3910b3.jpg,1673452847,420,201,640,528,fire hydrant,10,0.7343117594718933,0.28873203147627585,False,2
310,fdc4d784e13fb0cbf167df23b2e5f89b.jpg,E:\study\DoAnPython\project\data\raw\train_images\fdc4d784e13fb0cbf167df23b2e5f89b.jpg,..\data\processed\yolo_sahi_crop_classifier\crops\000310_fdc4d784e13fb0cbf167df23b2e5f89b.jpg,3874597552,112,0,548,531,person,0,0.8847342729568481,0.6281075445591262,False,1
311,c0d7c8029fd1a01b2cbd863d9581e7c3.jpg,E:\study\DoAnPython\project\data\raw\train_images\c0d7c8029fd1a01b2cbd863d9581e7c3.jpg,..\data\processed\yolo_sahi_crop_classifier\crops\000311_c0d7c8029fd1a01b2cbd863d9581e7c3.jpg,3735684299,0,0,600,600,full_image,-1,0.0,0.0,True,0
312,2f5ea54d54ad22dd428583e860d5998a.jpg,E:\study\DoAnPython\project\data\raw\train_images\2f5ea54d54ad22dd428583e860d5998a.jpg,..\data\processed\yolo_sahi_crop_classifier\crops\000312_2f5ea54d54ad22dd428583e860d5998a.jpg,710388512,177,0,413,640,bottle,39,0.7984986305236816,0.4637515390623747,False,1
313,d75385d3cee130eb8ad65f6f74f8f049.jpg,E:\study\DoAnPython\project\data\raw\train_images\d75385d3cee130eb8ad65f6f74f8f049.jpg,..\data\processed\yolo_sahi_crop_classifier\crops\000313_d75385d3cee130eb8ad65f6f74f8f049.jpg,1467271016,491,201,905,763,cup,41,0.7009180188179016,0.3064560021869347,False,8
314,deeb1b3f08b9ffe4ee5146c0b8ff2243.jpg,E:\study\DoAnPython\project\data\raw\train_images\deeb1b3f08b9ffe4ee5146c0b8ff2243.jpg,..\data\processed\yolo_sahi_crop_classifier\crops\000314_deeb1b3f08b9ffe4ee5146c0b8ff2243.jpg,260863952,92,102,283,590,bottle,39,0.4449465274810791,0.20975504824442065,False,2
315,a486d598e711e2809210d2a2c7607bd2.jpg,E:\study\DoAnPython\project\data\raw\train_images\a486d598e711e2809210d2a2c7607bd2.jpg,..\data\processed\yolo_sahi_crop_classifier\crops\000315_a486d598e711e2809210d2a2c7607bd2.jpg,832487474,49,0,454,640,person,0,0.8799858689308167,0.6672539907615281,False,3
316,c14c379c3e91678f4de9bf9abd3f39c9.jpg,E:\study\DoAnPython\project\data\raw\train_images\c14c379c3e91678f4de9bf9abd3f39c9.jpg,..\data\processed\yolo_sahi_crop_classifier\crops\000316_c14c379c3e91678f4de9bf9abd3f39c9.jpg,227001881,0,158,523,500,bed,59,0.49868252873420715,0.3113218464787775,False,1
317,2ab4aaf57664eea81143717215cf5430.jpg,E:\study\DoAnPython\project\data\raw\train_images\2ab4aaf57664eea81143717215cf5430.jpg,..\data\processed\yolo_sahi_crop_classifier\crops\000317_2ab4aaf57664eea81143717215cf5430.jpg,1733221456,222,121,554,413,toothbrush,79,0.808411180973053,0.3656050179404297,False,7
318,7120d145b1b52be794f5f70a0fb106c9.jpg,E:\study\DoAnPython\project\data\raw\train_images\7120d145b1b52be794f5f70a0fb106c9.jpg,..\data\processed\yolo_sahi_crop_classifier\crops\000318_7120d145b1b52be794f5f70a0fb106c9.jpg,3184487800,387,376,523,530,person,0,0.41546404361724854,0.10363494051596327,False,1
319,9926343b4fab4a8ea2f1aaf2ea777d75.jpg,E:\study\DoAnPython\project\data\raw\train_images\9926343b4fab4a8ea2f1aaf2ea777d75.jpg,..\data\processed\yolo_sahi_crop_classifier\crops\000319_9926343b4fab4a8ea2f1aaf2ea777d75.jpg,1675042220,380,494,517,1017,stop sign,11,0.4681226313114166,0.11345729123269263,False,1
320,9a09c9d517c92e0572e46a57bec51ade.jpg,E:\study\DoAnPython\project\data\raw\train_images\9a09c9d517c92e0572e46a57bec51ade.jpg,..\data\processed\yolo_sahi_crop_classifier\crops\000320_9a09c9d517c92e0572e46a57bec51ade.jpg,1088087475,173,445,308,640,person,0,0.9354333281517029,0.22166482542465513,False,18
321,d34925cc5af9326b24285be2885953e7.jpg,E:\study\DoAnPython\project\data\raw\train_images\d34925cc5af9326b24285be2885953e7.jpg,..\data\processed\yolo_sahi_crop_classifier\crops\000321_d34925cc5af9326b24285be2885953e7.jpg,2511800392,0,0,233,233,full_image,-1,0.0,0.0,True,0
322,e1e6370157739890be4da6f051b08040.jpg,E:\study\DoAnPython\project\data\raw\train_images\e1e6370157739890be4da6f051b08040.jpg,..\data\processed\yolo_sahi_crop_classifier\crops\000322_e1e6370157739890be4da6f051b08040.jpg,378511024,171,216,517,519,refrigerator,72,0.2808906137943268,0.13201958065472885,False,3
323,9d484e483b53f9a57354b0c71c6c9045.jpg,E:\study\DoAnPython\project\data\raw\train_images\9d484e483b53f9a57354b0c71c6c9045.jpg,..\data\processed\yolo_sahi_crop_classifier\crops\000323_9d484e483b53f9a57354b0c71c6c9045.jpg,1085256225,0,123,362,518,suitcase,28,0.5969898700714111,0.3319170543421273,False,2
324,f7285d32b707c73bc97766a9e2583fd6.jpg,E:\study\DoAnPython\project\data\raw\train_images\f7285d32b707c73bc97766a9e2583fd6.jpg,..\data\processed\yolo_sahi_crop_classifier\crops\000324_f7285d32b707c73bc97766a9e2583fd6.jpg,4186270168,0,0,800,800,full_image,-1,0.0,0.0,True,0
325,e51aa1a73cd2f8d66e35baa87a0c7e05.jpg,E:\study\DoAnPython\project\data\raw\train_images\e51aa1a73cd2f8d66e35baa87a0c7e05.jpg,..\data\processed\yolo_sahi_crop_classifier\crops\000325_e51aa1a73cd2f8d66e35baa87a0c7e05.jpg,945316771,0,101,693,649,cell phone,67,0.5866928100585938,0.4842027669471445,False,8
326,c24853be53181294db9afb175c0260ee.jpg,E:\study\DoAnPython\project\data\raw\train_images\c24853be53181294db9afb175c0260ee.jpg,..\data\processed\yolo_sahi_crop_classifier\crops\000326_c24853be53181294db9afb175c0260ee.jpg,3489758020,18,14,468,500,parking meter,12,0.4470323622226715,0.37284645525010834,False,1
327,897dd3a28b5baebd861cd9f9aaef57ce.jpg,E:\study\DoAnPython\project\data\raw\train_images\897dd3a28b5baebd861cd9f9aaef57ce.jpg,..\data\processed\yolo_sahi_crop_classifier\crops\000327_897dd3a28b5baebd861cd9f9aaef57ce.jpg,2132780793,227,0,769,998,bottle,39,0.38036397099494934,0.26363750943593145,False,2
328,9448cff82c3eaa514e68457e67506323.jpg,E:\study\DoAnPython\project\data\raw\train_images\9448cff82c3eaa514e68457e67506323.jpg,..\data\processed\yolo_sahi_crop_classifier\crops\000328_9448cff82c3eaa514e68457e67506323.jpg,4136779221,48,121,795,710,suitcase,28,0.5680156946182251,0.43715014741602837,False,5
329,0f641bc405f016e1b50fa5dc6d00ccd2.jpg,E:\study\DoAnPython\project\data\raw\train_images\0f641bc405f016e1b50fa5dc6d00ccd2.jpg,..\data\processed\yolo_sahi_crop_classifier\crops\000329_0f641bc405f016e1b50fa5dc6d00ccd2.jpg,109019621,160,21,265,284,toothbrush,79,0.29805561900138855,0.15473077414959213,False,2
330,2f7076fd488adef7c4f5920947cf8bd5.jpg,E:\study\DoAnPython\project\data\raw\train_images\2f7076fd488adef7c4f5920947cf8bd5.jpg,..\data\processed\yolo_sahi_crop_classifier\crops\000330_2f7076fd488adef7c4f5920947cf8bd5.jpg,2558633431,2,49,933,875,scissors,76,0.8664751648902893,0.7338455567206379,False,4
331,3459e4f169804e3d7995feb839b1d34d.jpg,E:\study\DoAnPython\project\data\raw\train_images\3459e4f169804e3d7995feb839b1d34d.jpg,..\data\processed\yolo_sahi_crop_classifier\crops\000331_3459e4f169804e3d7995feb839b1d34d.jpg,3868183614,494,397,988,750,suitcase,28,0.8615919351577759,0.3256179095563586,False,5
332,9ae8a4b168ac7e8580f1a84b91efadba.jpg,E:\study\DoAnPython\project\data\raw\train_images\9ae8a4b168ac7e8580f1a84b91efadba.jpg,..\data\processed\yolo_sahi_crop_classifier\crops\000332_9ae8a4b168ac7e8580f1a84b91efadba.jpg,2915337809,604,427,724,773,bottle,39,0.9115902185440063,0.21639469850441556,False,12
333,c5e1f57f55c6a1be2250f8f9e3c6a073.jpg,E:\study\DoAnPython\project\data\raw\train_images\c5e1f57f55c6a1be2250f8f9e3c6a073.jpg,..\data\processed\yolo_sahi_crop_classifier\crops\000333_c5e1f57f55c6a1be2250f8f9e3c6a073.jpg,1240444909,427,314,624,519,tv,62,0.4926043152809143,0.09745601117988024,False,2
334,26c634e9b70bd67e1b1aba29a8be4ed9.jpg,E:\study\DoAnPython\project\data\raw\train_images\26c634e9b70bd67e1b1aba29a8be4ed9.jpg,..\data\processed\yolo_sahi_crop_classifier\crops\000334_26c634e9b70bd67e1b1aba29a8be4ed9.jpg,3761816493,392,64,635,823,bottle,39,0.6018223762512207,0.23374229080655512,False,5
335,21066a60b16b7edd9156791b8e4280e8.jpg,E:\study\DoAnPython\project\data\raw\train_images\21066a60b16b7edd9156791b8e4280e8.jpg,..\data\processed\yolo_sahi_crop_classifier\crops\000335_21066a60b16b7edd9156791b8e4280e8.jpg,3239448117,113,81,226,305,bottle,39,0.7029438018798828,0.16231809944625739,False,5
336,b346685af91f7c39eebe3a7c9fddca3b.jpg,E:\study\DoAnPython\project\data\raw\train_images\b346685af91f7c39eebe3a7c9fddca3b.jpg,..\data\processed\yolo_sahi_crop_classifier\crops\000336_b346685af91f7c39eebe3a7c9fddca3b.jpg,1570588813,357,293,538,658,vase,75,0.7343823909759521,0.25111197060760826,False,5
337,76ce0afc82bc1bb090674c5dbd85e531.jpg,E:\study\DoAnPython\project\data\raw\train_images\76ce0afc82bc1bb090674c5dbd85e531.jpg,..\data\processed\yolo_sahi_crop_classifier\crops\000337_76ce0afc82bc1bb090674c5dbd85e531.jpg,2702735495,375,270,800,800,person,0,0.4395020604133606,0.24974271941379916,False,6
338,b9b1eb8bd1ee544269f69cd1b61edb49.jpg,E:\study\DoAnPython\project\data\raw\train_images\b9b1eb8bd1ee544269f69cd1b61edb49.jpg,..\data\processed\yolo_sahi_crop_classifier\crops\000338_b9b1eb8bd1ee544269f69cd1b61edb49.jpg,3181737058,170,90,693,524,umbrella,25,0.7505241632461548,0.4734242881295976,False,1
339,4b1cbd2dbea35bf4c57d24c87a4f981f.jpg,E:\study\DoAnPython\project\data\raw\train_images\4b1cbd2dbea35bf4c57d24c87a4f981f.jpg,..\data\processed\yolo_sahi_crop_classifier\crops\000339_4b1cbd2dbea35bf4c57d24c87a4f981f.jpg,326201568,82,270,527,800,vase,75,0.507391631603241,0.2864783544762148,False,3
340,dbb8b74058fea655e6a95745d382fc48.jpg,E:\study\DoAnPython\project\data\raw\train_images\dbb8b74058fea655e6a95745d382fc48.jpg,..\data\processed\yolo_sahi_crop_classifier\crops\000340_dbb8b74058fea655e6a95745d382fc48.jpg,878766511,168,338,378,559,cat,15,0.8307428359985352,0.2601905966499385,False,2
341,baa76809c2e67b87c2cd0ec393e4c494.jpg,E:\study\DoAnPython\project\data\raw\train_images\baa76809c2e67b87c2cd0ec393e4c494.jpg,..\data\processed\yolo_sahi_crop_classifier\crops\000341_baa76809c2e67b87c2cd0ec393e4c494.jpg,1204347204,331,32,523,608,bottle,39,0.3128803074359894,0.15072277636204517,False,1
342,e07d402d45251f9f4090821e7bfcda5f.jpg,E:\study\DoAnPython\project\data\raw\train_images\e07d402d45251f9f4090821e7bfcda5f.jpg,..\data\processed\yolo_sahi_crop_classifier\crops\000342_e07d402d45251f9f4090821e7bfcda5f.jpg,3959821353,434,302,640,484,suitcase,28,0.4202977120876312,0.12078918495900504,False,4
343,9772cdc4b6a400e3a01752758924748b.jpg,E:\study\DoAnPython\project\data\raw\train_images\9772cdc4b6a400e3a01752758924748b.jpg,..\data\processed\yolo_sahi_crop_classifier\crops\000343_9772cdc4b6a400e3a01752758924748b.jpg,3595152414,218,47,414,367,book,73,0.7491040229797363,0.4076075187476531,False,3
344,381ea0e2decba206b235bc5bd5af50fb.jpg,E:\study\DoAnPython\project\data\raw\train_images\381ea0e2decba206b235bc5bd5af50fb.jpg,..\data\processed\yolo_sahi_crop_classifier\crops\000344_381ea0e2decba206b235bc5bd5af50fb.jpg,4290057653,0,108,532,640,bed,59,0.5496504306793213,0.43497961771811927,False,6
345,3814c6068868c16d9aacd920556cb723.jpg,E:\study\DoAnPython\project\data\raw\train_images\3814c6068868c16d9aacd920556cb723.jpg,..\data\processed\yolo_sahi_crop_classifier\crops\000345_3814c6068868c16d9aacd920556cb723.jpg,3173062641,110,137,533,494,book,73,0.3410932123661041,0.1922221255520119,False,1
346,eb5d9cea8e301ecc284db323ae9999fa.jpg,E:\study\DoAnPython\project\data\raw\train_images\eb5d9cea8e301ecc284db323ae9999fa.jpg,..\data\processed\yolo_sahi_crop_classifier\crops\000346_eb5d9cea8e301ecc284db323ae9999fa.jpg,2843883548,143,28,294,598,bottle,39,0.47212156653404236,0.20127988845392775,False,2
347,11a18eceb98a6be10da9715bc29b5f7b.jpg,E:\study\DoAnPython\project\data\raw\train_images\11a18eceb98a6be10da9715bc29b5f7b.jpg,..\data\processed\yolo_sahi_crop_classifier\crops\000347_11a18eceb98a6be10da9715bc29b5f7b.jpg,2761022735,17,90,107,329,bottle,39,0.8866555094718933,0.30187068377741344,False,4
348,1762c69f9187870e4d89d1102f9d4335.jpg,E:\study\DoAnPython\project\data\raw\train_images\1762c69f9187870e4d89d1102f9d4335.jpg,..\data\processed\yolo_sahi_crop_classifier\crops\000348_1762c69f9187870e4d89d1102f9d4335.jpg,1029915586,124,30,510,371,cake,55,0.7286415696144104,0.38353509953418075,False,3
349,79f2cdd15fc44ed33c3c02da4ed699f0.jpg,E:\study\DoAnPython\project\data\raw\train_images\79f2cdd15fc44ed33c3c02da4ed699f0.jpg,..\data\processed\yolo_sahi_crop_classifier\crops\000349_79f2cdd15fc44ed33c3c02da4ed699f0.jpg,3147726258,308,108,592,1024,bottle,39,0.36933818459510803,0.171660297515495,False,3
350,d014fdff7becb3fe40bb6703d2df89fb.jpg,E:\study\DoAnPython\project\data\raw\train_images\d014fdff7becb3fe40bb6703d2df89fb.jpg,..\data\processed\yolo_sahi_crop_classifier\crops\000350_d014fdff7becb3fe40bb6703d2df89fb.jpg,575682520,287,128,423,434,person,0,0.4747995138168335,0.1678807598190916,False,5
351,37107ac8ad42fb07732b5b86a3b55b02.jpg,E:\study\DoAnPython\project\data\raw\train_images\37107ac8ad42fb07732b5b86a3b55b02.jpg,..\data\processed\yolo_sahi_crop_classifier\crops\000351_37107ac8ad42fb07732b5b86a3b55b02.jpg,4122651001,7,106,495,386,car,2,0.5651524662971497,0.38748198353063573,False,1
352,f84c4f908b31de1f2caf22c3e8df784c.jpg,E:\study\DoAnPython\project\data\raw\train_images\f84c4f908b31de1f2caf22c3e8df784c.jpg,..\data\processed\yolo_sahi_crop_classifier\crops\000352_f84c4f908b31de1f2caf22c3e8df784c.jpg,3618287054,214,110,431,597,parking meter,12,0.26417219638824463,0.12427776452944603,False,1
353,909e1e4f2803938015ae5a031e84c990.jpg,E:\study\DoAnPython\project\data\raw\train_images\909e1e4f2803938015ae5a031e84c990.jpg,..\data\processed\yolo_sahi_crop_classifier\crops\000353_909e1e4f2803938015ae5a031e84c990.jpg,1571631297,0,76,640,555,book,73,0.6004624962806702,0.4995231672687303,False,7
354,28afdb60d2872dad4c3c3f8cfd6a0995.jpg,E:\study\DoAnPython\project\data\raw\train_images\28afdb60d2872dad4c3c3f8cfd6a0995.jpg,..\data\processed\yolo_sahi_crop_classifier\crops\000354_28afdb60d2872dad4c3c3f8cfd6a0995.jpg,798247050,0,0,525,282,couch,57,0.3636063039302826,0.16797371628896737,False,8
355,0c345f7affbb9505daa17d286353226e.jpg,E:\study\DoAnPython\project\data\raw\train_images\0c345f7affbb9505daa17d286353226e.jpg,..\data\processed\yolo_sahi_crop_classifier\crops\000355_0c345f7affbb9505daa17d286353226e.jpg,574360295,195,194,570,536,teddy bear,77,0.4107673168182373,0.1905889469068445,False,3
356,f7e00a879625d3815158170e93a27912.jpg,E:\study\DoAnPython\project\data\raw\train_images\f7e00a879625d3815158170e93a27912.jpg,..\data\processed\yolo_sahi_crop_classifier\crops\000356_f7e00a879625d3815158170e93a27912.jpg,2994073794,0,0,294,237,stop sign,11,0.7989693880081177,0.2021471499663101,False,4
357,a2aae0dbfc21e293805f3bf98dd9c85b.jpg,E:\study\DoAnPython\project\data\raw\train_images\a2aae0dbfc21e293805f3bf98dd9c85b.jpg,..\data\processed\yolo_sahi_crop_classifier\crops\000357_a2aae0dbfc21e293805f3bf98dd9c85b.jpg,2115994864,22,515,241,690,person,0,0.5314986705780029,0.1381166269952098,False,5
358,8b0c0ac52dba7b0c65ea853e49f24ce0.jpg,E:\study\DoAnPython\project\data\raw\train_images\8b0c0ac52dba7b0c65ea853e49f24ce0.jpg,..\data\processed\yolo_sahi_crop_classifier\crops\000358_8b0c0ac52dba7b0c65ea853e49f24ce0.jpg,2189047322,287,264,611,572,bowl,45,0.6092737913131714,0.27885354293915343,False,5
359,5595fbfbd5b34ecb61abf217135a04ea.jpg,E:\study\DoAnPython\project\data\raw\train_images\5595fbfbd5b34ecb61abf217135a04ea.jpg,..\data\processed\yolo_sahi_crop_classifier\crops\000359_5595fbfbd5b34ecb61abf217135a04ea.jpg,1459215305,156,48,874,1024,person,0,0.8960044980049133,0.6893746415684338,False,6
360,4c375f1a29cd9226caf0f6abc3b1305f.jpg,E:\study\DoAnPython\project\data\raw\train_images\4c375f1a29cd9226caf0f6abc3b1305f.jpg,..\data\processed\yolo_sahi_crop_classifier\crops\000360_4c375f1a29cd9226caf0f6abc3b1305f.jpg,623936493,97,46,680,708,cell phone,67,0.6024574637413025,0.4340294717712899,False,1
361,af2c445c63ba909e62acd4541002bf5f.jpg,E:\study\DoAnPython\project\data\raw\train_images\af2c445c63ba909e62acd4541002bf5f.jpg,..\data\processed\yolo_sahi_crop_classifier\crops\000361_af2c445c63ba909e62acd4541002bf5f.jpg,3432123075,484,106,640,526,person,0,0.8785006999969482,0.33200151916106696,False,10
362,f95949e4756c0f4bc1373529263c72fa.jpg,E:\study\DoAnPython\project\data\raw\train_images\f95949e4756c0f4bc1373529263c72fa.jpg,..\data\processed\yolo_sahi_crop_classifier\crops\000362_f95949e4756c0f4bc1373529263c72fa.jpg,2937525435,0,0,315,403,refrigerator,72,0.5597725510597229,0.47274650697448445,False,2
363,852b167576a74fcfba7f1a999071d7cb.jpg,E:\study\DoAnPython\project\data\raw\train_images\852b167576a74fcfba7f1a999071d7cb.jpg,..\data\processed\yolo_sahi_crop_classifier\crops\000363_852b167576a74fcfba7f1a999071d7cb.jpg,1142038310,326,327,632,633,umbrella,25,0.9640260934829712,0.42778657898306843,False,9
364,406111f6b8d116843237f7730cfe315a.jpg,E:\study\DoAnPython\project\data\raw\train_images\406111f6b8d116843237f7730cfe315a.jpg,..\data\processed\yolo_sahi_crop_classifier\crops\000364_406111f6b8d116843237f7730cfe315a.jpg,554012954,123,68,299,529,person,0,0.9267951250076294,0.38321246592641245,False,2
365,85fd4c010873ff981324eb84edb40dbf.jpg,E:\study\DoAnPython\project\data\raw\train_images\85fd4c010873ff981324eb84edb40dbf.jpg,..\data\processed\yolo_sahi_crop_classifier\crops\000365_85fd4c010873ff981324eb84edb40dbf.jpg,3489985175,35,501,456,981,person,0,0.9158545136451721,0.3734928923595481,False,5
366,d588172d39b7073ad638674f9b626400.jpg,E:\study\DoAnPython\project\data\raw\train_images\d588172d39b7073ad638674f9b626400.jpg,..\data\processed\yolo_sahi_crop_classifier\crops\000366_d588172d39b7073ad638674f9b626400.jpg,3438676696,509,323,695,738,book,73,0.43318161368370056,0.10949014906771382,False,2
367,fad5471e86affddc66de2cd24fffefcc.jpg,E:\study\DoAnPython\project\data\raw\train_images\fad5471e86affddc66de2cd24fffefcc.jpg,..\data\processed\yolo_sahi_crop_classifier\crops\000367_fad5471e86affddc66de2cd24fffefcc.jpg,1788366724,0,189,379,542,cup,41,0.8289165496826172,0.43879156575808864,False,1
368,e072db2a69d8179c5df9a3d5f978fbb2.jpg,E:\study\DoAnPython\project\data\raw\train_images\e072db2a69d8179c5df9a3d5f978fbb2.jpg,..\data\processed\yolo_sahi_crop_classifier\crops\000368_e072db2a69d8179c5df9a3d5f978fbb2.jpg,1171455572,15,110,319,640,person,0,0.8894889950752258,0.5265553753440486,False,6
369,d4f68c360a221aea357e3f1cffadb987.jpg,E:\study\DoAnPython\project\data\raw\train_images\d4f68c360a221aea357e3f1cffadb987.jpg,..\data\processed\yolo_sahi_crop_classifier\crops\000369_d4f68c360a221aea357e3f1cffadb987.jpg,875469028,327,255,509,445,stop sign,11,0.5723899602890015,0.14144081893475816,False,1
370,5646f62c7848bb7714ad4386059aee63.jpg,E:\study\DoAnPython\project\data\raw\train_images\5646f62c7848bb7714ad4386059aee63.jpg,..\data\processed\yolo_sahi_crop_classifier\crops\000370_5646f62c7848bb7714ad4386059aee63.jpg,1513007525,447,212,514,428,book,73,0.2848449945449829,0.04995901771522586,False,1
371,423d1c69b827bfa86b341e5b2a2630a6.jpg,E:\study\DoAnPython\project\data\raw\train_images\423d1c69b827bfa86b341e5b2a2630a6.jpg,..\data\processed\yolo_sahi_crop_classifier\crops\000371_423d1c69b827bfa86b341e5b2a2630a6.jpg,4113632339,0,0,1024,1024,full_image,-1,0.0,0.0,True,0
372,14dd34ab5fa57f18b5b580ad1e8e63ac.jpg,E:\study\DoAnPython\project\data\raw\train_images\14dd34ab5fa57f18b5b580ad1e8e63ac.jpg,..\data\processed\yolo_sahi_crop_classifier\crops\000372_14dd34ab5fa57f18b5b580ad1e8e63ac.jpg,4014703453,228,29,409,640,person,0,0.8936620354652405,0.4375470429855417,False,2
373,7c3e0ea86b8fda229d9b9d036103e8e9.jpg,E:\study\DoAnPython\project\data\raw\train_images\7c3e0ea86b8fda229d9b9d036103e8e9.jpg,..\data\processed\yolo_sahi_crop_classifier\crops\000373_7c3e0ea86b8fda229d9b9d036103e8e9.jpg,4192123820,0,0,800,800,dining table,60,0.751963198184967,0.7339861171795709,False,10
374,3bb3b97c0d006ee8fac1611053f1c380.jpg,E:\study\DoAnPython\project\data\raw\train_images\3bb3b97c0d006ee8fac1611053f1c380.jpg,..\data\processed\yolo_sahi_crop_classifier\crops\000374_3bb3b97c0d006ee8fac1611053f1c380.jpg,1188436229,509,52,935,529,toilet,61,0.7747287750244141,0.3244883752921378,False,5
375,2188aed1c8cb103a96fd4e086ec3c99f.jpg,E:\study\DoAnPython\project\data\raw\train_images\2188aed1c8cb103a96fd4e086ec3c99f.jpg,..\data\processed\yolo_sahi_crop_classifier\crops\000375_2188aed1c8cb103a96fd4e086ec3c99f.jpg,995464269,214,263,400,520,cell phone,67,0.33390524983406067,0.07474436298927851,False,2
376,9884f19bc5b3044a8b111d26b8ee8421.jpg,E:\study\DoAnPython\project\data\raw\train_images\9884f19bc5b3044a8b111d26b8ee8421.jpg,..\data\processed\yolo_sahi_crop_classifier\crops\000376_9884f19bc5b3044a8b111d26b8ee8421.jpg,449372701,180,252,257,367,cat,15,0.5205046534538269,0.0942666586507883,False,4
377,5df58f1a3575b047fa4061950a882796.jpg,E:\study\DoAnPython\project\data\raw\train_images\5df58f1a3575b047fa4061950a882796.jpg,..\data\processed\yolo_sahi_crop_classifier\crops\000377_5df58f1a3575b047fa4061950a882796.jpg,3275397345,278,230,466,466,person,0,0.9334433674812317,0.40513108257533786,False,1
378,a1f49dae303ace6fc11e5d63c8ed6613.jpg,E:\study\DoAnPython\project\data\raw\train_images\a1f49dae303ace6fc11e5d63c8ed6613.jpg,..\data\processed\yolo_sahi_crop_classifier\crops\000378_a1f49dae303ace6fc11e5d63c8ed6613.jpg,449938131,155,193,524,606,stop sign,11,0.5960444211959839,0.3000492724467411,False,4
379,c04f1825cfb94014daa4dc7f5a3d9605.jpg,E:\study\DoAnPython\project\data\raw\train_images\c04f1825cfb94014daa4dc7f5a3d9605.jpg,..\data\processed\yolo_sahi_crop_classifier\crops\000379_c04f1825cfb94014daa4dc7f5a3d9605.jpg,2986160770,48,289,1016,654,book,73,0.7671938538551331,0.4133740175490603,False,6
380,bb5a1b59b16bebc4f1cc99acb9d037ff.jpg,E:\study\DoAnPython\project\data\raw\train_images\bb5a1b59b16bebc4f1cc99acb9d037ff.jpg,..\data\processed\yolo_sahi_crop_classifier\crops\000380_bb5a1b59b16bebc4f1cc99acb9d037ff.jpg,3586500603,0,0,640,640,full_image,-1,0.0,0.0,True,0
381,3513ba86cd3866be8d87d29760bf7f88.jpg,E:\study\DoAnPython\project\data\raw\train_images\3513ba86cd3866be8d87d29760bf7f88.jpg,..\data\processed\yolo_sahi_crop_classifier\crops\000381_3513ba86cd3866be8d87d29760bf7f88.jpg,3614664104,0,0,640,640,full_image,-1,0.0,0.0,True,0
382,dcf0892583d895f324cf8572c8ca4865.jpg,E:\study\DoAnPython\project\data\raw\train_images\dcf0892583d895f324cf8572c8ca4865.jpg,..\data\processed\yolo_sahi_crop_classifier\crops\000382_dcf0892583d895f324cf8572c8ca4865.jpg,2097181150,646,54,986,527,refrigerator,72,0.4752231240272522,0.1728516023099804,False,4
383,02f6bfd27f2bd4682a01a9c2a8121f18.jpg,E:\study\DoAnPython\project\data\raw\train_images\02f6bfd27f2bd4682a01a9c2a8121f18.jpg,..\data\processed\yolo_sahi_crop_classifier\crops\000383_02f6bfd27f2bd4682a01a9c2a8121f18.jpg,3641991970,36,0,262,501,person,0,0.8477181196212769,0.5422228522447372,False,2
384,133bc0babbcefd126c3ff97e3df104a6.jpg,E:\study\DoAnPython\project\data\raw\train_images\133bc0babbcefd126c3ff97e3df104a6.jpg,..\data\processed\yolo_sahi_crop_classifier\crops\000384_133bc0babbcefd126c3ff97e3df104a6.jpg,772732976,0,313,330,493,couch,57,0.6811699271202087,0.22491873224681583,False,11
385,2864d5dc8463ffa650565241bfecfd1f.jpg,E:\study\DoAnPython\project\data\raw\train_images\2864d5dc8463ffa650565241bfecfd1f.jpg,..\data\processed\yolo_sahi_crop_classifier\crops\000385_2864d5dc8463ffa650565241bfecfd1f.jpg,2914861469,402,62,637,527,person,0,0.9036750793457031,0.27112717049836815,False,14
386,ad6931f0c1f5078dfe9b449a17a8f296.jpg,E:\study\DoAnPython\project\data\raw\train_images\ad6931f0c1f5078dfe9b449a17a8f296.jpg,..\data\processed\yolo_sahi_crop_classifier\crops\000386_ad6931f0c1f5078dfe9b449a17a8f296.jpg,3241294453,114,28,538,530,person,0,0.8486997485160828,0.5682182375790675,False,3
387,2452b245229e775e81f73017f3ef2b6d.jpg,E:\study\DoAnPython\project\data\raw\train_images\2452b245229e775e81f73017f3ef2b6d.jpg,..\data\processed\yolo_sahi_crop_classifier\crops\000387_2452b245229e775e81f73017f3ef2b6d.jpg,4027213125,292,77,500,191,book,73,0.37600424885749817,0.08424935333996199,False,1
388,59a43c4e1a8e9e0755b87d03de1d0cdf.jpg,E:\study\DoAnPython\project\data\raw\train_images\59a43c4e1a8e9e0755b87d03de1d0cdf.jpg,..\data\processed\yolo_sahi_crop_classifier\crops\000388_59a43c4e1a8e9e0755b87d03de1d0cdf.jpg,3316586937,50,522,444,932,person,0,0.37558141350746155,0.14006719550914953,False,3
389,69ecb704e7ce71422ecbbaed2c74db61.jpg,E:\study\DoAnPython\project\data\raw\train_images\69ecb704e7ce71422ecbbaed2c74db61.jpg,..\data\processed\yolo_sahi_crop_classifier\crops\000389_69ecb704e7ce71422ecbbaed2c74db61.jpg,2684150012,321,386,527,940,bottle,39,0.9342731833457947,0.28661974189796496,False,3
390,955f27b36a4ead41943045a8ba761610.jpg,E:\study\DoAnPython\project\data\raw\train_images\955f27b36a4ead41943045a8ba761610.jpg,..\data\processed\yolo_sahi_crop_classifier\crops\000390_955f27b36a4ead41943045a8ba761610.jpg,1103215281,23,0,168,175,cake,55,0.6298257112503052,0.31428239882538167,False,20
391,2850a7d0c2238047ad84190b90ec34bd.jpg,E:\study\DoAnPython\project\data\raw\train_images\2850a7d0c2238047ad84190b90ec34bd.jpg,..\data\processed\yolo_sahi_crop_classifier\crops\000391_2850a7d0c2238047ad84190b90ec34bd.jpg,1680934077,498,0,916,517,traffic light,9,0.34107500314712524,0.14611898144831156,False,1
392,95d4010230fb6f6579dd7e9310a2228d.jpg,E:\study\DoAnPython\project\data\raw\train_images\95d4010230fb6f6579dd7e9310a2228d.jpg,..\data\processed\yolo_sahi_crop_classifier\crops\000392_95d4010230fb6f6579dd7e9310a2228d.jpg,3027798817,632,401,933,693,cup,41,0.6734643578529358,0.18552445731935965,False,10
393,68211da715f84fd26f6aea0dae7b3f99.jpg,E:\study\DoAnPython\project\data\raw\train_images\68211da715f84fd26f6aea0dae7b3f99.jpg,..\data\processed\yolo_sahi_crop_classifier\crops\000393_68211da715f84fd26f6aea0dae7b3f99.jpg,2327998759,0,0,640,640,full_image,-1,0.0,0.0,True,0
394,2e1d741769b5966f8695dd5bca138faf.jpg,E:\study\DoAnPython\project\data\raw\train_images\2e1d741769b5966f8695dd5bca138faf.jpg,..\data\processed\yolo_sahi_crop_classifier\crops\000394_2e1d741769b5966f8695dd5bca138faf.jpg,3406405726,0,0,650,650,full_image,-1,0.0,0.0,True,0
395,1cf6b506e86ca452a8368233121a37f1.jpg,E:\study\DoAnPython\project\data\raw\train_images\1cf6b506e86ca452a8368233121a37f1.jpg,..\data\processed\yolo_sahi_crop_classifier\crops\000395_1cf6b506e86ca452a8368233121a37f1.jpg,4235023965,226,0,364,447,person,0,0.8851439356803894,0.46886564842963196,False,2
396,5652d82625695eb9f2d54a954482ba57.jpg,E:\study\DoAnPython\project\data\raw\train_images\5652d82625695eb9f2d54a954482ba57.jpg,..\data\processed\yolo_sahi_crop_classifier\crops\000396_5652d82625695eb9f2d54a954482ba57.jpg,2814469339,15,270,406,439,knife,43,0.2560596764087677,0.08732654761840332,False,3
397,9a305fe5fc83c741bee41db477bfb7ce.jpg,E:\study\DoAnPython\project\data\raw\train_images\9a305fe5fc83c741bee41db477bfb7ce.jpg,..\data\processed\yolo_sahi_crop_classifier\crops\000397_9a305fe5fc83c741bee41db477bfb7ce.jpg,3432834136,255,110,377,510,vase,75,0.3091723918914795,0.09948202741652264,False,2
398,df5b8d2f661fc9e957cb32af1900c869.jpg,E:\study\DoAnPython\project\data\raw\train_images\df5b8d2f661fc9e957cb32af1900c869.jpg,..\data\processed\yolo_sahi_crop_classifier\crops\000398_df5b8d2f661fc9e957cb32af1900c869.jpg,1941461708,0,0,360,307,laptop,63,0.7822577953338623,0.3471094685284492,False,9
399,5bf56736d6f8a3a000616a94258cae52.jpg,E:\study\DoAnPython\project\data\raw\train_images\5bf56736d6f8a3a000616a94258cae52.jpg,..\data\processed\yolo_sahi_crop_classifier\crops\000399_5bf56736d6f8a3a000616a94258cae52.jpg,2937525435,152,112,500,605,book,73,0.3210798501968384,0.19304727820382658,False,3
400,02028b38792911a6084948d05155b7f6.jpg,E:\study\DoAnPython\project\data\raw\train_images\02028b38792911a6084948d05155b7f6.jpg,..\data\processed\yolo_sahi_crop_classifier\crops\000400_02028b38792911a6084948d05155b7f6.jpg,3395604817,155,406,209,747,toothbrush,79,0.7309443354606628,0.09895004352084642,False,19
401,28056181fa2ce14fd1c4b0c47c535097.jpg,E:\study\DoAnPython\project\data\raw\train_images\28056181fa2ce14fd1c4b0c47c535097.jpg,..\data\processed\yolo_sahi_crop_classifier\crops\000401_28056181fa2ce14fd1c4b0c47c535097.jpg,4254541203,0,0,181,175,bed,59,0.414536714553833,0.09976338043649637,False,5
402,92ec081f10a7b43ac516d4813dbb72d2.jpg,E:\study\DoAnPython\project\data\raw\train_images\92ec081f10a7b43ac516d4813dbb72d2.jpg,..\data\processed\yolo_sahi_crop_classifier\crops\000402_92ec081f10a7b43ac516d4813dbb72d2.jpg,3158431280,0,108,312,526,person,0,0.9191977381706238,0.4850857323310933,False,7
403,c9dc272432b05dbed488d8d5c18595db.jpg,E:\study\DoAnPython\project\data\raw\train_images\c9dc272432b05dbed488d8d5c18595db.jpg,..\data\processed\yolo_sahi_crop_classifier\crops\000403_c9dc272432b05dbed488d8d5c18595db.jpg,3156823611,134,49,353,529,person,0,0.9423413872718811,0.44304081765224007,False,2
404,8017c108b742a8a37cadc2d656665d72.jpg,E:\study\DoAnPython\project\data\raw\train_images\8017c108b742a8a37cadc2d656665d72.jpg,..\data\processed\yolo_sahi_crop_classifier\crops\000404_8017c108b742a8a37cadc2d656665d72.jpg,191430859,0,69,640,575,dining table,60,0.5087831616401672,0.43292868708568094,False,4
405,bf9a89d382c4f9eb7b44d6664c3ea442.jpg,E:\study\DoAnPython\project\data\raw\train_images\bf9a89d382c4f9eb7b44d6664c3ea442.jpg,..\data\processed\yolo_sahi_crop_classifier\crops\000405_bf9a89d382c4f9eb7b44d6664c3ea442.jpg,2752809601,146,119,493,530,person,0,0.3613373637199402,0.19805994161262475,False,2
406,1de1911838bab02cfe8926d805388c9b.jpg,E:\study\DoAnPython\project\data\raw\train_images\1de1911838bab02cfe8926d805388c9b.jpg,..\data\processed\yolo_sahi_crop_classifier\crops\000406_1de1911838bab02cfe8926d805388c9b.jpg,98248312,146,97,486,439,scissors,76,0.38814181089401245,0.24608068368164132,False,1
407,d1e67da7de2cc481c18a965b21cbf3eb.jpg,E:\study\DoAnPython\project\data\raw\train_images\d1e67da7de2cc481c18a965b21cbf3eb.jpg,..\data\processed\yolo_sahi_crop_classifier\crops\000407_d1e67da7de2cc481c18a965b21cbf3eb.jpg,841480588,225,0,407,218,person,0,0.7462422251701355,0.21978469636528175,False,20
408,68a15e4ba6cdf3462b6d8512f9fa2b0f.jpg,E:\study\DoAnPython\project\data\raw\train_images\68a15e4ba6cdf3462b6d8512f9fa2b0f.jpg,..\data\processed\yolo_sahi_crop_classifier\crops\000408_68a15e4ba6cdf3462b6d8512f9fa2b0f.jpg,3003147195,0,0,337,640,person,0,0.8107686638832092,0.5588268183931162,False,4
409,e6f099b4765e52efe455471655c3aa25.jpg,E:\study\DoAnPython\project\data\raw\train_images\e6f099b4765e52efe455471655c3aa25.jpg,..\data\processed\yolo_sahi_crop_classifier\crops\000409_e6f099b4765e52efe455471655c3aa25.jpg,107191748,27,8,174,174,potted plant,58,0.7962979078292847,0.18072417242159933,False,4
410,760bdd8d6169ed0dc1afa08e8e0eed78.jpg,E:\study\DoAnPython\project\data\raw\train_images\760bdd8d6169ed0dc1afa08e8e0eed78.jpg,..\data\processed\yolo_sahi_crop_classifier\crops\000410_760bdd8d6169ed0dc1afa08e8e0eed78.jpg,4184214313,461,0,1024,1024,person,0,0.7643483281135559,0.5397238542378475,False,5
411,1d145d5dfc6ad3eb9ea2eecdfaa63c89.jpg,E:\study\DoAnPython\project\data\raw\train_images\1d145d5dfc6ad3eb9ea2eecdfaa63c89.jpg,..\data\processed\yolo_sahi_crop_classifier\crops\000411_1d145d5dfc6ad3eb9ea2eecdfaa63c89.jpg,2666117259,130,0,893,981,person,0,0.2797384560108185,0.22305798266851037,False,4
412,5814799d33842a8750374115bbccb4e4.jpg,E:\study\DoAnPython\project\data\raw\train_images\5814799d33842a8750374115bbccb4e4.jpg,..\data\processed\yolo_sahi_crop_classifier\crops\000412_5814799d33842a8750374115bbccb4e4.jpg,3452117553,0,0,1024,1024,full_image,-1,0.0,0.0,True,0
413,f615069181c261cf29bb89c7c6076667.jpg,E:\study\DoAnPython\project\data\raw\train_images\f615069181c261cf29bb89c7c6076667.jpg,..\data\processed\yolo_sahi_crop_classifier\crops\000413_f615069181c261cf29bb89c7c6076667.jpg,3213608540,568,265,909,521,person,0,0.6128153800964355,0.16437955841584814,False,4
414,c337c9066ab226b60cb823272e93b77b.jpg,E:\study\DoAnPython\project\data\raw\train_images\c337c9066ab226b60cb823272e93b77b.jpg,..\data\processed\yolo_sahi_crop_classifier\crops\000414_c337c9066ab226b60cb823272e93b77b.jpg,2843799921,0,241,800,692,remote,65,0.5231854915618896,0.3762584501145148,False,1
415,a733a0ccc1e536593c7ab5014111479a.jpg,E:\study\DoAnPython\project\data\raw\train_images\a733a0ccc1e536593c7ab5014111479a.jpg,..\data\processed\yolo_sahi_crop_classifier\crops\000415_a733a0ccc1e536593c7ab5014111479a.jpg,324843646,31,176,368,443,person,0,0.49411195516586304,0.25880341051772815,False,1
416,f6ba4d71daeb9c088fbe5ca633e21509.jpg,E:\study\DoAnPython\project\data\raw\train_images\f6ba4d71daeb9c088fbe5ca633e21509.jpg,..\data\processed\yolo_sahi_crop_classifier\crops\000416_f6ba4d71daeb9c088fbe5ca633e21509.jpg,3596008611,114,420,569,617,person,0,0.8460682034492493,0.3678079638797484,False,4
417,d2bbffef8fa237300a6e5079ecb8cebd.jpg,E:\study\DoAnPython\project\data\raw\train_images\d2bbffef8fa237300a6e5079ecb8cebd.jpg,..\data\processed\yolo_sahi_crop_classifier\crops\000417_d2bbffef8fa237300a6e5079ecb8cebd.jpg,1039754812,215,0,689,1013,person,0,0.779872477054596,0.49135518521250815,False,13
418,40a6992d9f3420eaa46632070c4f840b.jpg,E:\study\DoAnPython\project\data\raw\train_images\40a6992d9f3420eaa46632070c4f840b.jpg,..\data\processed\yolo_sahi_crop_classifier\crops\000418_40a6992d9f3420eaa46632070c4f840b.jpg,2338925518,513,0,905,1000,bottle,39,0.764094889163971,0.45003307883907157,False,6
419,ca20b144fe307823877302883822d3ba.jpg,E:\study\DoAnPython\project\data\raw\train_images\ca20b144fe307823877302883822d3ba.jpg,..\data\processed\yolo_sahi_crop_classifier\crops\000419_ca20b144fe307823877302883822d3ba.jpg,2905783318,76,36,468,489,toothbrush,79,0.49058976769447327,0.1875470636317373,False,5
420,1726c8e3636dc1dbecd62d0968c004d3.jpg,E:\study\DoAnPython\project\data\raw\train_images\1726c8e3636dc1dbecd62d0968c004d3.jpg,..\data\processed\yolo_sahi_crop_classifier\crops\000420_1726c8e3636dc1dbecd62d0968c004d3.jpg,4008307904,277,260,421,577,person,0,0.8348736763000488,0.2593607187762756,False,4
421,ece7f40568be92b290af15f9c3cd3cef.jpg,E:\study\DoAnPython\project\data\raw\train_images\ece7f40568be92b290af15f9c3cd3cef.jpg,..\data\processed\yolo_sahi_crop_classifier\crops\000421_ece7f40568be92b290af15f9c3cd3cef.jpg,3361632985,0,0,544,544,full_image,-1,0.0,0.0,True,0
422,6bbc625c01512edb1028f3ea65772714.jpg,E:\study\DoAnPython\project\data\raw\train_images\6bbc625c01512edb1028f3ea65772714.jpg,..\data\processed\yolo_sahi_crop_classifier\crops\000422_6bbc625c01512edb1028f3ea65772714.jpg,1790182175,0,3,690,698,bed,59,0.5921040177345276,0.5468488816008101,False,2
423,f08c575873d6d31183d9e27995d73f22.jpg,E:\study\DoAnPython\project\data\raw\train_images\f08c575873d6d31183d9e27995d73f22.jpg,..\data\processed\yolo_sahi_crop_classifier\crops\000423_f08c575873d6d31183d9e27995d73f22.jpg,159351600,109,0,640,498,bed,59,0.42391595244407654,0.32402219886140515,False,2
424,3ec183c88030da51117c2fb943d46e65.jpg,E:\study\DoAnPython\project\data\raw\train_images\3ec183c88030da51117c2fb943d46e65.jpg,..\data\processed\yolo_sahi_crop_classifier\crops\000424_3ec183c88030da51117c2fb943d46e65.jpg,4195021957,807,727,956,877,clock,74,0.7691453099250793,0.1047803530605749,False,5
425,d5f4a300f110242763985adf80e92326.jpg,E:\study\DoAnPython\project\data\raw\train_images\d5f4a300f110242763985adf80e92326.jpg,..\data\processed\yolo_sahi_crop_classifier\crops\000425_d5f4a300f110242763985adf80e92326.jpg,3155105749,7,116,305,640,person,0,0.8730901479721069,0.5006607731366265,False,2
426,c009b98db88cf28e18174c4e5f3dbb04.jpg,E:\study\DoAnPython\project\data\raw\train_images\c009b98db88cf28e18174c4e5f3dbb04.jpg,..\data\processed\yolo_sahi_crop_classifier\crops\000426_c009b98db88cf28e18174c4e5f3dbb04.jpg,2246482215,39,0,542,640,person,0,0.7765324711799622,0.6528808522790086,False,4
427,23751bf36d8bf3bb5bd783356e39650e.jpg,E:\study\DoAnPython\project\data\raw\train_images\23751bf36d8bf3bb5bd783356e39650e.jpg,..\data\processed\yolo_sahi_crop_classifier\crops\000427_23751bf36d8bf3bb5bd783356e39650e.jpg,4291905065,172,135,330,556,bottle,39,0.9094806909561157,0.3418477655045843,False,2
428,d52a51b51f8f23fee9c01a91c9b2417c.jpg,E:\study\DoAnPython\project\data\raw\train_images\d52a51b51f8f23fee9c01a91c9b2417c.jpg,..\data\processed\yolo_sahi_crop_classifier\crops\000428_d52a51b51f8f23fee9c01a91c9b2417c.jpg,3857129077,110,128,640,489,book,73,0.4822404980659485,0.30621719104408035,False,3
429,41877aacaf89fbed33f8fef9eccbcd22.jpg,E:\study\DoAnPython\project\data\raw\train_images\41877aacaf89fbed33f8fef9eccbcd22.jpg,..\data\processed\yolo_sahi_crop_classifier\crops\000429_41877aacaf89fbed33f8fef9eccbcd22.jpg,821583868,218,64,750,526,surfboard,37,0.644024670124054,0.40079474265343823,False,4
430,1dbf735adb93d54e6340af02f9b5472e.jpg,E:\study\DoAnPython\project\data\raw\train_images\1dbf735adb93d54e6340af02f9b5472e.jpg,..\data\processed\yolo_sahi_crop_classifier\crops\000430_1dbf735adb93d54e6340af02f9b5472e.jpg,997220911,597,185,689,275,clock,74,0.4354194402694702,0.05286870149063962,False,1
431,901512caf3df159c6b82a2834cddf5a6.jpg,E:\study\DoAnPython\project\data\raw\train_images\901512caf3df159c6b82a2834cddf5a6.jpg,..\data\processed\yolo_sahi_crop_classifier\crops\000431_901512caf3df159c6b82a2834cddf5a6.jpg,3726039725,297,3,640,530,person,0,0.9112036228179932,0.5719352488236644,False,4
432,eb66d39daaf7ef264d427e1d0e670eff.jpg,E:\study\DoAnPython\project\data\raw\train_images\eb66d39daaf7ef264d427e1d0e670eff.jpg,..\data\processed\yolo_sahi_crop_classifier\crops\000432_eb66d39daaf7ef264d427e1d0e670eff.jpg,4189236082,256,301,681,777,book,73,0.35256022214889526,0.18886365534640703,False,4
433,42dd16fb2044077dc658ff013b5a1ceb.jpg,E:\study\DoAnPython\project\data\raw\train_images\42dd16fb2044077dc658ff013b5a1ceb.jpg,..\data\processed\yolo_sahi_crop_classifier\crops\000433_42dd16fb2044077dc658ff013b5a1ceb.jpg,1795593812,477,268,636,800,umbrella,25,0.7790372967720032,0.26659094244307574,False,5
434,dfbf09c8ea32b422ecba43bd6ec32c8f.jpg,E:\study\DoAnPython\project\data\raw\train_images\dfbf09c8ea32b422ecba43bd6ec32c8f.jpg,..\data\processed\yolo_sahi_crop_classifier\crops\000434_dfbf09c8ea32b422ecba43bd6ec32c8f.jpg,3515394634,540,64,867,277,person,0,0.7547217011451721,0.1809817292968183,False,11
435,ada9f15f9a3569e142d84525fc338556.jpg,E:\study\DoAnPython\project\data\raw\train_images\ada9f15f9a3569e142d84525fc338556.jpg,..\data\processed\yolo_sahi_crop_classifier\crops\000435_ada9f15f9a3569e142d84525fc338556.jpg,2163353660,0,0,500,500,full_image,-1,0.0,0.0,True,0
436,d47a64b8d74772e63c0615d05a2da52e.jpg,E:\study\DoAnPython\project\data\raw\train_images\d47a64b8d74772e63c0615d05a2da52e.jpg,..\data\processed\yolo_sahi_crop_classifier\crops\000436_d47a64b8d74772e63c0615d05a2da52e.jpg,2384099722,68,313,527,519,person,0,0.30367815494537354,0.10843479044271655,False,4
437,6754999969515690893f3bbff2e612c2.jpg,E:\study\DoAnPython\project\data\raw\train_images\6754999969515690893f3bbff2e612c2.jpg,..\data\processed\yolo_sahi_crop_classifier\crops\000437_6754999969515690893f3bbff2e612c2.jpg,3585699133,6,465,212,622,sports ball,32,0.26727405190467834,0.07015943862497807,False,1
438,1430664954aefcab31bf4ec386ead26a.jpg,E:\study\DoAnPython\project\data\raw\train_images\1430664954aefcab31bf4ec386ead26a.jpg,..\data\processed\yolo_sahi_crop_classifier\crops\000438_1430664954aefcab31bf4ec386ead26a.jpg,4277040433,169,12,601,501,microwave,68,0.47918999195098877,0.3187181983505449,False,4
439,a7a62f31b86f0cbceb176b6b06fca804.jpg,E:\study\DoAnPython\project\data\raw\train_images\a7a62f31b86f0cbceb176b6b06fca804.jpg,..\data\processed\yolo_sahi_crop_classifier\crops\000439_a7a62f31b86f0cbceb176b6b06fca804.jpg,3017519116,27,6,341,640,person,0,0.9351433515548706,0.6161667921395261,False,3
440,c0b74d0818eede4d862e0e2e1b4f09c8.jpg,E:\study\DoAnPython\project\data\raw\train_images\c0b74d0818eede4d862e0e2e1b4f09c8.jpg,..\data\processed\yolo_sahi_crop_classifier\crops\000440_c0b74d0818eede4d862e0e2e1b4f09c8.jpg,1024453873,287,272,682,712,scissors,76,0.5683865547180176,0.27492670225693355,False,3
441,072260d8e02378de68d76b318aa96e9c.jpg,E:\study\DoAnPython\project\data\raw\train_images\072260d8e02378de68d76b318aa96e9c.jpg,..\data\processed\yolo_sahi_crop_classifier\crops\000441_072260d8e02378de68d76b318aa96e9c.jpg,2997045579,1,154,515,915,bottle,39,0.4492708742618561,0.26025932526772405,False,4
442,5a68df48515e68372a848544cccb9e26.jpg,E:\study\DoAnPython\project\data\raw\train_images\5a68df48515e68372a848544cccb9e26.jpg,..\data\processed\yolo_sahi_crop_classifier\crops\000442_5a68df48515e68372a848544cccb9e26.jpg,1397230201,0,0,700,700,full_image,-1,0.0,0.0,True,0
443,fb670755eab6881edab6abb49b98f554.jpg,E:\study\DoAnPython\project\data\raw\train_images\fb670755eab6881edab6abb49b98f554.jpg,..\data\processed\yolo_sahi_crop_classifier\crops\000443_fb670755eab6881edab6abb49b98f554.jpg,1145764113,42,115,471,466,vase,75,0.4081728160381317,0.22966363379038443,False,3
444,69224cc5c455d4e29308eadc4dd97075.jpg,E:\study\DoAnPython\project\data\raw\train_images\69224cc5c455d4e29308eadc4dd97075.jpg,..\data\processed\yolo_sahi_crop_classifier\crops\000444_69224cc5c455d4e29308eadc4dd97075.jpg,3073207032,168,284,354,545,tennis racket,38,0.3635696470737457,0.11681144748109681,False,3
445,b1bf88c905383152e4a059f6194957c0.jpg,E:\study\DoAnPython\project\data\raw\train_images\b1bf88c905383152e4a059f6194957c0.jpg,..\data\processed\yolo_sahi_crop_classifier\crops\000445_b1bf88c905383152e4a059f6194957c0.jpg,1435072110,504,515,740,932,fork,42,0.2821173667907715,0.08038901140189869,False,1
446,b920ba9210b356572922244413d39c34.jpg,E:\study\DoAnPython\project\data\raw\train_images\b920ba9210b356572922244413d39c34.jpg,..\data\processed\yolo_sahi_crop_classifier\crops\000446_b920ba9210b356572922244413d39c34.jpg,37526516,112,34,640,530,bed,59,0.3831935524940491,0.2882918753307404,False,5
447,6ac675e7f826df4d21183ade95e03791.jpg,E:\study\DoAnPython\project\data\raw\train_images\6ac675e7f826df4d21183ade95e03791.jpg,..\data\processed\yolo_sahi_crop_classifier\crops\000447_6ac675e7f826df4d21183ade95e03791.jpg,1897162085,160,210,381,423,cup,41,0.42646458745002747,0.172272691384494,False,1
448,56f545310936b945c754b74c0513c7cf.jpg,E:\study\DoAnPython\project\data\raw\train_images\56f545310936b945c754b74c0513c7cf.jpg,..\data\processed\yolo_sahi_crop_classifier\crops\000448_56f545310936b945c754b74c0513c7cf.jpg,4016959315,569,94,731,477,bottle,39,0.7415235638618469,0.1671032150848052,False,8
449,7e479a73432601d5a42807b0d0fc451c.jpg,E:\study\DoAnPython\project\data\raw\train_images\7e479a73432601d5a42807b0d0fc451c.jpg,..\data\processed\yolo_sahi_crop_classifier\crops\000449_7e479a73432601d5a42807b0d0fc451c.jpg,3272679009,0,0,738,673,cake,55,0.29433974623680115,0.2673767121892151,False,3
450,ce6a7161b5cff1ac20b4b0af79d00368.jpg,E:\study\DoAnPython\project\data\raw\train_images\ce6a7161b5cff1ac20b4b0af79d00368.jpg,..\data\processed\yolo_sahi_crop_classifier\crops\000450_ce6a7161b5cff1ac20b4b0af79d00368.jpg,1760423056,426,251,569,390,cup,41,0.7429112792015076,0.1621833912624329,False,2
451,935690ce6af099e9e68f2eacce05a329.jpg,E:\study\DoAnPython\project\data\raw\train_images\935690ce6af099e9e68f2eacce05a329.jpg,..\data\processed\yolo_sahi_crop_classifier\crops\000451_935690ce6af099e9e68f2eacce05a329.jpg,2747427000,506,241,704,522,parking meter,12,0.8167940974235535,0.1748001492800501,False,10
452,b6aded431a1a5e4c0d96c243f936d19a.jpg,E:\study\DoAnPython\project\data\raw\train_images\b6aded431a1a5e4c0d96c243f936d19a.jpg,..\data\processed\yolo_sahi_crop_classifier\crops\000452_b6aded431a1a5e4c0d96c243f936d19a.jpg,3931033117,171,418,374,568,donut,54,0.8515456914901733,0.21643271223499538,False,11
453,54f76bafaf0ab78aef0cede7f9742ecd.jpg,E:\study\DoAnPython\project\data\raw\train_images\54f76bafaf0ab78aef0cede7f9742ecd.jpg,..\data\processed\yolo_sahi_crop_classifier\crops\000453_54f76bafaf0ab78aef0cede7f9742ecd.jpg,1677660746,176,425,541,650,cup,41,0.7290899157524109,0.18951959818951453,False,9
454,daceacb19694cc94437bd50ed2ca1475.jpg,E:\study\DoAnPython\project\data\raw\train_images\daceacb19694cc94437bd50ed2ca1475.jpg,..\data\processed\yolo_sahi_crop_classifier\crops\000454_daceacb19694cc94437bd50ed2ca1475.jpg,1227793457,0,44,530,527,refrigerator,72,0.4129616916179657,0.3081660692656726,False,2
455,4e63c69d0a0c4087d958d94f46221e8b.jpg,E:\study\DoAnPython\project\data\raw\train_images\4e63c69d0a0c4087d958d94f46221e8b.jpg,..\data\processed\yolo_sahi_crop_classifier\crops\000455_4e63c69d0a0c4087d958d94f46221e8b.jpg,3047942142,61,108,218,640,tie,27,0.711359441280365,0.3046339090538314,False,5
456,1011da6155f3f6261a9c0aeae963a46f.jpg,E:\study\DoAnPython\project\data\raw\train_images\1011da6155f3f6261a9c0aeae963a46f.jpg,..\data\processed\yolo_sahi_crop_classifier\crops\000456_1011da6155f3f6261a9c0aeae963a46f.jpg,2353441254,269,272,800,743,person,0,0.8479349613189697,0.49890430707279065,False,7
457,8ea00329113d58b4f3d2d535ca468fc8.jpg,E:\study\DoAnPython\project\data\raw\train_images\8ea00329113d58b4f3d2d535ca468fc8.jpg,..\data\processed\yolo_sahi_crop_classifier\crops\000457_8ea00329113d58b4f3d2d535ca468fc8.jpg,2558633431,31,56,528,529,scissors,76,0.8434926867485046,0.5420832702652386,False,1
458,def41766388169b1ca08bade3d0f471f.jpg,E:\study\DoAnPython\project\data\raw\train_images\def41766388169b1ca08bade3d0f471f.jpg,..\data\processed\yolo_sahi_crop_classifier\crops\000458_def41766388169b1ca08bade3d0f471f.jpg,1346371099,0,0,384,384,full_image,-1,0.0,0.0,True,0
459,20fa26232a37e3affe3c56d72ab858d4.jpg,E:\study\DoAnPython\project\data\raw\train_images\20fa26232a37e3affe3c56d72ab858d4.jpg,..\data\processed\yolo_sahi_crop_classifier\crops\000459_20fa26232a37e3affe3c56d72ab858d4.jpg,2333435384,560,139,968,635,tie,27,0.5037190318107605,0.20512246130650358,False,4
460,e781c269313c121968bc85876c1cd017.jpg,E:\study\DoAnPython\project\data\raw\train_images\e781c269313c121968bc85876c1cd017.jpg,..\data\processed\yolo_sahi_crop_classifier\crops\000460_e781c269313c121968bc85876c1cd017.jpg,2675366031,270,273,800,693,cake,55,0.5580534338951111,0.3104916730527734,False,1
461,23598ed2a1716d8e4496591fbd42acd7.jpg,E:\study\DoAnPython\project\data\raw\train_images\23598ed2a1716d8e4496591fbd42acd7.jpg,..\data\processed\yolo_sahi_crop_classifier\crops\000461_23598ed2a1716d8e4496591fbd42acd7.jpg,1037916122,38,30,356,666,bottle,39,0.7556482553482056,0.4511214788972483,False,6
462,dc504339c3855b7d8ea7226a4584497f.jpg,E:\study\DoAnPython\project\data\raw\train_images\dc504339c3855b7d8ea7226a4584497f.jpg,..\data\processed\yolo_sahi_crop_classifier\crops\000462_dc504339c3855b7d8ea7226a4584497f.jpg,2091049617,300,336,323,407,carrot,51,0.26489877700805664,0.017331255399087277,False,1
463,781bfd020403715794c4549eac1dc1ef.jpg,E:\study\DoAnPython\project\data\raw\train_images\781bfd020403715794c4549eac1dc1ef.jpg,..\data\processed\yolo_sahi_crop_classifier\crops\000463_781bfd020403715794c4549eac1dc1ef.jpg,2406884704,465,0,673,297,person,0,0.9501225352287292,0.31971680213449954,False,17
464,c35424803328ffb5bd0ea422f86afe5d.jpg,E:\study\DoAnPython\project\data\raw\train_images\c35424803328ffb5bd0ea422f86afe5d.jpg,..\data\processed\yolo_sahi_crop_classifier\crops\000464_c35424803328ffb5bd0ea422f86afe5d.jpg,1436991699,129,109,484,450,scissors,76,0.8359273076057434,0.26363079311818943,False,5
465,047f737210010aaa09b99024d91e378e.jpg,E:\study\DoAnPython\project\data\raw\train_images\047f737210010aaa09b99024d91e378e.jpg,..\data\processed\yolo_sahi_crop_classifier\crops\000465_047f737210010aaa09b99024d91e378e.jpg,721918808,106,151,664,512,microwave,68,0.6141270995140076,0.3654664420616114,False,2
466,573fd862e4b22c00e0834e03719ee821.jpg,E:\study\DoAnPython\project\data\raw\train_images\573fd862e4b22c00e0834e03719ee821.jpg,..\data\processed\yolo_sahi_crop_classifier\crops\000466_573fd862e4b22c00e0834e03719ee821.jpg,2821862330,0,384,56,516,toilet,61,0.27924132347106934,0.03923372000619915,False,1
467,e4c7009b119405bf654576ed5e19afc7.jpg,E:\study\DoAnPython\project\data\raw\train_images\e4c7009b119405bf654576ed5e19afc7.jpg,..\data\processed\yolo_sahi_crop_classifier\crops\000467_e4c7009b119405bf654576ed5e19afc7.jpg,3306596061,82,0,478,540,person,0,0.7827937006950378,0.6353495448745909,False,2
468,5d88ed23f72aa6373ce244306b6e6cf1.jpg,E:\study\DoAnPython\project\data\raw\train_images\5d88ed23f72aa6373ce244306b6e6cf1.jpg,..\data\processed\yolo_sahi_crop_classifier\crops\000468_5d88ed23f72aa6373ce244306b6e6cf1.jpg,2157423883,0,0,700,700,full_image,-1,0.0,0.0,True,0
469,2ad0f1e492f1affafcbc451dac2322e7.jpg,E:\study\DoAnPython\project\data\raw\train_images\2ad0f1e492f1affafcbc451dac2322e7.jpg,..\data\processed\yolo_sahi_crop_classifier\crops\000469_2ad0f1e492f1affafcbc451dac2322e7.jpg,709353370,440,312,694,705,cup,41,0.6706164479255676,0.2460291961792411,False,7
470,743f85f67de03afb8badcc36b381bafa.jpg,E:\study\DoAnPython\project\data\raw\train_images\743f85f67de03afb8badcc36b381bafa.jpg,..\data\processed\yolo_sahi_crop_classifier\crops\000470_743f85f67de03afb8badcc36b381bafa.jpg,98002181,169,480,385,886,cup,41,0.33470770716667175,0.09178561729707514,False,2
471,7f0d0d9514f70abdc3d26e775008685d.jpg,E:\study\DoAnPython\project\data\raw\train_images\7f0d0d9514f70abdc3d26e775008685d.jpg,..\data\processed\yolo_sahi_crop_classifier\crops\000471_7f0d0d9514f70abdc3d26e775008685d.jpg,1571562762,124,68,570,585,vase,75,0.5911439061164856,0.37714271364132507,False,5
472,5926f7a2c2beba29492d75b83d73ccdc.jpg,E:\study\DoAnPython\project\data\raw\train_images\5926f7a2c2beba29492d75b83d73ccdc.jpg,..\data\processed\yolo_sahi_crop_classifier\crops\000472_5926f7a2c2beba29492d75b83d73ccdc.jpg,3205175747,389,445,456,514,scissors,76,0.27620524168014526,0.027617152316183856,False,1
473,38b1cbfa3012e28773408e45f2a4347d.jpg,E:\study\DoAnPython\project\data\raw\train_images\38b1cbfa3012e28773408e45f2a4347d.jpg,..\data\processed\yolo_sahi_crop_classifier\crops\000473_38b1cbfa3012e28773408e45f2a4347d.jpg,3514361133,118,485,526,700,book,73,0.5963826775550842,0.23774231680324964,False,6
474,bb65744e743ac2740e1cdbd7e0ca68c6.jpg,E:\study\DoAnPython\project\data\raw\train_images\bb65744e743ac2740e1cdbd7e0ca68c6.jpg,..\data\processed\yolo_sahi_crop_classifier\crops\000474_bb65744e743ac2740e1cdbd7e0ca68c6.jpg,3805795145,213,111,381,631,bottle,39,0.7066637277603149,0.26913248530866823,False,2
475,a7c785d0f268ab6d201061f8751b9e97.jpg,E:\study\DoAnPython\project\data\raw\train_images\a7c785d0f268ab6d201061f8751b9e97.jpg,..\data\processed\yolo_sahi_crop_classifier\crops\000475_a7c785d0f268ab6d201061f8751b9e97.jpg,1591196550,18,30,312,315,umbrella,25,0.8844962120056152,0.2979231208421431,False,16
476,bfb08fa08e18d12c7ed726469a1585e9.jpg,E:\study\DoAnPython\project\data\raw\train_images\bfb08fa08e18d12c7ed726469a1585e9.jpg,..\data\processed\yolo_sahi_crop_classifier\crops\000476_bfb08fa08e18d12c7ed726469a1585e9.jpg,587871078,357,71,575,755,person,0,0.8638075590133667,0.38592667497795086,False,7
477,bfd56f65ee183c82f674b02d464a8210.jpg,E:\study\DoAnPython\project\data\raw\train_images\bfd56f65ee183c82f674b02d464a8210.jpg,..\data\processed\yolo_sahi_crop_classifier\crops\000477_bfd56f65ee183c82f674b02d464a8210.jpg,3856127007,501,0,774,531,person,0,0.8772125244140625,0.3907751656572869,False,10
478,35e350816a7e0af906e7c61b0284281e.jpg,E:\study\DoAnPython\project\data\raw\train_images\35e350816a7e0af906e7c61b0284281e.jpg,..\data\processed\yolo_sahi_crop_classifier\crops\000478_35e350816a7e0af906e7c61b0284281e.jpg,2384596174,434,260,680,600,umbrella,25,0.40699246525764465,0.15606276383605672,False,9
479,741bab66e75b79dc2e02f756c3866692.jpg,E:\study\DoAnPython\project\data\raw\train_images\741bab66e75b79dc2e02f756c3866692.jpg,..\data\processed\yolo_sahi_crop_classifier\crops\000479_741bab66e75b79dc2e02f756c3866692.jpg,1571562762,632,183,700,324,potted plant,58,0.7279036641120911,0.09595512856623571,False,5
480,b16b4835de61f456f408ce75f56163d8.jpg,E:\study\DoAnPython\project\data\raw\train_images\b16b4835de61f456f408ce75f56163d8.jpg,..\data\processed\yolo_sahi_crop_classifier\crops\000480_b16b4835de61f456f408ce75f56163d8.jpg,3912654752,87,97,542,613,person,0,0.6267638802528381,0.4688045996820102,False,3
481,78d290d0fef6118132eb3ba9d9d6f442.jpg,E:\study\DoAnPython\project\data\raw\train_images\78d290d0fef6118132eb3ba9d9d6f442.jpg,..\data\processed\yolo_sahi_crop_classifier\crops\000481_78d290d0fef6118132eb3ba9d9d6f442.jpg,119853508,112,42,571,454,scissors,76,0.29000574350357056,0.1825798187426939,False,1
482,07bc0cefcb8a1e167b7eda9024692fb7.jpg,E:\study\DoAnPython\project\data\raw\train_images\07bc0cefcb8a1e167b7eda9024692fb7.jpg,..\data\processed\yolo_sahi_crop_classifier\crops\000482_07bc0cefcb8a1e167b7eda9024692fb7.jpg,3515313435,0,0,500,500,full_image,-1,0.0,0.0,True,0
483,1359a8a3dad5b8325ddd00385c5e62ba.jpg,E:\study\DoAnPython\project\data\raw\train_images\1359a8a3dad5b8325ddd00385c5e62ba.jpg,..\data\processed\yolo_sahi_crop_classifier\crops\000483_1359a8a3dad5b8325ddd00385c5e62ba.jpg,3157887931,395,280,859,520,person,0,0.6058773994445801,0.18362974578186356,False,6
484,5d8e3436737072e77a0eef70644315b0.jpg,E:\study\DoAnPython\project\data\raw\train_images\5d8e3436737072e77a0eef70644315b0.jpg,..\data\processed\yolo_sahi_crop_classifier\crops\000484_5d8e3436737072e77a0eef70644315b0.jpg,424430310,118,0,528,413,oven,69,0.3747934103012085,0.22573149061439204,False,2
485,7d69b682de77127105b19c8521053fb8.jpg,E:\study\DoAnPython\project\data\raw\train_images\7d69b682de77127105b19c8521053fb8.jpg,..\data\processed\yolo_sahi_crop_classifier\crops\000485_7d69b682de77127105b19c8521053fb8.jpg,1563437474,291,273,572,614,cup,41,0.5749173760414124,0.25838978796743817,False,4
486,b3f9552e6757503e9e4a4bdd59b01d66.jpg,E:\study\DoAnPython\project\data\raw\train_images\b3f9552e6757503e9e4a4bdd59b01d66.jpg,..\data\processed\yolo_sahi_crop_classifier\crops\000486_b3f9552e6757503e9e4a4bdd59b01d66.jpg,3906476550,20,213,141,335,clock,74,0.7015638947486877,0.12441676469182224,False,3
487,2496e03fb90ee3eed434933da0341aed.jpg,E:\study\DoAnPython\project\data\raw\train_images\2496e03fb90ee3eed434933da0341aed.jpg,..\data\processed\yolo_sahi_crop_classifier\crops\000487_2496e03fb90ee3eed434933da0341aed.jpg,850483734,0,401,241,640,vase,75,0.2696387469768524,0.09690050879799494,False,2
488,3306364bab96381f52f53217e8d4c2ec.jpg,E:\study\DoAnPython\project\data\raw\train_images\3306364bab96381f52f53217e8d4c2ec.jpg,..\data\processed\yolo_sahi_crop_classifier\crops\000488_3306364bab96381f52f53217e8d4c2ec.jpg,1088754866,501,439,827,874,book,73,0.6888681650161743,0.23468868571612814,False,2
489,b8d34845a8f80e17d44e1083484cc5f4.jpg,E:\study\DoAnPython\project\data\raw\train_images\b8d34845a8f80e17d44e1083484cc5f4.jpg,..\data\processed\yolo_sahi_crop_classifier\crops\000489_b8d34845a8f80e17d44e1083484cc5f4.jpg,1035128795,508,98,637,526,refrigerator,72,0.30257561802864075,0.06484376058004404,False,1
490,168804539e8de770969531347d62a733.jpg,E:\study\DoAnPython\project\data\raw\train_images\168804539e8de770969531347d62a733.jpg,..\data\processed\yolo_sahi_crop_classifier\crops\000490_168804539e8de770969531347d62a733.jpg,1912015102,581,0,800,310,person,0,0.8396445512771606,0.2636223996178806,False,2
491,e2ab62d2015b5b76a95631021577ccb5.jpg,E:\study\DoAnPython\project\data\raw\train_images\e2ab62d2015b5b76a95631021577ccb5.jpg,..\data\processed\yolo_sahi_crop_classifier\crops\000491_e2ab62d2015b5b76a95631021577ccb5.jpg,4212108576,0,8,455,531,refrigerator,72,0.5280745029449463,0.3802972189460352,False,2
492,9c09330009763a390622c22ee129afd9.jpg,E:\study\DoAnPython\project\data\raw\train_images\9c09330009763a390622c22ee129afd9.jpg,..\data\processed\yolo_sahi_crop_classifier\crops\000492_9c09330009763a390622c22ee129afd9.jpg,1768497190,373,0,702,1009,person,0,0.9108980894088745,0.47706285242270363,False,7
493,497c69d9a9c35935ce389361288eabc6.jpg,E:\study\DoAnPython\project\data\raw\train_images\497c69d9a9c35935ce389361288eabc6.jpg,..\data\processed\yolo_sahi_crop_classifier\crops\000493_497c69d9a9c35935ce389361288eabc6.jpg,3474623472,116,31,800,793,motorcycle,3,0.4789501130580902,0.40274639192586476,False,4
494,06b3f3f16b1a435bd46bf23ed3f6fca4.jpg,E:\study\DoAnPython\project\data\raw\train_images\06b3f3f16b1a435bd46bf23ed3f6fca4.jpg,..\data\processed\yolo_sahi_crop_classifier\crops\000494_06b3f3f16b1a435bd46bf23ed3f6fca4.jpg,19273520,162,115,207,374,toothbrush,79,0.5353359580039978,0.11694542806180708,False,9
495,1a7ffe0505be13bd512686673df20e65.jpg,E:\study\DoAnPython\project\data\raw\train_images\1a7ffe0505be13bd512686673df20e65.jpg,..\data\processed\yolo_sahi_crop_classifier\crops\000495_1a7ffe0505be13bd512686673df20e65.jpg,3079715991,199,170,243,280,bottle,39,0.7474035620689392,0.12806089463973805,False,3
496,306e0e0d27670e108127e81f4ac14cfd.jpg,E:\study\DoAnPython\project\data\raw\train_images\306e0e0d27670e108127e81f4ac14cfd.jpg,..\data\processed\yolo_sahi_crop_classifier\crops\000496_306e0e0d27670e108127e81f4ac14cfd.jpg,2674911095,11,257,154,452,cell phone,67,0.7458776831626892,0.22212375048086014,False,14
497,8f6f1fc1badf5561011f91b666676c5f.jpg,E:\study\DoAnPython\project\data\raw\train_images\8f6f1fc1badf5561011f91b666676c5f.jpg,..\data\processed\yolo_sahi_crop_classifier\crops\000497_8f6f1fc1badf5561011f91b666676c5f.jpg,2157612122,25,41,588,639,umbrella,25,0.6247467994689941,0.5254480598025512,False,1
498,1ee3f8d996dff5ab876ba2857eab923b.jpg,E:\study\DoAnPython\project\data\raw\train_images\1ee3f8d996dff5ab876ba2857eab923b.jpg,..\data\processed\yolo_sahi_crop_classifier\crops\000498_1ee3f8d996dff5ab876ba2857eab923b.jpg,2856259827,140,674,331,884,person,0,0.8056147694587708,0.14653525749959367,False,7
499,95327cfe94950bef06df0acbd56efb28.jpg,E:\study\DoAnPython\project\data\raw\train_images\95327cfe94950bef06df0acbd56efb28.jpg,..\data\processed\yolo_sahi_crop_classifier\crops\000499_95327cfe94950bef06df0acbd56efb28.jpg,665055436,235,253,297,304,donut,54,0.26734858751296997,0.022269473872974784,False,1
500,99cd05d5e5b4abc1f96264216975f89d.jpg,E:\study\DoAnPython\project\data\raw\train_images\99cd05d5e5b4abc1f96264216975f89d.jpg,..\data\processed\yolo_sahi_crop_classifier\crops\000500_99cd05d5e5b4abc1f96264216975f89d.jpg,1187866411,56,59,738,800,toothbrush,79,0.7677386999130249,0.6401301968556454,False,9
501,74008ddc00d5c50a824ddeb4b376341a.jpg,E:\study\DoAnPython\project\data\raw\train_images\74008ddc00d5c50a824ddeb4b376341a.jpg,..\data\processed\yolo_sahi_crop_classifier\crops\000501_74008ddc00d5c50a824ddeb4b376341a.jpg,399747528,453,0,566,288,bottle,39,0.7271800637245178,0.19237027369780588,False,9
502,716bf808de1dc257862dabe23f8d84f5.jpg,E:\study\DoAnPython\project\data\raw\train_images\716bf808de1dc257862dabe23f8d84f5.jpg,..\data\processed\yolo_sahi_crop_classifier\crops\000502_716bf808de1dc257862dabe23f8d84f5.jpg,2610734773,471,512,945,929,clock,74,0.3461310863494873,0.14283098334560837,False,9
503,0a0d257d1127f7d4298a7753875b372a.jpg,E:\study\DoAnPython\project\data\raw\train_images\0a0d257d1127f7d4298a7753875b372a.jpg,..\data\processed\yolo_sahi_crop_classifier\crops\000503_0a0d257d1127f7d4298a7753875b372a.jpg,2101072117,150,40,681,528,refrigerator,72,0.46294981241226196,0.32155748067868944,False,3
504,8fb860f378e8b83a6f54df2f834432ad.jpg,E:\study\DoAnPython\project\data\raw\train_images\8fb860f378e8b83a6f54df2f834432ad.jpg,..\data\processed\yolo_sahi_crop_classifier\crops\000504_8fb860f378e8b83a6f54df2f834432ad.jpg,3268999028,134,375,308,516,donut,54,0.7752548456192017,0.17646463026981235,False,6
505,2138e81949c044e98e7ea628b517e7bb.jpg,E:\study\DoAnPython\project\data\raw\train_images\2138e81949c044e98e7ea628b517e7bb.jpg,..\data\processed\yolo_sahi_crop_classifier\crops\000505_2138e81949c044e98e7ea628b517e7bb.jpg,3202957389,339,354,488,464,bowl,45,0.46204113960266113,0.0859623260193079,False,1
506,81d7131482dd6de42777324d7b4a723f.jpg,E:\study\DoAnPython\project\data\raw\train_images\81d7131482dd6de42777324d7b4a723f.jpg,..\data\processed\yolo_sahi_crop_classifier\crops\000506_81d7131482dd6de42777324d7b4a723f.jpg,718620114,92,43,515,485,clock,74,0.8668503761291504,0.5667140428845411,False,2
507,32f6ea4c4864371a6a716756fb429272.jpg,E:\study\DoAnPython\project\data\raw\train_images\32f6ea4c4864371a6a716756fb429272.jpg,..\data\processed\yolo_sahi_crop_classifier\crops\000507_32f6ea4c4864371a6a716756fb429272.jpg,209054257,205,74,301,428,bottle,39,0.7112879753112793,0.2444182549192086,False,1
508,1cef779cf960fae3d2a00db298f6a3b5.jpg,E:\study\DoAnPython\project\data\raw\train_images\1cef779cf960fae3d2a00db298f6a3b5.jpg,..\data\processed\yolo_sahi_crop_classifier\crops\000508_1cef779cf960fae3d2a00db298f6a3b5.jpg,3454455800,0,0,640,640,full_image,-1,0.0,0.0,True,0
509,ddcbf3b11393767b284e4343d06c56ce.jpg,E:\study\DoAnPython\project\data\raw\train_images\ddcbf3b11393767b284e4343d06c56ce.jpg,..\data\processed\yolo_sahi_crop_classifier\crops\000509_ddcbf3b11393767b284e4343d06c56ce.jpg,1523710385,0,0,1024,1024,full_image,-1,0.0,0.0,True,0
510,962f1f51f1ed55ebc353be4b31c155ea.jpg,E:\study\DoAnPython\project\data\raw\train_images\962f1f51f1ed55ebc353be4b31c155ea.jpg,..\data\processed\yolo_sahi_crop_classifier\crops\000510_962f1f51f1ed55ebc353be4b31c155ea.jpg,2678364648,122,119,305,366,cup,41,0.6991527676582336,0.21617621250986901,False,4
511,558348979ab1c2b3522d88c8e90c07b7.jpg,E:\study\DoAnPython\project\data\raw\train_images\558348979ab1c2b3522d88c8e90c07b7.jpg,..\data\processed\yolo_sahi_crop_classifier\crops\000511_558348979ab1c2b3522d88c8e90c07b7.jpg,27537526,57,12,313,411,book,73,0.26959285140037537,0.19778197541876638,False,1
512,76abbdec92f9d1d6d7a4de9048300099.jpg,E:\study\DoAnPython\project\data\raw\train_images\76abbdec92f9d1d6d7a4de9048300099.jpg,..\data\processed\yolo_sahi_crop_classifier\crops\000512_76abbdec92f9d1d6d7a4de9048300099.jpg,1550813244,199,155,524,525,refrigerator,72,0.650287926197052,0.2043469702561711,False,3
513,f1614aeffe66daa9e61625d6d573e215.jpg,E:\study\DoAnPython\project\data\raw\train_images\f1614aeffe66daa9e61625d6d573e215.jpg,..\data\processed\yolo_sahi_crop_classifier\crops\000513_f1614aeffe66daa9e61625d6d573e215.jpg,3983879500,12,299,531,800,cake,55,0.4936877489089966,0.2971381536695523,False,10
514,ec6b09c0b49dca6c12be72cca47bd728.jpg,E:\study\DoAnPython\project\data\raw\train_images\ec6b09c0b49dca6c12be72cca47bd728.jpg,..\data\processed\yolo_sahi_crop_classifier\crops\000514_ec6b09c0b49dca6c12be72cca47bd728.jpg,1560011052,20,226,375,409,mouse,64,0.9474419355392456,0.4781352356542244,False,2
515,5488203db407f5d604513db486b599f3.jpg,E:\study\DoAnPython\project\data\raw\train_images\5488203db407f5d604513db486b599f3.jpg,..\data\processed\yolo_sahi_crop_classifier\crops\000515_5488203db407f5d604513db486b599f3.jpg,739038796,468,499,1000,885,bed,59,0.8340862989425659,0.35535013137174637,False,10
516,c9ebc1d790b2e8da06590621dc30f00b.jpg,E:\study\DoAnPython\project\data\raw\train_images\c9ebc1d790b2e8da06590621dc30f00b.jpg,..\data\processed\yolo_sahi_crop_classifier\crops\000516_c9ebc1d790b2e8da06590621dc30f00b.jpg,3814390525,106,232,526,521,stop sign,11,0.6437108516693115,0.21947025525282268,False,4
517,0c5aeb7dd48a110b822c4286325183b2.jpg,E:\study\DoAnPython\project\data\raw\train_images\0c5aeb7dd48a110b822c4286325183b2.jpg,..\data\processed\yolo_sahi_crop_classifier\crops\000517_0c5aeb7dd48a110b822c4286325183b2.jpg,2798888215,0,280,529,800,person,0,0.6153041124343872,0.38418031272616215,False,12
518,e856de78db8db45baf52c925d6767d84.jpg,E:\study\DoAnPython\project\data\raw\train_images\e856de78db8db45baf52c925d6767d84.jpg,..\data\processed\yolo_sahi_crop_classifier\crops\000518_e856de78db8db45baf52c925d6767d84.jpg,4058480380,0,478,531,700,dining table,60,0.6986055970191956,0.32893410921866817,False,15
519,7346efb0f4f832aeed20a13ca5736899.jpg,E:\study\DoAnPython\project\data\raw\train_images\7346efb0f4f832aeed20a13ca5736899.jpg,..\data\processed\yolo_sahi_crop_classifier\crops\000519_7346efb0f4f832aeed20a13ca5736899.jpg,1754883022,110,146,611,519,book,73,0.5471256971359253,0.3433984676292062,False,1
520,a74c4fa5e17b0935c6679f409246dbbc.jpg,E:\study\DoAnPython\project\data\raw\train_images\a74c4fa5e17b0935c6679f409246dbbc.jpg,..\data\processed\yolo_sahi_crop_classifier\crops\000520_a74c4fa5e17b0935c6679f409246dbbc.jpg,637302283,396,508,824,844,book,73,0.48955830931663513,0.16847028194864178,False,2
521,a9fb5e1313e9b34b37f519a47a9dbe5c.jpg,E:\study\DoAnPython\project\data\raw\train_images\a9fb5e1313e9b34b37f519a47a9dbe5c.jpg,..\data\processed\yolo_sahi_crop_classifier\crops\000521_a9fb5e1313e9b34b37f519a47a9dbe5c.jpg,1872155459,335,104,476,608,bottle,39,0.8755136728286743,0.2709764320956677,False,13
522,a2b16d6f53b501dc8a5aba9244a33fcc.jpg,E:\study\DoAnPython\project\data\raw\train_images\a2b16d6f53b501dc8a5aba9244a33fcc.jpg,..\data\processed\yolo_sahi_crop_classifier\crops\000522_a2b16d6f53b501dc8a5aba9244a33fcc.jpg,1075808831,0,172,413,640,book,73,0.5903186798095703,0.3785012164934956,False,4
523,752eaaf43237a1020130546af9e56c3c.jpg,E:\study\DoAnPython\project\data\raw\train_images\752eaaf43237a1020130546af9e56c3c.jpg,..\data\processed\yolo_sahi_crop_classifier\crops\000523_752eaaf43237a1020130546af9e56c3c.jpg,3148564164,343,500,517,829,bottle,39,0.3221866190433502,0.069938283595176,False,3
524,fb51f16b410d8a175de78dc3c6cc2fdc.jpg,E:\study\DoAnPython\project\data\raw\train_images\fb51f16b410d8a175de78dc3c6cc2fdc.jpg,..\data\processed\yolo_sahi_crop_classifier\crops\000524_fb51f16b410d8a175de78dc3c6cc2fdc.jpg,1605252728,0,462,618,988,cell phone,67,0.4878246784210205,0.2562719467392963,False,5
525,2c0dcb04204da937cefc98e9434dc264.jpg,E:\study\DoAnPython\project\data\raw\train_images\2c0dcb04204da937cefc98e9434dc264.jpg,..\data\processed\yolo_sahi_crop_classifier\crops\000525_2c0dcb04204da937cefc98e9434dc264.jpg,794555454,2,108,530,640,person,0,0.25162553787231445,0.19596421039797465,False,1
526,8db8764847ae12f531567a4ab8d73340.jpg,E:\study\DoAnPython\project\data\raw\train_images\8db8764847ae12f531567a4ab8d73340.jpg,..\data\processed\yolo_sahi_crop_classifier\crops\000526_8db8764847ae12f531567a4ab8d73340.jpg,3085147105,39,291,526,520,toothbrush,79,0.5536945462226868,0.20751180542474904,False,6
527,e1a3facc2000b71a4465d81f167c8c5f.jpg,E:\study\DoAnPython\project\data\raw\train_images\e1a3facc2000b71a4465d81f167c8c5f.jpg,..\data\processed\yolo_sahi_crop_classifier\crops\000527_e1a3facc2000b71a4465d81f167c8c5f.jpg,881032365,53,77,911,731,cake,55,0.8909508585929871,0.6801005584803547,False,5
528,4ee1a912449c99e577061ede489251a9.jpg,E:\study\DoAnPython\project\data\raw\train_images\4ee1a912449c99e577061ede489251a9.jpg,..\data\processed\yolo_sahi_crop_classifier\crops\000528_4ee1a912449c99e577061ede489251a9.jpg,1186806654,165,92,454,488,bottle,39,0.5974663496017456,0.29372000396809905,False,6
529,790377e287d0a26e23422ad99193e75d.jpg,E:\study\DoAnPython\project\data\raw\train_images\790377e287d0a26e23422ad99193e75d.jpg,..\data\processed\yolo_sahi_crop_classifier\crops\000529_790377e287d0a26e23422ad99193e75d.jpg,584321400,39,305,396,554,cake,55,0.8478339314460754,0.29304937094359085,False,3
530,5a159efcc2a0a9e5158347c6112c3fa9.jpg,E:\study\DoAnPython\project\data\raw\train_images\5a159efcc2a0a9e5158347c6112c3fa9.jpg,..\data\processed\yolo_sahi_crop_classifier\crops\000530_5a159efcc2a0a9e5158347c6112c3fa9.jpg,2533528738,116,156,554,523,chair,56,0.6034606695175171,0.3508400809660065,False,6
531,5a22bb468b3939c0b9c0f889ef065198.jpg,E:\study\DoAnPython\project\data\raw\train_images\5a22bb468b3939c0b9c0f889ef065198.jpg,..\data\processed\yolo_sahi_crop_classifier\crops\000531_5a22bb468b3939c0b9c0f889ef065198.jpg,3314511991,511,0,1000,1000,person,0,0.9319912195205688,0.6292059021832537,False,12
532,ad38e6b2dd3365228b43cf5bbb70bc65.jpg,E:\study\DoAnPython\project\data\raw\train_images\ad38e6b2dd3365228b43cf5bbb70bc65.jpg,..\data\processed\yolo_sahi_crop_classifier\crops\000532_ad38e6b2dd3365228b43cf5bbb70bc65.jpg,787574364,305,535,370,604,donut,54,0.5476235151290894,0.03367469941138988,False,14
533,f9995b1bf13ef0b0942353b8322293e2.jpg,E:\study\DoAnPython\project\data\raw\train_images\f9995b1bf13ef0b0942353b8322293e2.jpg,..\data\processed\yolo_sahi_crop_classifier\crops\000533_f9995b1bf13ef0b0942353b8322293e2.jpg,852765968,0,0,640,640,full_image,-1,0.0,0.0,True,0
534,b0fc18946dd11e6e2d84d60300dd6178.jpg,E:\study\DoAnPython\project\data\raw\train_images\b0fc18946dd11e6e2d84d60300dd6178.jpg,..\data\processed\yolo_sahi_crop_classifier\crops\000534_b0fc18946dd11e6e2d84d60300dd6178.jpg,98063691,0,223,329,771,snowboard,31,0.6673945784568787,0.26113080957671403,False,8
535,ad5ad47a381ac86a54810636e1dd13f1.jpg,E:\study\DoAnPython\project\data\raw\train_images\ad5ad47a381ac86a54810636e1dd13f1.jpg,..\data\processed\yolo_sahi_crop_classifier\crops\000535_ad5ad47a381ac86a54810636e1dd13f1.jpg,2176056223,125,0,914,1000,person,0,0.8108794689178467,0.682107259367984,False,12
536,346d410e683a1cc82454614f1cccf804.jpg,E:\study\DoAnPython\project\data\raw\train_images\346d410e683a1cc82454614f1cccf804.jpg,..\data\processed\yolo_sahi_crop_classifier\crops\000536_346d410e683a1cc82454614f1cccf804.jpg,2415538143,0,0,531,528,potted plant,58,0.42542174458503723,0.33667732633181674,False,6
537,8bd046e72840cae1b245f2e5d7f07a09.jpg,E:\study\DoAnPython\project\data\raw\train_images\8bd046e72840cae1b245f2e5d7f07a09.jpg,..\data\processed\yolo_sahi_crop_classifier\crops\000537_8bd046e72840cae1b245f2e5d7f07a09.jpg,3905952296,224,450,788,819,book,73,0.4461471140384674,0.18471018143847145,False,3
538,3ef10a408b6f491542025e609f17c91f.jpg,E:\study\DoAnPython\project\data\raw\train_images\3ef10a408b6f491542025e609f17c91f.jpg,..\data\processed\yolo_sahi_crop_classifier\crops\000538_3ef10a408b6f491542025e609f17c91f.jpg,2066748536,0,0,640,640,full_image,-1,0.0,0.0,True,0
539,893bc2e791b83d6dc4e31a02b5caa3d6.jpg,E:\study\DoAnPython\project\data\raw\train_images\893bc2e791b83d6dc4e31a02b5caa3d6.jpg,..\data\processed\yolo_sahi_crop_classifier\crops\000539_893bc2e791b83d6dc4e31a02b5caa3d6.jpg,1132134655,102,110,385,637,person,0,0.5987831354141235,0.33552268601503193,False,8
540,23cdf289506252def2378f6dc42a7d32.jpg,E:\study\DoAnPython\project\data\raw\train_images\23cdf289506252def2378f6dc42a7d32.jpg,..\data\processed\yolo_sahi_crop_classifier\crops\000540_23cdf289506252def2378f6dc42a7d32.jpg,2257604078,333,184,653,524,parking meter,12,0.6529347896575928,0.23572332419000744,False,4
541,7f0545b708ef569f280c0cf4e36f4a9f.jpg,E:\study\DoAnPython\project\data\raw\train_images\7f0545b708ef569f280c0cf4e36f4a9f.jpg,..\data\processed\yolo_sahi_crop_classifier\crops\000541_7f0545b708ef569f280c0cf4e36f4a9f.jpg,1169876123,50,174,326,562,remote,65,0.5897212028503418,0.25575252829731576,False,5
542,5c5cf71b47507f04e09cff4bfa29c86f.jpg,E:\study\DoAnPython\project\data\raw\train_images\5c5cf71b47507f04e09cff4bfa29c86f.jpg,..\data\processed\yolo_sahi_crop_classifier\crops\000542_5c5cf71b47507f04e09cff4bfa29c86f.jpg,38414667,438,261,782,641,bird,14,0.6912491321563721,0.2899952824382166,False,3
543,2df613f337b6749970179f86fb5c2fda.jpg,E:\study\DoAnPython\project\data\raw\train_images\2df613f337b6749970179f86fb5c2fda.jpg,..\data\processed\yolo_sahi_crop_classifier\crops\000543_2df613f337b6749970179f86fb5c2fda.jpg,2804467266,678,276,1000,744,cup,41,0.7153356671333313,0.2611102570472652,False,11
544,b103e9ae34829115c7a946dfb9cdd51b.jpg,E:\study\DoAnPython\project\data\raw\train_images\b103e9ae34829115c7a946dfb9cdd51b.jpg,..\data\processed\yolo_sahi_crop_classifier\crops\000544_b103e9ae34829115c7a946dfb9cdd51b.jpg,2087590585,37,0,273,529,person,0,0.7716832160949707,0.39749703676289294,False,4
545,0f4eb2213cc6b1c198160b8e2dec48df.jpg,E:\study\DoAnPython\project\data\raw\train_images\0f4eb2213cc6b1c198160b8e2dec48df.jpg,..\data\processed\yolo_sahi_crop_classifier\crops\000545_0f4eb2213cc6b1c198160b8e2dec48df.jpg,731330024,273,87,719,495,refrigerator,72,0.2581475079059601,0.12765094090899634,False,1
546,180919e0bddd83c914fdc56c7bbafd17.jpg,E:\study\DoAnPython\project\data\raw\train_images\180919e0bddd83c914fdc56c7bbafd17.jpg,..\data\processed\yolo_sahi_crop_classifier\crops\000546_180919e0bddd83c914fdc56c7bbafd17.jpg,3466127809,130,128,686,685,clock,74,0.7856144905090332,0.5072121177731465,False,1
547,6fed0c2654275af11e24fc74f9b8730c.jpg,E:\study\DoAnPython\project\data\raw\train_images\6fed0c2654275af11e24fc74f9b8730c.jpg,..\data\processed\yolo_sahi_crop_classifier\crops\000547_6fed0c2654275af11e24fc74f9b8730c.jpg,2071718004,53,111,525,588,cake,55,0.5224779844284058,0.3596060086589629,False,1
548,ae272f3646092944f2424a23b2e1bc9f.jpg,E:\study\DoAnPython\project\data\raw\train_images\ae272f3646092944f2424a23b2e1bc9f.jpg,..\data\processed\yolo_sahi_crop_classifier\crops\000548_ae272f3646092944f2424a23b2e1bc9f.jpg,375771768,403,397,599,789,cup,41,0.30189862847328186,0.07770474254247275,False,4
549,cbdcf4f476181e8af8e1f1d90627fd47.jpg,E:\study\DoAnPython\project\data\raw\train_images\cbdcf4f476181e8af8e1f1d90627fd47.jpg,..\data\processed\yolo_sahi_crop_classifier\crops\000549_cbdcf4f476181e8af8e1f1d90627fd47.jpg,953150943,0,144,300,540,person,0,0.6238740682601929,0.37728129916058606,False,2
550,e001ff11ca0d9f47d8b06ba4349b807f.jpg,E:\study\DoAnPython\project\data\raw\train_images\e001ff11ca0d9f47d8b06ba4349b807f.jpg,..\data\processed\yolo_sahi_crop_classifier\crops\000550_e001ff11ca0d9f47d8b06ba4349b807f.jpg,2319793696,288,50,396,749,vase,75,0.48953232169151306,0.15588837612688972,False,2
551,9ad7cb62e30fad7a98db3e3396cc20e6.jpg,E:\study\DoAnPython\project\data\raw\train_images\9ad7cb62e30fad7a98db3e3396cc20e6.jpg,..\data\processed\yolo_sahi_crop_classifier\crops\000551_9ad7cb62e30fad7a98db3e3396cc20e6.jpg,794097910,81,0,552,640,refrigerator,72,0.7254627346992493,0.5881203530283695,False,4
552,120390b5cb21186d1d0fdcaf744f8928.jpg,E:\study\DoAnPython\project\data\raw\train_images\120390b5cb21186d1d0fdcaf744f8928.jpg,..\data\processed\yolo_sahi_crop_classifier\crops\000552_120390b5cb21186d1d0fdcaf744f8928.jpg,536463662,0,0,669,1024,person,0,0.9361426830291748,0.7245942090731498,False,10
553,02a3ab241b2f467a109b41893de37f18.jpg,E:\study\DoAnPython\project\data\raw\train_images\02a3ab241b2f467a109b41893de37f18.jpg,..\data\processed\yolo_sahi_crop_classifier\crops\000553_02a3ab241b2f467a109b41893de37f18.jpg,2518689634,399,78,702,526,person,0,0.6936291456222534,0.23159394579481943,False,36
554,32662514c8aad7897103f162cdc8fe7a.jpg,E:\study\DoAnPython\project\data\raw\train_images\32662514c8aad7897103f162cdc8fe7a.jpg,..\data\processed\yolo_sahi_crop_classifier\crops\000554_32662514c8aad7897103f162cdc8fe7a.jpg,898058398,384,137,525,562,bottle,39,0.9112927317619324,0.32390088013772383,False,2
555,807f47d675f3318af23eaababd9dd331.jpg,E:\study\DoAnPython\project\data\raw\train_images\807f47d675f3318af23eaababd9dd331.jpg,..\data\processed\yolo_sahi_crop_classifier\crops\000555_807f47d675f3318af23eaababd9dd331.jpg,2245629901,398,391,796,939,person,0,0.64487624168396,0.27302922644678584,False,3
556,872408e25c80da952c447c9195a32e8f.jpg,E:\study\DoAnPython\project\data\raw\train_images\872408e25c80da952c447c9195a32e8f.jpg,..\data\processed\yolo_sahi_crop_classifier\crops\000556_872408e25c80da952c447c9195a32e8f.jpg,2945967054,0,0,367,367,full_image,-1,0.0,0.0,True,0
557,2f37841ca2b1151d0abe825a8a21c18b.jpg,E:\study\DoAnPython\project\data\raw\train_images\2f37841ca2b1151d0abe825a8a21c18b.jpg,..\data\processed\yolo_sahi_crop_classifier\crops\000557_2f37841ca2b1151d0abe825a8a21c18b.jpg,9784494,513,506,711,837,cat,15,0.8619123697280884,0.21010510128933557,False,3
558,5b0d949eaa2d0b8b1c33919f5b11ba80.jpg,E:\study\DoAnPython\project\data\raw\train_images\5b0d949eaa2d0b8b1c33919f5b11ba80.jpg,..\data\processed\yolo_sahi_crop_classifier\crops\000558_5b0d949eaa2d0b8b1c33919f5b11ba80.jpg,3907091402,84,604,219,697,motorcycle,3,0.4904727339744568,0.0730687137137005,False,3
559,18dcc39a284e327377e3425e5ae7445c.jpg,E:\study\DoAnPython\project\data\raw\train_images\18dcc39a284e327377e3425e5ae7445c.jpg,..\data\processed\yolo_sahi_crop_classifier\crops\000559_18dcc39a284e327377e3425e5ae7445c.jpg,2672555526,183,111,325,242,potted plant,58,0.8498764038085938,0.15470247181397412,False,4
560,3a21ef4af00fc3ac03ed1f280692defe.jpg,E:\study\DoAnPython\project\data\raw\train_images\3a21ef4af00fc3ac03ed1f280692defe.jpg,..\data\processed\yolo_sahi_crop_classifier\crops\000560_3a21ef4af00fc3ac03ed1f280692defe.jpg,2751436700,64,283,460,829,cell phone,67,0.7929227948188782,0.38017850747670767,False,6
561,62f3fab0abf5b23c724e90d0f3862e04.jpg,E:\study\DoAnPython\project\data\raw\train_images\62f3fab0abf5b23c724e90d0f3862e04.jpg,..\data\processed\yolo_sahi_crop_classifier\crops\000561_62f3fab0abf5b23c724e90d0f3862e04.jpg,77254707,313,0,694,564,person,0,0.9604645371437073,0.4045517068670214,False,21
562,cc7b7f486813b3b562d8fc3cef92d7a7.jpg,E:\study\DoAnPython\project\data\raw\train_images\cc7b7f486813b3b562d8fc3cef92d7a7.jpg,..\data\processed\yolo_sahi_crop_classifier\crops\000562_cc7b7f486813b3b562d8fc3cef92d7a7.jpg,3874031415,127,145,439,298,knife,43,0.37157121300697327,0.11823038503340288,False,2
563,423a92bf95cc5cadc8be5aa2854c50b8.jpg,E:\study\DoAnPython\project\data\raw\train_images\423a92bf95cc5cadc8be5aa2854c50b8.jpg,..\data\processed\yolo_sahi_crop_classifier\crops\000563_423a92bf95cc5cadc8be5aa2854c50b8.jpg,4286906991,0,218,623,1024,person,0,0.9150007367134094,0.5975307295890496,False,7
564,f87fcec6444f32c8d86362a7c87a61e0.jpg,E:\study\DoAnPython\project\data\raw\train_images\f87fcec6444f32c8d86362a7c87a61e0.jpg,..\data\processed\yolo_sahi_crop_classifier\crops\000564_f87fcec6444f32c8d86362a7c87a61e0.jpg,1033589203,0,0,835,835,full_image,-1,0.0,0.0,True,0
565,efb5ed385ca26dda8381422031b6ced7.jpg,E:\study\DoAnPython\project\data\raw\train_images\efb5ed385ca26dda8381422031b6ced7.jpg,..\data\processed\yolo_sahi_crop_classifier\crops\000565_efb5ed385ca26dda8381422031b6ced7.jpg,196791868,215,23,470,544,cell phone,67,0.6753858327865601,0.412467676351302,False,1
566,0baac76aed0f671265cdf19d0c02b196.jpg,E:\study\DoAnPython\project\data\raw\train_images\0baac76aed0f671265cdf19d0c02b196.jpg,..\data\processed\yolo_sahi_crop_classifier\crops\000566_0baac76aed0f671265cdf19d0c02b196.jpg,2041202864,219,208,550,474,cup,41,0.560039758682251,0.24145372730658737,False,1
567,a788ff0ae111dfe21890e53bff225931.jpg,E:\study\DoAnPython\project\data\raw\train_images\a788ff0ae111dfe21890e53bff225931.jpg,..\data\processed\yolo_sahi_crop_classifier\crops\000567_a788ff0ae111dfe21890e53bff225931.jpg,2013815832,0,455,414,800,car,2,0.3117143511772156,0.1410324445715825,False,6
568,74f4a793a9dcdcdd5dcb1c4a8b3c9181.jpg,E:\study\DoAnPython\project\data\raw\train_images\74f4a793a9dcdcdd5dcb1c4a8b3c9181.jpg,..\data\processed\yolo_sahi_crop_classifier\crops\000568_74f4a793a9dcdcdd5dcb1c4a8b3c9181.jpg,1661640894,193,9,358,367,toilet,61,0.5289245247840881,0.31789023988234494,False,2
569,4f60e458f0eeffcc5a68abd597d60043.jpg,E:\study\DoAnPython\project\data\raw\train_images\4f60e458f0eeffcc5a68abd597d60043.jpg,..\data\processed\yolo_sahi_crop_classifier\crops\000569_4f60e458f0eeffcc5a68abd597d60043.jpg,1634989650,114,269,219,435,clock,74,0.4098591208457947,0.06325903679078532,False,4
570,0e64ffd904f9ca4ee21746e7c6f788e0.jpg,E:\study\DoAnPython\project\data\raw\train_images\0e64ffd904f9ca4ee21746e7c6f788e0.jpg,..\data\processed\yolo_sahi_crop_classifier\crops\000570_0e64ffd904f9ca4ee21746e7c6f788e0.jpg,2187089599,74,245,215,631,person,0,0.898948609828949,0.3041809782856435,False,2
571,19c820621db659c830837c360f8b6681.jpg,E:\study\DoAnPython\project\data\raw\train_images\19c820621db659c830837c360f8b6681.jpg,..\data\processed\yolo_sahi_crop_classifier\crops\000571_19c820621db659c830837c360f8b6681.jpg,2797230249,32,497,530,905,suitcase,28,0.7411448359489441,0.302461441753097,False,5
572,8fbb1718c0b38931ef966c640537a15e.jpg,E:\study\DoAnPython\project\data\raw\train_images\8fbb1718c0b38931ef966c640537a15e.jpg,..\data\processed\yolo_sahi_crop_classifier\crops\000572_8fbb1718c0b38931ef966c640537a15e.jpg,4245771399,142,446,525,899,kite,33,0.2622079849243164,0.10864743898218757,False,12
573,b3f69b370c9f93f03616b7e327f4df72.jpg,E:\study\DoAnPython\project\data\raw\train_images\b3f69b370c9f93f03616b7e327f4df72.jpg,..\data\processed\yolo_sahi_crop_classifier\crops\000573_b3f69b370c9f93f03616b7e327f4df72.jpg,4172510026,293,241,462,440,suitcase,28,0.7557380795478821,0.20124589113807304,False,9
574,e208a98ed5f421313b39e54541ea3f93.jpg,E:\study\DoAnPython\project\data\raw\train_images\e208a98ed5f421313b39e54541ea3f93.jpg,..\data\processed\yolo_sahi_crop_classifier\crops\000574_e208a98ed5f421313b39e54541ea3f93.jpg,275813572,482,476,587,750,bottle,39,0.25107720494270325,0.03993434656868443,False,1
575,f1bd21798ef409957ffd5876c455f33a.jpg,E:\study\DoAnPython\project\data\raw\train_images\f1bd21798ef409957ffd5876c455f33a.jpg,..\data\processed\yolo_sahi_crop_classifier\crops\000575_f1bd21798ef409957ffd5876c455f33a.jpg,2375669168,0,0,1024,1024,full_image,-1,0.0,0.0,True,0
576,a89310fcf295ce1cf276c3a15eb6d15c.jpg,E:\study\DoAnPython\project\data\raw\train_images\a89310fcf295ce1cf276c3a15eb6d15c.jpg,..\data\processed\yolo_sahi_crop_classifier\crops\000576_a89310fcf295ce1cf276c3a15eb6d15c.jpg,3538328817,0,0,310,310,full_image,-1,0.0,0.0,True,0
577,33f004f312a27d3bfe9bce5995bfc967.jpg,E:\study\DoAnPython\project\data\raw\train_images\33f004f312a27d3bfe9bce5995bfc967.jpg,..\data\processed\yolo_sahi_crop_classifier\crops\000577_33f004f312a27d3bfe9bce5995bfc967.jpg,4264375583,0,282,593,660,scissors,76,0.9136013388633728,0.5736701443449556,False,19
578,84ef94e6af3facf2b6bf1a412525d4c2.jpg,E:\study\DoAnPython\project\data\raw\train_images\84ef94e6af3facf2b6bf1a412525d4c2.jpg,..\data\processed\yolo_sahi_crop_classifier\crops\000578_84ef94e6af3facf2b6bf1a412525d4c2.jpg,3039508373,158,76,841,943,suitcase,28,0.7764115929603577,0.5535433516976148,False,4
579,4de5d68d435f34b4346dcba750863c4c.jpg,E:\study\DoAnPython\project\data\raw\train_images\4de5d68d435f34b4346dcba750863c4c.jpg,..\data\processed\yolo_sahi_crop_classifier\crops\000579_4de5d68d435f34b4346dcba750863c4c.jpg,3604511055,498,33,910,524,parking meter,12,0.7073715329170227,0.2879950355441312,False,3
580,0e13273b7c970f4d5cbd8e9b802e5eae.jpg,E:\study\DoAnPython\project\data\raw\train_images\0e13273b7c970f4d5cbd8e9b802e5eae.jpg,..\data\processed\yolo_sahi_crop_classifier\crops\000580_0e13273b7c970f4d5cbd8e9b802e5eae.jpg,1270132174,241,554,404,640,cake,55,0.7346415519714355,0.12850589025121345,False,2
581,31e3205ae761e2bb01e1b09e931bb177.jpg,E:\study\DoAnPython\project\data\raw\train_images\31e3205ae761e2bb01e1b09e931bb177.jpg,..\data\processed\yolo_sahi_crop_classifier\crops\000581_31e3205ae761e2bb01e1b09e931bb177.jpg,3922888726,108,170,640,484,truck,7,0.27257683873176575,0.16354832146000856,False,4
582,0b438a02fc70c3a002f6af96a96370ad.jpg,E:\study\DoAnPython\project\data\raw\train_images\0b438a02fc70c3a002f6af96a96370ad.jpg,..\data\processed\yolo_sahi_crop_classifier\crops\000582_0b438a02fc70c3a002f6af96a96370ad.jpg,2379738292,111,171,214,519,bottle,39,0.936854362487793,0.27680836191403846,False,8
583,c739a327dbeca472089a5195e898cce4.jpg,E:\study\DoAnPython\project\data\raw\train_images\c739a327dbeca472089a5195e898cce4.jpg,..\data\processed\yolo_sahi_crop_classifier\crops\000583_c739a327dbeca472089a5195e898cce4.jpg,3717044186,144,0,623,733,suitcase,28,0.51529860496521,0.38303562513198003,False,2
584,c8283caa3fdd0c97cf1aa0ccd34ec943.jpg,E:\study\DoAnPython\project\data\raw\train_images\c8283caa3fdd0c97cf1aa0ccd34ec943.jpg,..\data\processed\yolo_sahi_crop_classifier\crops\000584_c8283caa3fdd0c97cf1aa0ccd34ec943.jpg,71375986,81,86,280,491,cup,41,0.626861035823822,0.2751829510247669,False,4
585,5aacfd04aedd667995a5380a1351bccd.jpg,E:\study\DoAnPython\project\data\raw\train_images\5aacfd04aedd667995a5380a1351bccd.jpg,..\data\processed\yolo_sahi_crop_classifier\crops\000585_5aacfd04aedd667995a5380a1351bccd.jpg,4244588097,0,0,640,640,full_image,-1,0.0,0.0,True,0
586,d583ce540802f5696355ad10cde8cc0a.jpg,E:\study\DoAnPython\project\data\raw\train_images\d583ce540802f5696355ad10cde8cc0a.jpg,..\data\processed\yolo_sahi_crop_classifier\crops\000586_d583ce540802f5696355ad10cde8cc0a.jpg,871679006,32,280,233,499,potted plant,58,0.8785781264305115,0.21397312126671195,False,17
587,e9fa7d4a69005c46846bec2dcf3927ea.jpg,E:\study\DoAnPython\project\data\raw\train_images\e9fa7d4a69005c46846bec2dcf3927ea.jpg,..\data\processed\yolo_sahi_crop_classifier\crops\000587_e9fa7d4a69005c46846bec2dcf3927ea.jpg,3213182368,351,104,616,633,cell phone,67,0.8965591192245483,0.4460362079712212,False,5
588,ed5e3816d2a73a716b6de6239ef56248.jpg,E:\study\DoAnPython\project\data\raw\train_images\ed5e3816d2a73a716b6de6239ef56248.jpg,..\data\processed\yolo_sahi_crop_classifier\crops\000588_ed5e3816d2a73a716b6de6239ef56248.jpg,872590173,383,0,640,493,wine glass,40,0.5541080832481384,0.2882716598663731,False,9
589,86234f7fea94249c48e801bf5315d2dd.jpg,E:\study\DoAnPython\project\data\raw\train_images\86234f7fea94249c48e801bf5315d2dd.jpg,..\data\processed\yolo_sahi_crop_classifier\crops\000589_86234f7fea94249c48e801bf5315d2dd.jpg,3272244682,485,676,513,711,book,73,0.47647470235824585,0.01744590504536322,False,2
590,f55de5c79c2233d6887c38d16de8b673.jpg,E:\study\DoAnPython\project\data\raw\train_images\f55de5c79c2233d6887c38d16de8b673.jpg,..\data\processed\yolo_sahi_crop_classifier\crops\000590_f55de5c79c2233d6887c38d16de8b673.jpg,1390521735,301,129,528,383,clock,74,0.7705324292182922,0.21493055672871852,False,2
591,ddd89cf869c7e256497a76bebd413be5.jpg,E:\study\DoAnPython\project\data\raw\train_images\ddd89cf869c7e256497a76bebd413be5.jpg,..\data\processed\yolo_sahi_crop_classifier\crops\000591_ddd89cf869c7e256497a76bebd413be5.jpg,3027262453,280,482,532,759,cup,41,0.5813873410224915,0.17821738818624772,False,4
592,9b0cf354d8041f66d6026d91b33b0aad.jpg,E:\study\DoAnPython\project\data\raw\train_images\9b0cf354d8041f66d6026d91b33b0aad.jpg,..\data\processed\yolo_sahi_crop_classifier\crops\000592_9b0cf354d8041f66d6026d91b33b0aad.jpg,2787830499,0,0,1024,1024,full_image,-1,0.0,0.0,True,0
593,8b33eb1bb0e75a11cc381fb2c8fb38e0.jpg,E:\study\DoAnPython\project\data\raw\train_images\8b33eb1bb0e75a11cc381fb2c8fb38e0.jpg,..\data\processed\yolo_sahi_crop_classifier\crops\000593_8b33eb1bb0e75a11cc381fb2c8fb38e0.jpg,2815058903,354,247,589,409,sink,71,0.7307766675949097,0.20695331416358279,False,2
594,35d3388a94afc2a38621f0606b95e93e.jpg,E:\study\DoAnPython\project\data\raw\train_images\35d3388a94afc2a38621f0606b95e93e.jpg,..\data\processed\yolo_sahi_crop_classifier\crops\000594_35d3388a94afc2a38621f0606b95e93e.jpg,688678452,73,58,266,588,bottle,39,0.6173229813575745,0.2862473915537676,False,1
595,089430cf2c63921bbc6b8be0c559a35d.jpg,E:\study\DoAnPython\project\data\raw\train_images\089430cf2c63921bbc6b8be0c559a35d.jpg,..\data\processed\yolo_sahi_crop_classifier\crops\000595_089430cf2c63921bbc6b8be0c559a35d.jpg,1657244333,0,391,633,640,book,73,0.3912244439125061,0.22771449303937152,False,2
596,8bdf7f6a89e9024314122a57f4df0db7.jpg,E:\study\DoAnPython\project\data\raw\train_images\8bdf7f6a89e9024314122a57f4df0db7.jpg,..\data\processed\yolo_sahi_crop_classifier\crops\000596_8bdf7f6a89e9024314122a57f4df0db7.jpg,3206118280,0,0,491,491,full_image,-1,0.0,0.0,True,0
597,c44019331aed54e4703ae94b1deca1e1.jpg,E:\study\DoAnPython\project\data\raw\train_images\c44019331aed54e4703ae94b1deca1e1.jpg,..\data\processed\yolo_sahi_crop_classifier\crops\000597_c44019331aed54e4703ae94b1deca1e1.jpg,718246127,120,34,368,525,person,0,0.8384188413619995,0.4237899679514102,False,1
598,711f7360a39d39e7d0102c7ea81838e8.jpg,E:\study\DoAnPython\project\data\raw\train_images\711f7360a39d39e7d0102c7ea81838e8.jpg,..\data\processed\yolo_sahi_crop_classifier\crops\000598_711f7360a39d39e7d0102c7ea81838e8.jpg,918308562,0,378,196,590,bowl,45,0.8747146725654602,0.2643929890585492,False,31
599,c1612c6223fcbc8c4d6545184fec8956.jpg,E:\study\DoAnPython\project\data\raw\train_images\c1612c6223fcbc8c4d6545184fec8956.jpg,..\data\processed\yolo_sahi_crop_classifier\crops\000599_c1612c6223fcbc8c4d6545184fec8956.jpg,1043649521,187,342,354,612,person,0,0.6946966648101807,0.21367371127988696,False,1
600,408652039ec4b9558dac29ec7da89b37.jpg,E:\study\DoAnPython\project\data\raw\train_images\408652039ec4b9558dac29ec7da89b37.jpg,..\data\processed\yolo_sahi_crop_classifier\crops\000600_408652039ec4b9558dac29ec7da89b37.jpg,571550607,75,637,169,730,clock,74,0.2509796619415283,0.021949389921924398,False,1
601,9fd7302e5cdded40725fc161093415c8.jpg,E:\study\DoAnPython\project\data\raw\train_images\9fd7302e5cdded40725fc161093415c8.jpg,..\data\processed\yolo_sahi_crop_classifier\crops\000601_9fd7302e5cdded40725fc161093415c8.jpg,745812174,509,7,595,531,refrigerator,72,0.5816929340362549,0.1120100419381716,False,6
602,ab2ad25878f64efb8cf7f258589e21c5.jpg,E:\study\DoAnPython\project\data\raw\train_images\ab2ad25878f64efb8cf7f258589e21c5.jpg,..\data\processed\yolo_sahi_crop_classifier\crops\000602_ab2ad25878f64efb8cf7f258589e21c5.jpg,2999794436,13,117,627,437,book,73,0.6318656802177429,0.4069024953477308,False,1
603,c1d3bced0d476f6eb56c3dae8d720aa9.jpg,E:\study\DoAnPython\project\data\raw\train_images\c1d3bced0d476f6eb56c3dae8d720aa9.jpg,..\data\processed\yolo_sahi_crop_classifier\crops\000603_c1d3bced0d476f6eb56c3dae8d720aa9.jpg,2220728478,262,235,687,697,cell phone,67,0.7566465139389038,0.3288685408666287,False,5
604,f4aeda85c2dec6fc9c1cc7edd3d8afd4.jpg,E:\study\DoAnPython\project\data\raw\train_images\f4aeda85c2dec6fc9c1cc7edd3d8afd4.jpg,..\data\processed\yolo_sahi_crop_classifier\crops\000604_f4aeda85c2dec6fc9c1cc7edd3d8afd4.jpg,1341302081,573,286,866,520,traffic light,9,0.8673217296600342,0.20662831821723454,False,5
605,0d40c093f7f0b0e8c611c07b0299dd31.jpg,E:\study\DoAnPython\project\data\raw\train_images\0d40c093f7f0b0e8c611c07b0299dd31.jpg,..\data\processed\yolo_sahi_crop_classifier\crops\000605_0d40c093f7f0b0e8c611c07b0299dd31.jpg,3095168306,259,0,380,532,toothbrush,79,0.7067726254463196,0.2632830864085585,False,3
606,1a27efab3d82ca9533bf5710b1edaaf4.jpg,E:\study\DoAnPython\project\data\raw\train_images\1a27efab3d82ca9533bf5710b1edaaf4.jpg,..\data\processed\yolo_sahi_crop_classifier\crops\000606_1a27efab3d82ca9533bf5710b1edaaf4.jpg,2599759870,5,111,531,640,refrigerator,72,0.36957502365112305,0.2878004320391984,False,6
607,696224f354c33a1b43d9a78988aace0d.jpg,E:\study\DoAnPython\project\data\raw\train_images\696224f354c33a1b43d9a78988aace0d.jpg,..\data\processed\yolo_sahi_crop_classifier\crops\000607_696224f354c33a1b43d9a78988aace0d.jpg,1673669565,126,0,197,177,bottle,39,0.45869365334510803,0.07671463334346978,False,1
608,24a4c2391eeb2e1d10663dce02680a65.jpg,E:\study\DoAnPython\project\data\raw\train_images\24a4c2391eeb2e1d10663dce02680a65.jpg,..\data\processed\yolo_sahi_crop_classifier\crops\000608_24a4c2391eeb2e1d10663dce02680a65.jpg,2043423834,533,26,760,524,tie,27,0.8715088367462158,0.34012928291958866,False,11
609,32b8d4f9b7d50f7e7690f765f62bf5d3.jpg,E:\study\DoAnPython\project\data\raw\train_images\32b8d4f9b7d50f7e7690f765f62bf5d3.jpg,..\data\processed\yolo_sahi_crop_classifier\crops\000609_32b8d4f9b7d50f7e7690f765f62bf5d3.jpg,260041982,452,400,886,879,person,0,0.9057258367538452,0.43290795193165654,False,5
610,f645eb8afc42f1d093bef26bcd980396.jpg,E:\study\DoAnPython\project\data\raw\train_images\f645eb8afc42f1d093bef26bcd980396.jpg,..\data\processed\yolo_sahi_crop_classifier\crops\000610_f645eb8afc42f1d093bef26bcd980396.jpg,3998531872,7,118,267,421,person,0,0.6488667726516724,0.26438475198322464,False,12
611,79cacb3a56a68d25b9f776f83f118981.jpg,E:\study\DoAnPython\project\data\raw\train_images\79cacb3a56a68d25b9f776f83f118981.jpg,..\data\processed\yolo_sahi_crop_classifier\crops\000611_79cacb3a56a68d25b9f776f83f118981.jpg,4044977701,82,119,285,322,vase,75,0.7995038032531738,0.4317320537567139,False,3
612,845f4166e3e9578a706e78fd658c3629.jpg,E:\study\DoAnPython\project\data\raw\train_images\845f4166e3e9578a706e78fd658c3629.jpg,..\data\processed\yolo_sahi_crop_classifier\crops\000612_845f4166e3e9578a706e78fd658c3629.jpg,1628612442,0,0,433,433,full_image,-1,0.0,0.0,True,0
613,7a5c24113733365f7f1a0925df415548.jpg,E:\study\DoAnPython\project\data\raw\train_images\7a5c24113733365f7f1a0925df415548.jpg,..\data\processed\yolo_sahi_crop_classifier\crops\000613_7a5c24113733365f7f1a0925df415548.jpg,871931738,122,328,240,482,cell phone,67,0.7909289002418518,0.155537480408839,False,3
614,e2aea1ac22c75c3fe81e99dde7b3a469.jpg,E:\study\DoAnPython\project\data\raw\train_images\e2aea1ac22c75c3fe81e99dde7b3a469.jpg,..\data\processed\yolo_sahi_crop_classifier\crops\000614_e2aea1ac22c75c3fe81e99dde7b3a469.jpg,2711633818,141,190,232,268,donut,54,0.6390060186386108,0.11924531944914091,False,2
615,fd3cd67314107d8016cd310395224b0c.jpg,E:\study\DoAnPython\project\data\raw\train_images\fd3cd67314107d8016cd310395224b0c.jpg,..\data\processed\yolo_sahi_crop_classifier\crops\000615_fd3cd67314107d8016cd310395224b0c.jpg,1065450055,395,347,691,517,person,0,0.6775341033935547,0.20806742201470763,False,5
616,fbf7eb316f57bbe93a028445b6fb2d37.jpg,E:\study\DoAnPython\project\data\raw\train_images\fbf7eb316f57bbe93a028445b6fb2d37.jpg,..\data\processed\yolo_sahi_crop_classifier\crops\000616_fbf7eb316f57bbe93a028445b6fb2d37.jpg,2747024747,189,1,534,743,bottle,39,0.4558578133583069,0.28874711305925455,False,1
617,efa62b674781e9532133d5dc1acd2062.jpg,E:\study\DoAnPython\project\data\raw\train_images\efa62b674781e9532133d5dc1acd2062.jpg,..\data\processed\yolo_sahi_crop_classifier\crops\000617_efa62b674781e9532133d5dc1acd2062.jpg,3215115074,0,0,720,720,full_image,-1,0.0,0.0,True,0
618,a1d215915470e31adf34f87e0082c891.jpg,E:\study\DoAnPython\project\data\raw\train_images\a1d215915470e31adf34f87e0082c891.jpg,..\data\processed\yolo_sahi_crop_classifier\crops\000618_a1d215915470e31adf34f87e0082c891.jpg,452050792,102,0,589,591,cell phone,67,0.8661819100379944,0.5997091613433764,False,2
619,e29acabf14f4e6ac96529fdd3fb1eee3.jpg,E:\study\DoAnPython\project\data\raw\train_images\e29acabf14f4e6ac96529fdd3fb1eee3.jpg,..\data\processed\yolo_sahi_crop_classifier\crops\000619_e29acabf14f4e6ac96529fdd3fb1eee3.jpg,4145374729,17,82,419,478,person,0,0.6787875294685364,0.34214937503575216,False,10
620,825433a0152a12e4f495053eb3963d37.jpg,E:\study\DoAnPython\project\data\raw\train_images\825433a0152a12e4f495053eb3963d37.jpg,..\data\processed\yolo_sahi_crop_classifier\crops\000620_825433a0152a12e4f495053eb3963d37.jpg,2564134756,113,59,612,529,person,0,0.7939503788948059,0.5573745393943019,False,2
621,2a2f75414be711f8bb269acd1f9a9e04.jpg,E:\study\DoAnPython\project\data\raw\train_images\2a2f75414be711f8bb269acd1f9a9e04.jpg,..\data\processed\yolo_sahi_crop_classifier\crops\000621_2a2f75414be711f8bb269acd1f9a9e04.jpg,1644128120,150,108,521,640,bottle,39,0.4881587624549866,0.3167930644610271,False,1
622,439ca7fd0073e5fbf9f842307be62a1e.jpg,E:\study\DoAnPython\project\data\raw\train_images\439ca7fd0073e5fbf9f842307be62a1e.jpg,..\data\processed\yolo_sahi_crop_classifier\crops\000622_439ca7fd0073e5fbf9f842307be62a1e.jpg,909297489,192,283,587,724,person,0,0.7435183525085449,0.2813108107039616,False,10
623,b4370fce5fe79c74ff2c0ac805c8484c.jpg,E:\study\DoAnPython\project\data\raw\train_images\b4370fce5fe79c74ff2c0ac805c8484c.jpg,..\data\processed\yolo_sahi_crop_classifier\crops\000623_b4370fce5fe79c74ff2c0ac805c8484c.jpg,4228787858,113,48,537,526,book,73,0.56005859375,0.3660101149384983,False,1
624,949b84747c5f8cdea29ee4c7df8c6c9c.jpg,E:\study\DoAnPython\project\data\raw\train_images\949b84747c5f8cdea29ee4c7df8c6c9c.jpg,..\data\processed\yolo_sahi_crop_classifier\crops\000624_949b84747c5f8cdea29ee4c7df8c6c9c.jpg,3800186231,299,156,661,525,bottle,39,0.7721653580665588,0.37448029696445045,False,3
625,efee68933b1148c9474dad86cba71284.jpg,E:\study\DoAnPython\project\data\raw\train_images\efee68933b1148c9474dad86cba71284.jpg,..\data\processed\yolo_sahi_crop_classifier\crops\000625_efee68933b1148c9474dad86cba71284.jpg,2965905328,626,608,768,746,clock,74,0.2922292649745941,0.04748163543224282,False,1
626,a278c254813b97ed237645fc3427a8ec.jpg,E:\study\DoAnPython\project\data\raw\train_images\a278c254813b97ed237645fc3427a8ec.jpg,..\data\processed\yolo_sahi_crop_classifier\crops\000626_a278c254813b97ed237645fc3427a8ec.jpg,613621612,197,0,825,1024,book,73,0.4415318965911865,0.33156636833613623,False,3
627,83a778a4620544e8522ac992dd26c394.jpg,E:\study\DoAnPython\project\data\raw\train_images\83a778a4620544e8522ac992dd26c394.jpg,..\data\processed\yolo_sahi_crop_classifier\crops\000627_83a778a4620544e8522ac992dd26c394.jpg,2919415931,542,478,890,763,cake,55,0.545960545539856,0.1599766879210567,False,1
628,383b303c6321e9f38d24e5fc31c58ef6.jpg,E:\study\DoAnPython\project\data\raw\train_images\383b303c6321e9f38d24e5fc31c58ef6.jpg,..\data\processed\yolo_sahi_crop_classifier\crops\000628_383b303c6321e9f38d24e5fc31c58ef6.jpg,1811690130,211,117,414,577,bottle,39,0.7294595241546631,0.323412593190497,False,1
629,71ffda6ffe74894acceea5b06e2847b1.jpg,E:\study\DoAnPython\project\data\raw\train_images\71ffda6ffe74894acceea5b06e2847b1.jpg,..\data\processed\yolo_sahi_crop_classifier\crops\000629_71ffda6ffe74894acceea5b06e2847b1.jpg,2784788129,636,377,776,517,person,0,0.34533849358558655,0.04384180094348267,False,3
630,e2b82d554646ac0f9096da6d9d3b3471.jpg,E:\study\DoAnPython\project\data\raw\train_images\e2b82d554646ac0f9096da6d9d3b3471.jpg,..\data\processed\yolo_sahi_crop_classifier\crops\000630_e2b82d554646ac0f9096da6d9d3b3471.jpg,1723836743,119,3,326,330,person,0,0.9408333897590637,0.3554943614378954,False,14
631,509232429494cd0b2176aa8655758090.jpg,E:\study\DoAnPython\project\data\raw\train_images\509232429494cd0b2176aa8655758090.jpg,..\data\processed\yolo_sahi_crop_classifier\crops\000631_509232429494cd0b2176aa8655758090.jpg,1271039687,205,529,640,640,book,73,0.2924543619155884,0.09652460777007477,False,3
632,f101f79fbca1b6ec4fbdf218e147fb26.jpg,E:\study\DoAnPython\project\data\raw\train_images\f101f79fbca1b6ec4fbdf218e147fb26.jpg,..\data\processed\yolo_sahi_crop_classifier\crops\000632_f101f79fbca1b6ec4fbdf218e147fb26.jpg,4063174611,195,157,338,524,book,73,0.38461482524871826,0.13651418479483474,False,2
633,b5a4b8d450bca96fc9dade29781a40fe.jpg,E:\study\DoAnPython\project\data\raw\train_images\b5a4b8d450bca96fc9dade29781a40fe.jpg,..\data\processed\yolo_sahi_crop_classifier\crops\000633_b5a4b8d450bca96fc9dade29781a40fe.jpg,3546685478,260,168,597,614,book,73,0.41385143995285034,0.19148608192513664,False,6
634,48ae2135c4621de9c6bbbdbb0baaa729.jpg,E:\study\DoAnPython\project\data\raw\train_images\48ae2135c4621de9c6bbbdbb0baaa729.jpg,..\data\processed\yolo_sahi_crop_classifier\crops\000634_48ae2135c4621de9c6bbbdbb0baaa729.jpg,1615893885,265,0,774,1024,person,0,0.9247338771820068,0.6195251224309908,False,7
635,8cf157190d43db368a0179699c031af7.jpg,E:\study\DoAnPython\project\data\raw\train_images\8cf157190d43db368a0179699c031af7.jpg,..\data\processed\yolo_sahi_crop_classifier\crops\000635_8cf157190d43db368a0179699c031af7.jpg,2619971180,425,169,489,524,toothbrush,79,0.8734422922134399,0.1947902618565684,False,7
636,442253717bbe8d8a4e1bb77626642462.jpg,E:\study\DoAnPython\project\data\raw\train_images\442253717bbe8d8a4e1bb77626642462.jpg,..\data\processed\yolo_sahi_crop_classifier\crops\000636_442253717bbe8d8a4e1bb77626642462.jpg,3626831010,122,162,298,298,keyboard,66,0.7485691905021667,0.16813540375332922,False,5
637,a08e6ad4154e4947b66f233608901a68.jpg,E:\study\DoAnPython\project\data\raw\train_images\a08e6ad4154e4947b66f233608901a68.jpg,..\data\processed\yolo_sahi_crop_classifier\crops\000637_a08e6ad4154e4947b66f233608901a68.jpg,1226500780,497,504,930,768,scissors,76,0.8570199608802795,0.2628637628332069,False,14
638,380644aec1d403649d3d4469bd3ca59c.jpg,E:\study\DoAnPython\project\data\raw\train_images\380644aec1d403649d3d4469bd3ca59c.jpg,..\data\processed\yolo_sahi_crop_classifier\crops\000638_380644aec1d403649d3d4469bd3ca59c.jpg,3565023295,250,495,521,993,cup,41,0.631731390953064,0.21008272862934763,False,9
639,1d7aadc7503b2b4539cc9a5fe41979dd.jpg,E:\study\DoAnPython\project\data\raw\train_images\1d7aadc7503b2b4539cc9a5fe41979dd.jpg,..\data\processed\yolo_sahi_crop_classifier\crops\000639_1d7aadc7503b2b4539cc9a5fe41979dd.jpg,258047,113,0,563,529,person,0,0.8099323511123657,0.5831613992910585,False,5
640,0b080195c4843e966d7f952cd7767c1d.jpg,E:\study\DoAnPython\project\data\raw\train_images\0b080195c4843e966d7f952cd7767c1d.jpg,..\data\processed\yolo_sahi_crop_classifier\crops\000640_0b080195c4843e966d7f952cd7767c1d.jpg,2804650647,444,140,693,525,person,0,0.93974369764328,0.337333546968914,False,8
641,20d6bb332c0e2e659349e14d65ba9870.jpg,E:\study\DoAnPython\project\data\raw\train_images\20d6bb332c0e2e659349e14d65ba9870.jpg,..\data\processed\yolo_sahi_crop_classifier\crops\000641_20d6bb332c0e2e659349e14d65ba9870.jpg,1595535032,4,0,800,800,person,0,0.8464779853820801,0.8256374720027745,False,4
642,4adf1bbe5d86d1a66a3dffb70d186f72.jpg,E:\study\DoAnPython\project\data\raw\train_images\4adf1bbe5d86d1a66a3dffb70d186f72.jpg,..\data\processed\yolo_sahi_crop_classifier\crops\000642_4adf1bbe5d86d1a66a3dffb70d186f72.jpg,802765185,0,15,268,529,person,0,0.9180166721343994,0.39822114657566066,False,15
643,9c7c7c71546d51de53f5cdb4e1724957.jpg,E:\study\DoAnPython\project\data\raw\train_images\9c7c7c71546d51de53f5cdb4e1724957.jpg,..\data\processed\yolo_sahi_crop_classifier\crops\000643_9c7c7c71546d51de53f5cdb4e1724957.jpg,3627744656,407,39,536,318,bottle,39,0.704133927822113,0.19476811629130977,False,9
644,6ae2dd6498237e7cc19e0975b7c14531.jpg,E:\study\DoAnPython\project\data\raw\train_images\6ae2dd6498237e7cc19e0975b7c14531.jpg,..\data\processed\yolo_sahi_crop_classifier\crops\000644_6ae2dd6498237e7cc19e0975b7c14531.jpg,418991059,2,0,528,536,dining table,60,0.6648076176643372,0.3200520497051965,False,25
645,9e40ae43451129c3d29c2a6b06b612f7.jpg,E:\study\DoAnPython\project\data\raw\train_images\9e40ae43451129c3d29c2a6b06b612f7.jpg,..\data\processed\yolo_sahi_crop_classifier\crops\000645_9e40ae43451129c3d29c2a6b06b612f7.jpg,3173017765,359,293,672,514,suitcase,28,0.47292640805244446,0.16501330037512507,False,4
646,d8385ee5ae6b64d7c8ec3faee6867eb4.jpg,E:\study\DoAnPython\project\data\raw\train_images\d8385ee5ae6b64d7c8ec3faee6867eb4.jpg,..\data\processed\yolo_sahi_crop_classifier\crops\000646_d8385ee5ae6b64d7c8ec3faee6867eb4.jpg,3734383170,0,0,984,1019,book,73,0.25021472573280334,0.23188793691105902,False,1
647,f8395a0a5aea3b8532c2804b7c3fa7dd.jpg,E:\study\DoAnPython\project\data\raw\train_images\f8395a0a5aea3b8532c2804b7c3fa7dd.jpg,..\data\processed\yolo_sahi_crop_classifier\crops\000647_f8395a0a5aea3b8532c2804b7c3fa7dd.jpg,3019977230,114,390,526,939,banana,46,0.6734041571617126,0.28997890735547094,False,12
648,8f8f4f84e0c66d5ce43055b3cd583125.jpg,E:\study\DoAnPython\project\data\raw\train_images\8f8f4f84e0c66d5ce43055b3cd583125.jpg,..\data\processed\yolo_sahi_crop_classifier\crops\000648_8f8f4f84e0c66d5ce43055b3cd583125.jpg,628096071,274,423,680,727,scissors,76,0.47795891761779785,0.1945445453724935,False,6
649,30b9b01b90efe01d588acce86a9baae3.jpg,E:\study\DoAnPython\project\data\raw\train_images\30b9b01b90efe01d588acce86a9baae3.jpg,..\data\processed\yolo_sahi_crop_classifier\crops\000649_30b9b01b90efe01d588acce86a9baae3.jpg,75317638,395,502,800,817,scissors,76,0.8582174777984619,0.27780933967391264,False,5
650,fded5354e87811c9a902d63a2b5ff2b7.jpg,E:\study\DoAnPython\project\data\raw\train_images\fded5354e87811c9a902d63a2b5ff2b7.jpg,..\data\processed\yolo_sahi_crop_classifier\crops\000650_fded5354e87811c9a902d63a2b5ff2b7.jpg,3909815607,111,112,579,590,suitcase,28,0.5232335925102234,0.3588822627780995,False,3
651,b444ee588aff95b510815c4c6a93ffb3.jpg,E:\study\DoAnPython\project\data\raw\train_images\b444ee588aff95b510815c4c6a93ffb3.jpg,..\data\processed\yolo_sahi_crop_classifier\crops\000651_b444ee588aff95b510815c4c6a93ffb3.jpg,1474448570,403,41,646,281,stop sign,11,0.8323439359664917,0.266943928829616,False,7
652,bd84ce5a434b10c3721669d24610342c.jpg,E:\study\DoAnPython\project\data\raw\train_images\bd84ce5a434b10c3721669d24610342c.jpg,..\data\processed\yolo_sahi_crop_classifier\crops\000652_bd84ce5a434b10c3721669d24610342c.jpg,946530041,311,200,617,499,frisbee,29,0.7704514861106873,0.33764815252347213,False,2
653,0a2dfbf3d0a711d5f96451648dbbdac0.jpg,E:\study\DoAnPython\project\data\raw\train_images\0a2dfbf3d0a711d5f96451648dbbdac0.jpg,..\data\processed\yolo_sahi_crop_classifier\crops\000653_0a2dfbf3d0a711d5f96451648dbbdac0.jpg,1091404026,90,3,527,530,dining table,60,0.4989250898361206,0.23080340591867884,False,13
654,9e930204c40687d937190084453d9438.jpg,E:\study\DoAnPython\project\data\raw\train_images\9e930204c40687d937190084453d9438.jpg,..\data\processed\yolo_sahi_crop_classifier\crops\000654_9e930204c40687d937190084453d9438.jpg,2044947882,146,178,311,314,remote,65,0.9220412969589233,0.400065759185396,False,1
655,5c69be1febaf0936c51ecc0732f9c737.jpg,E:\study\DoAnPython\project\data\raw\train_images\5c69be1febaf0936c51ecc0732f9c737.jpg,..\data\processed\yolo_sahi_crop_classifier\crops\000655_5c69be1febaf0936c51ecc0732f9c737.jpg,3486959857,119,0,416,357,person,0,0.5697959661483765,0.27303529802806326,False,7
656,8eeddffb20e74840627ab6f00e381e5e.jpg,E:\study\DoAnPython\project\data\raw\train_images\8eeddffb20e74840627ab6f00e381e5e.jpg,..\data\processed\yolo_sahi_crop_classifier\crops\000656_8eeddffb20e74840627ab6f00e381e5e.jpg,2613471603,0,0,900,885,dining table,60,0.41464152932167053,0.40273520677412394,False,11
657,5950481f5bb5acd88eff4b214e0caeaa.jpg,E:\study\DoAnPython\project\data\raw\train_images\5950481f5bb5acd88eff4b214e0caeaa.jpg,..\data\processed\yolo_sahi_crop_classifier\crops\000657_5950481f5bb5acd88eff4b214e0caeaa.jpg,822381128,530,395,833,843,cake,55,0.7952564358711243,0.2718986289922685,False,2
658,dedfa260e8913dcd90a9c1741243495a.jpg,E:\study\DoAnPython\project\data\raw\train_images\dedfa260e8913dcd90a9c1741243495a.jpg,..\data\processed\yolo_sahi_crop_classifier\crops\000658_dedfa260e8913dcd90a9c1741243495a.jpg,3586500603,0,0,640,640,full_image,-1,0.0,0.0,True,0
659,cad111719826fb58155ab8efdd7b109f.jpg,E:\study\DoAnPython\project\data\raw\train_images\cad111719826fb58155ab8efdd7b109f.jpg,..\data\processed\yolo_sahi_crop_classifier\crops\000659_cad111719826fb58155ab8efdd7b109f.jpg,3675576834,0,0,640,640,full_image,-1,0.0,0.0,True,0
660,30a91670760b39d35dc0a4e82048a1d2.jpg,E:\study\DoAnPython\project\data\raw\train_images\30a91670760b39d35dc0a4e82048a1d2.jpg,..\data\processed\yolo_sahi_crop_classifier\crops\000660_30a91670760b39d35dc0a4e82048a1d2.jpg,1033568951,162,0,487,532,person,0,0.8645180463790894,0.5266511371511493,False,1
661,f88ad3e59fccc144b8ef4d9bdc444c21.jpg,E:\study\DoAnPython\project\data\raw\train_images\f88ad3e59fccc144b8ef4d9bdc444c21.jpg,..\data\processed\yolo_sahi_crop_classifier\crops\000661_f88ad3e59fccc144b8ef4d9bdc444c21.jpg,1098329942,17,0,554,1024,person,0,0.7452760934829712,0.5151507814915463,False,7
662,fc1160fe1a0654cec6e98cc7ce7ae408.jpg,E:\study\DoAnPython\project\data\raw\train_images\fc1160fe1a0654cec6e98cc7ce7ae408.jpg,..\data\processed\yolo_sahi_crop_classifier\crops\000662_fc1160fe1a0654cec6e98cc7ce7ae408.jpg,613621612,131,99,624,522,book,73,0.7893711924552917,0.5227038203808845,False,2
663,a633fa02db21aacaaab1b7789e1b8647.jpg,E:\study\DoAnPython\project\data\raw\train_images\a633fa02db21aacaaab1b7789e1b8647.jpg,..\data\processed\yolo_sahi_crop_classifier\crops\000663_a633fa02db21aacaaab1b7789e1b8647.jpg,3423419034,292,155,489,523,wine glass,40,0.6508188843727112,0.23259517637158378,False,8
664,4fa1fe4b8d30d6425eda373f7f0fe3a7.jpg,E:\study\DoAnPython\project\data\raw\train_images\4fa1fe4b8d30d6425eda373f7f0fe3a7.jpg,..\data\processed\yolo_sahi_crop_classifier\crops\000664_4fa1fe4b8d30d6425eda373f7f0fe3a7.jpg,2336767211,0,0,640,640,full_image,-1,0.0,0.0,True,0
665,0740f3d85cd3cebebf2118b4825eac2b.jpg,E:\study\DoAnPython\project\data\raw\train_images\0740f3d85cd3cebebf2118b4825eac2b.jpg,..\data\processed\yolo_sahi_crop_classifier\crops\000665_0740f3d85cd3cebebf2118b4825eac2b.jpg,2910942674,159,208,368,272,book,73,0.651305079460144,0.14348149857212,False,3
666,317098ab7970cbcf00545adf77df02f9.jpg,E:\study\DoAnPython\project\data\raw\train_images\317098ab7970cbcf00545adf77df02f9.jpg,..\data\processed\yolo_sahi_crop_classifier\crops\000666_317098ab7970cbcf00545adf77df02f9.jpg,3701411077,122,109,507,626,book,73,0.4915810227394104,0.3176266978675569,False,1
667,c6677a5d5c25ae5d67989f10bba6b640.jpg,E:\study\DoAnPython\project\data\raw\train_images\c6677a5d5c25ae5d67989f10bba6b640.jpg,..\data\processed\yolo_sahi_crop_classifier\crops\000667_c6677a5d5c25ae5d67989f10bba6b640.jpg,2727250729,117,109,526,640,person,0,0.9270992279052734,0.6312257591692696,False,1
668,92a6509a5c4f728636f66738cc237c75.jpg,E:\study\DoAnPython\project\data\raw\train_images\92a6509a5c4f728636f66738cc237c75.jpg,..\data\processed\yolo_sahi_crop_classifier\crops\000668_92a6509a5c4f728636f66738cc237c75.jpg,742453917,96,137,556,549,cake,55,0.3037925958633423,0.1914845294512935,False,1
669,52abf10a56bb4c9060050e11f1f18172.jpg,E:\study\DoAnPython\project\data\raw\train_images\52abf10a56bb4c9060050e11f1f18172.jpg,..\data\processed\yolo_sahi_crop_classifier\crops\000669_52abf10a56bb4c9060050e11f1f18172.jpg,994676122,3,6,531,531,bed,59,0.6343599557876587,0.3937527032884086,False,3
670,65ba53efc3ac525d5e071fdd01d3f1d8.jpg,E:\study\DoAnPython\project\data\raw\train_images\65ba53efc3ac525d5e071fdd01d3f1d8.jpg,..\data\processed\yolo_sahi_crop_classifier\crops\000670_65ba53efc3ac525d5e071fdd01d3f1d8.jpg,75090567,0,0,640,640,full_image,-1,0.0,0.0,True,0
671,2ea5aa961a458bc4c352ec876222130f.jpg,E:\study\DoAnPython\project\data\raw\train_images\2ea5aa961a458bc4c352ec876222130f.jpg,..\data\processed\yolo_sahi_crop_classifier\crops\000671_2ea5aa961a458bc4c352ec876222130f.jpg,283975355,304,148,520,329,book,73,0.8726240396499634,0.25067184019429817,False,7
672,2942ad3e0efe07a4293692df0b9609a9.jpg,E:\study\DoAnPython\project\data\raw\train_images\2942ad3e0efe07a4293692df0b9609a9.jpg,..\data\processed\yolo_sahi_crop_classifier\crops\000672_2942ad3e0efe07a4293692df0b9609a9.jpg,3389386152,199,0,432,532,person,0,0.8584775924682617,0.44183880846405066,False,1
673,a31492b5fdb176a0cff45c88ff897cfa.jpg,E:\study\DoAnPython\project\data\raw\train_images\a31492b5fdb176a0cff45c88ff897cfa.jpg,..\data\processed\yolo_sahi_crop_classifier\crops\000673_a31492b5fdb176a0cff45c88ff897cfa.jpg,4079802210,187,64,846,1024,tie,27,0.2684783339500427,0.1960380796706378,False,2
674,de21c3e9aa14c54924c9e9033c076157.jpg,E:\study\DoAnPython\project\data\raw\train_images\de21c3e9aa14c54924c9e9033c076157.jpg,..\data\processed\yolo_sahi_crop_classifier\crops\000674_de21c3e9aa14c54924c9e9033c076157.jpg,2291561916,97,4,363,672,bottle,39,0.8463311791419983,0.47409348347454755,False,7
675,7498a1612d40e825f7d4e7a7e40a5f93.jpg,E:\study\DoAnPython\project\data\raw\train_images\7498a1612d40e825f7d4e7a7e40a5f93.jpg,..\data\processed\yolo_sahi_crop_classifier\crops\000675_7498a1612d40e825f7d4e7a7e40a5f93.jpg,2235617506,52,298,393,519,toothbrush,79,0.5965151190757751,0.23760087916808065,False,3
676,f260293e0c3eeefa914c5db01c687c27.jpg,E:\study\DoAnPython\project\data\raw\train_images\f260293e0c3eeefa914c5db01c687c27.jpg,..\data\processed\yolo_sahi_crop_classifier\crops\000676_f260293e0c3eeefa914c5db01c687c27.jpg,430501350,374,95,660,528,refrigerator,72,0.6445207595825195,0.24764581270841618,False,6
677,81f45688f5d3079e430b45b740e44b6b.jpg,E:\study\DoAnPython\project\data\raw\train_images\81f45688f5d3079e430b45b740e44b6b.jpg,..\data\processed\yolo_sahi_crop_classifier\crops\000677_81f45688f5d3079e430b45b740e44b6b.jpg,1328017795,270,193,447,636,vase,75,0.3659230172634125,0.13271749230582358,False,2
678,d9bf4e2d26eb5789246c25b77a4f98ec.jpg,E:\study\DoAnPython\project\data\raw\train_images\d9bf4e2d26eb5789246c25b77a4f98ec.jpg,..\data\processed\yolo_sahi_crop_classifier\crops\000678_d9bf4e2d26eb5789246c25b77a4f98ec.jpg,1628981671,0,0,243,528,person,0,0.8805131316184998,0.46681665609642214,False,7
679,67660934f6d37c21bbe4b90c3bdc84ce.jpg,E:\study\DoAnPython\project\data\raw\train_images\67660934f6d37c21bbe4b90c3bdc84ce.jpg,..\data\processed\yolo_sahi_crop_classifier\crops\000679_67660934f6d37c21bbe4b90c3bdc84ce.jpg,2375956477,406,355,700,649,handbag,26,0.26760736107826233,0.10570058682976029,False,3
680,378c851c4f9c434627ae77f2051075f3.jpg,E:\study\DoAnPython\project\data\raw\train_images\378c851c4f9c434627ae77f2051075f3.jpg,..\data\processed\yolo_sahi_crop_classifier\crops\000680_378c851c4f9c434627ae77f2051075f3.jpg,1620805012,190,525,315,678,cat,15,0.8599523305892944,0.10862639600400185,False,4
681,db315063db13c322e25c0daa745d1e38.jpg,E:\study\DoAnPython\project\data\raw\train_images\db315063db13c322e25c0daa745d1e38.jpg,..\data\processed\yolo_sahi_crop_classifier\crops\000681_db315063db13c322e25c0daa745d1e38.jpg,2291503767,0,0,640,640,full_image,-1,0.0,0.0,True,0
682,5e20b1affb2d76a6feb37ddd4670a9ce.jpg,E:\study\DoAnPython\project\data\raw\train_images\5e20b1affb2d76a6feb37ddd4670a9ce.jpg,..\data\processed\yolo_sahi_crop_classifier\crops\000682_5e20b1affb2d76a6feb37ddd4670a9ce.jpg,1240444909,576,490,654,583,kite,33,0.6680158376693726,0.05359968596988099,False,4
683,7b625f64fd20e00a9603991b51bf3ac9.jpg,E:\study\DoAnPython\project\data\raw\train_images\7b625f64fd20e00a9603991b51bf3ac9.jpg,..\data\processed\yolo_sahi_crop_classifier\crops\000683_7b625f64fd20e00a9603991b51bf3ac9.jpg,1557688969,815,1148,981,1349,cup,41,0.8415778279304504,0.08567218610390043,False,6
684,ce3f811414a4d7946f68dc2de8022cf5.jpg,E:\study\DoAnPython\project\data\raw\train_images\ce3f811414a4d7946f68dc2de8022cf5.jpg,..\data\processed\yolo_sahi_crop_classifier\crops\000684_ce3f811414a4d7946f68dc2de8022cf5.jpg,1163569239,404,287,588,763,bottle,39,0.9076910018920898,0.3128408097692314,False,8
685,a565136f43b78e360acdf43f94e782e3.jpg,E:\study\DoAnPython\project\data\raw\train_images\a565136f43b78e360acdf43f94e782e3.jpg,..\data\processed\yolo_sahi_crop_classifier\crops\000685_a565136f43b78e360acdf43f94e782e3.jpg,2831942391,79,86,270,433,remote,65,0.6363649964332581,0.25444445646048275,False,5
686,0fbcd923b36a761595abe761dffc4874.jpg,E:\study\DoAnPython\project\data\raw\train_images\0fbcd923b36a761595abe761dffc4874.jpg,..\data\processed\yolo_sahi_crop_classifier\crops\000686_0fbcd923b36a761595abe761dffc4874.jpg,1194896585,172,283,383,520,dog,16,0.9076911807060242,0.2959289081091846,False,1
687,b827da87066d0ae8ffa7a945a01e06e0.jpg,E:\study\DoAnPython\project\data\raw\train_images\b827da87066d0ae8ffa7a945a01e06e0.jpg,..\data\processed\yolo_sahi_crop_classifier\crops\000687_b827da87066d0ae8ffa7a945a01e06e0.jpg,2438922638,0,0,640,617,full_image,-1,0.0,0.0,True,0
688,7d2a9891e845c04dec91861d060f254e.jpg,E:\study\DoAnPython\project\data\raw\train_images\7d2a9891e845c04dec91861d060f254e.jpg,..\data\processed\yolo_sahi_crop_classifier\crops\000688_7d2a9891e845c04dec91861d060f254e.jpg,1230665260,115,116,602,473,suitcase,28,0.3250276446342468,0.1962196941867142,False,1
689,61bfc033964a7daf71a4c60df16e68d0.jpg,E:\study\DoAnPython\project\data\raw\train_images\61bfc033964a7daf71a4c60df16e68d0.jpg,..\data\processed\yolo_sahi_crop_classifier\crops\000689_61bfc033964a7daf71a4c60df16e68d0.jpg,1707910864,330,44,499,149,umbrella,25,0.45845451951026917,0.07144530505938536,False,2
690,98e24375246b73d2aa6a0f0b0e00a75d.jpg,E:\study\DoAnPython\project\data\raw\train_images\98e24375246b73d2aa6a0f0b0e00a75d.jpg,..\data\processed\yolo_sahi_crop_classifier\crops\000690_98e24375246b73d2aa6a0f0b0e00a75d.jpg,2398095901,443,215,741,1024,book,73,0.46653038263320923,0.21016563567001334,False,7
691,b7ef81d36a37da564b584736c88644e6.jpg,E:\study\DoAnPython\project\data\raw\train_images\b7ef81d36a37da564b584736c88644e6.jpg,..\data\processed\yolo_sahi_crop_classifier\crops\000691_b7ef81d36a37da564b584736c88644e6.jpg,3575825198,0,118,532,469,car,2,0.571388304233551,0.3606159334126186,False,1
692,a6e09aec817528bdd8c41fffb4a268a8.jpg,E:\study\DoAnPython\project\data\raw\train_images\a6e09aec817528bdd8c41fffb4a268a8.jpg,..\data\processed\yolo_sahi_crop_classifier\crops\000692_a6e09aec817528bdd8c41fffb4a268a8.jpg,1338860962,0,18,500,500,umbrella,25,0.5399359464645386,0.5126833262142984,False,3
693,00844c7713155dcc12a657b7d4691117.jpg,E:\study\DoAnPython\project\data\raw\train_images\00844c7713155dcc12a657b7d4691117.jpg,..\data\processed\yolo_sahi_crop_classifier\crops\000693_00844c7713155dcc12a657b7d4691117.jpg,1199602251,287,276,520,520,refrigerator,72,0.34404730796813965,0.09291554917606601,False,1
694,ee448571b541562bd024023fd6fac14b.jpg,E:\study\DoAnPython\project\data\raw\train_images\ee448571b541562bd024023fd6fac14b.jpg,..\data\processed\yolo_sahi_crop_classifier\crops\000694_ee448571b541562bd024023fd6fac14b.jpg,2895292377,309,77,539,359,teddy bear,77,0.46917396783828735,0.13886776716010638,False,4
695,b50f33992bbb709d428c83d272100a01.jpg,E:\study\DoAnPython\project\data\raw\train_images\b50f33992bbb709d428c83d272100a01.jpg,..\data\processed\yolo_sahi_crop_classifier\crops\000695_b50f33992bbb709d428c83d272100a01.jpg,431048396,24,0,780,800,dining table,60,0.45996659994125366,0.41936494635625693,False,9
696,68f89a6cc0dc7906d602f504a2d46c2f.jpg,E:\study\DoAnPython\project\data\raw\train_images\68f89a6cc0dc7906d602f504a2d46c2f.jpg,..\data\processed\yolo_sahi_crop_classifier\crops\000696_68f89a6cc0dc7906d602f504a2d46c2f.jpg,169240097,292,40,733,729,bottle,39,0.8437362313270569,0.4212295452582209,False,3
697,5e00826070c5b12c72bef31499d179aa.jpg,E:\study\DoAnPython\project\data\raw\train_images\5e00826070c5b12c72bef31499d179aa.jpg,..\data\processed\yolo_sahi_crop_classifier\crops\000697_5e00826070c5b12c72bef31499d179aa.jpg,3097344893,659,294,1012,520,scissors,76,0.48985958099365234,0.12535890032123564,False,3
698,311de67f2a1f567819a67119fbbc641f.jpg,E:\study\DoAnPython\project\data\raw\train_images\311de67f2a1f567819a67119fbbc641f.jpg,..\data\processed\yolo_sahi_crop_classifier\crops\000698_311de67f2a1f567819a67119fbbc641f.jpg,655505601,227,10,406,218,vase,75,0.41439980268478394,0.1165463472290717,False,4
699,a9da75cbdd2a9d20b5576cfe28dcf64f.jpg,E:\study\DoAnPython\project\data\raw\train_images\a9da75cbdd2a9d20b5576cfe28dcf64f.jpg,..\data\processed\yolo_sahi_crop_classifier\crops\000699_a9da75cbdd2a9d20b5576cfe28dcf64f.jpg,3240547545,348,65,517,528,bottle,39,0.8738257884979248,0.3543425904963993,False,2
700,b38fc9d19abd2be9cb941f03e17d6953.jpg,E:\study\DoAnPython\project\data\raw\train_images\b38fc9d19abd2be9cb941f03e17d6953.jpg,..\data\processed\yolo_sahi_crop_classifier\crops\000700_b38fc9d19abd2be9cb941f03e17d6953.jpg,338620322,316,294,640,565,book,73,0.720158040523529,0.3148922685631732,False,8
701,08d347d95e37ba0275c620687e3e8b3d.jpg,E:\study\DoAnPython\project\data\raw\train_images\08d347d95e37ba0275c620687e3e8b3d.jpg,..\data\processed\yolo_sahi_crop_classifier\crops\000701_08d347d95e37ba0275c620687e3e8b3d.jpg,638958754,504,495,652,634,clock,74,0.6582302451133728,0.1334708230656497,False,1
702,ba35c8d78a3c6a8a075b4dcf3afc3b3c.jpg,E:\study\DoAnPython\project\data\raw\train_images\ba35c8d78a3c6a8a075b4dcf3afc3b3c.jpg,..\data\processed\yolo_sahi_crop_classifier\crops\000702_ba35c8d78a3c6a8a075b4dcf3afc3b3c.jpg,1696983102,49,40,640,634,cell phone,67,0.7084458470344543,0.6132324513418989,False,4
703,4ca28f7254b065e5e3cf5d0d995d530f.jpg,E:\study\DoAnPython\project\data\raw\train_images\4ca28f7254b065e5e3cf5d0d995d530f.jpg,..\data\processed\yolo_sahi_crop_classifier\crops\000703_4ca28f7254b065e5e3cf5d0d995d530f.jpg,3606158322,400,273,516,723,vase,75,0.4278194308280945,0.1136241211857524,False,2
704,68485ea64ecb404b56d2db7bc482194f.jpg,E:\study\DoAnPython\project\data\raw\train_images\68485ea64ecb404b56d2db7bc482194f.jpg,..\data\processed\yolo_sahi_crop_classifier\crops\000704_68485ea64ecb404b56d2db7bc482194f.jpg,3891255220,163,0,536,352,person,0,0.8633977174758911,0.4230361126477511,False,8
705,2484b802420b868f251617fec5df3e1a.jpg,E:\study\DoAnPython\project\data\raw\train_images\2484b802420b868f251617fec5df3e1a.jpg,..\data\processed\yolo_sahi_crop_classifier\crops\000705_2484b802420b868f251617fec5df3e1a.jpg,1534438123,394,390,850,939,bowl,45,0.43464934825897217,0.19718818771597302,False,8
706,d71505f4ae1f1cc9d4f9f4fdf1eaa26a.jpg,E:\study\DoAnPython\project\data\raw\train_images\d71505f4ae1f1cc9d4f9f4fdf1eaa26a.jpg,..\data\processed\yolo_sahi_crop_classifier\crops\000706_d71505f4ae1f1cc9d4f9f4fdf1eaa26a.jpg,657064861,223,297,239,359,vase,75,0.316600501537323,0.019289260679287754,False,1
707,bbf3399a98622033516886acd799fffb.jpg,E:\study\DoAnPython\project\data\raw\train_images\bbf3399a98622033516886acd799fffb.jpg,..\data\processed\yolo_sahi_crop_classifier\crops\000707_bbf3399a98622033516886acd799fffb.jpg,1403897391,0,0,500,500,full_image,-1,0.0,0.0,True,0
708,d1b7f3ec74d4cffdadbeb0a241be3c09.jpg,E:\study\DoAnPython\project\data\raw\train_images\d1b7f3ec74d4cffdadbeb0a241be3c09.jpg,..\data\processed\yolo_sahi_crop_classifier\crops\000708_d1b7f3ec74d4cffdadbeb0a241be3c09.jpg,3582807309,218,225,489,488,clock,74,0.8457981944084167,0.2996322921530647,False,2
709,0dd6d47839f973256e4317bade971088.jpg,E:\study\DoAnPython\project\data\raw\train_images\0dd6d47839f973256e4317bade971088.jpg,..\data\processed\yolo_sahi_crop_classifier\crops\000709_0dd6d47839f973256e4317bade971088.jpg,2305801709,106,56,221,257,potted plant,58,0.7460342049598694,0.20691942168213406,False,2
710,b097f1526a88b4d8c4a10908153a22d8.jpg,E:\study\DoAnPython\project\data\raw\train_images\b097f1526a88b4d8c4a10908153a22d8.jpg,..\data\processed\yolo_sahi_crop_classifier\crops\000710_b097f1526a88b4d8c4a10908153a22d8.jpg,3113678103,493,379,629,641,vase,75,0.7361158132553101,0.1434114489320765,False,11
711,48ef4b3443ef3cb50da94fea3d03ad1e.jpg,E:\study\DoAnPython\project\data\raw\train_images\48ef4b3443ef3cb50da94fea3d03ad1e.jpg,..\data\processed\yolo_sahi_crop_classifier\crops\000711_48ef4b3443ef3cb50da94fea3d03ad1e.jpg,975789094,331,327,540,617,teddy bear,77,0.43202945590019226,0.15489327839638736,False,1
712,9b939369653f1021a3aefc63da0cf183.jpg,E:\study\DoAnPython\project\data\raw\train_images\9b939369653f1021a3aefc63da0cf183.jpg,..\data\processed\yolo_sahi_crop_classifier\crops\000712_9b939369653f1021a3aefc63da0cf183.jpg,1279238330,33,400,529,712,person,0,0.4530740976333618,0.16160217152860445,False,6
713,ea74fc1f80359c7767618214af1731c6.jpg,E:\study\DoAnPython\project\data\raw\train_images\ea74fc1f80359c7767618214af1731c6.jpg,..\data\processed\yolo_sahi_crop_classifier\crops\000713_ea74fc1f80359c7767618214af1731c6.jpg,4189236082,118,112,500,567,book,73,0.5119937658309937,0.30956832238113424,False,2
714,1ae3b3146fc50f226b085fbd90fd2b4d.jpg,E:\study\DoAnPython\project\data\raw\train_images\1ae3b3146fc50f226b085fbd90fd2b4d.jpg,..\data\processed\yolo_sahi_crop_classifier\crops\000714_1ae3b3146fc50f226b085fbd90fd2b4d.jpg,618541066,161,488,422,691,bicycle,1,0.4556131958961487,0.11184487518994919,False,1
715,27623e06d3ad398d48013734ff47cc90.jpg,E:\study\DoAnPython\project\data\raw\train_images\27623e06d3ad398d48013734ff47cc90.jpg,..\data\processed\yolo_sahi_crop_classifier\crops\000715_27623e06d3ad398d48013734ff47cc90.jpg,1375664237,288,478,428,594,person,0,0.6474568843841553,0.11987108407922678,False,29
716,c54e0e7762d61b246c7a1460e4277f21.jpg,E:\study\DoAnPython\project\data\raw\train_images\c54e0e7762d61b246c7a1460e4277f21.jpg,..\data\processed\yolo_sahi_crop_classifier\crops\000716_c54e0e7762d61b246c7a1460e4277f21.jpg,1037635218,343,70,874,524,person,0,0.5733547806739807,0.30224019683421294,False,7
717,162c1af2363fca542b715e3e3f17364c.jpg,E:\study\DoAnPython\project\data\raw\train_images\162c1af2363fca542b715e3e3f17364c.jpg,..\data\processed\yolo_sahi_crop_classifier\crops\000717_162c1af2363fca542b715e3e3f17364c.jpg,3030935442,0,0,640,640,full_image,-1,0.0,0.0,True,0
718,4e05b4f06ad08e1944926f2f86fa8f1f.jpg,E:\study\DoAnPython\project\data\raw\train_images\4e05b4f06ad08e1944926f2f86fa8f1f.jpg,..\data\processed\yolo_sahi_crop_classifier\crops\000718_4e05b4f06ad08e1944926f2f86fa8f1f.jpg,9079959,166,32,346,529,person,0,0.9043402671813965,0.4567571701675941,False,1
719,e90199698ede00a92eac95818e1fb080.jpg,E:\study\DoAnPython\project\data\raw\train_images\e90199698ede00a92eac95818e1fb080.jpg,..\data\processed\yolo_sahi_crop_classifier\crops\000719_e90199698ede00a92eac95818e1fb080.jpg,651301341,619,373,738,552,person,0,0.8314818143844604,0.1246770826347678,False,2
720,b9bec11a4e5bb1a93dcbe837682bd120.jpg,E:\study\DoAnPython\project\data\raw\train_images\b9bec11a4e5bb1a93dcbe837682bd120.jpg,..\data\processed\yolo_sahi_crop_classifier\crops\000720_b9bec11a4e5bb1a93dcbe837682bd120.jpg,781321433,2,229,171,502,bottle,39,0.8301527500152588,0.2585164144327438,False,5
721,701b672a2e915693b7d8b3c83331e10e.jpg,E:\study\DoAnPython\project\data\raw\train_images\701b672a2e915693b7d8b3c83331e10e.jpg,..\data\processed\yolo_sahi_crop_classifier\crops\000721_701b672a2e915693b7d8b3c83331e10e.jpg,226461911,356,4,800,800,person,0,0.8446641564369202,0.598170438177628,False,7
722,ca389707ee935458568f1882ea19819a.jpg,E:\study\DoAnPython\project\data\raw\train_images\ca389707ee935458568f1882ea19819a.jpg,..\data\processed\yolo_sahi_crop_classifier\crops\000722_ca389707ee935458568f1882ea19819a.jpg,1567381934,55,0,365,494,bottle,39,0.4579140543937683,0.23533387425983524,False,12
723,8e65b4a98472ad3beade1913ee722277.jpg,E:\study\DoAnPython\project\data\raw\train_images\8e65b4a98472ad3beade1913ee722277.jpg,..\data\processed\yolo_sahi_crop_classifier\crops\000723_8e65b4a98472ad3beade1913ee722277.jpg,2650913957,317,0,700,359,laptop,63,0.436614990234375,0.21759438065232056,False,3
724,35d99530192fbd042d8485bd9022bb04.jpg,E:\study\DoAnPython\project\data\raw\train_images\35d99530192fbd042d8485bd9022bb04.jpg,..\data\processed\yolo_sahi_crop_classifier\crops\000724_35d99530192fbd042d8485bd9022bb04.jpg,2304518343,391,397,883,744,airplane,4,0.5279378294944763,0.22023109479657563,False,4
725,7d7d26dc883fdff05de14baf7bf1c917.jpg,E:\study\DoAnPython\project\data\raw\train_images\7d7d26dc883fdff05de14baf7bf1c917.jpg,..\data\processed\yolo_sahi_crop_classifier\crops\000725_7d7d26dc883fdff05de14baf7bf1c917.jpg,3299506042,410,251,515,500,book,73,0.6624781489372253,0.15653633860007674,False,9
726,afff64e7a28066573e383724425f721b.jpg,E:\study\DoAnPython\project\data\raw\train_images\afff64e7a28066573e383724425f721b.jpg,..\data\processed\yolo_sahi_crop_classifier\crops\000726_afff64e7a28066573e383724425f721b.jpg,794382785,108,153,670,671,person,0,0.4964888393878937,0.3106528723990538,False,3
727,d87cd2539949317310bf8513e25290b5.jpg,E:\study\DoAnPython\project\data\raw\train_images\d87cd2539949317310bf8513e25290b5.jpg,..\data\processed\yolo_sahi_crop_classifier\crops\000727_d87cd2539949317310bf8513e25290b5.jpg,2935316742,0,0,640,640,full_image,-1,0.0,0.0,True,0
728,8a0e973020e53aa1ee2e0b74f4a619d4.jpg,E:\study\DoAnPython\project\data\raw\train_images\8a0e973020e53aa1ee2e0b74f4a619d4.jpg,..\data\processed\yolo_sahi_crop_classifier\crops\000728_8a0e973020e53aa1ee2e0b74f4a619d4.jpg,2362252012,282,298,637,520,sink,71,0.6276775598526001,0.25532197054786576,False,4
729,d8cef182537f394c882908f6d50b52d2.jpg,E:\study\DoAnPython\project\data\raw\train_images\d8cef182537f394c882908f6d50b52d2.jpg,..\data\processed\yolo_sahi_crop_classifier\crops\000729_d8cef182537f394c882908f6d50b52d2.jpg,4234729206,0,92,274,346,book,73,0.6422942280769348,0.15656404294599968,False,6
730,b7f48d902e3824b7038757d58f136196.jpg,E:\study\DoAnPython\project\data\raw\train_images\b7f48d902e3824b7038757d58f136196.jpg,..\data\processed\yolo_sahi_crop_classifier\crops\000730_b7f48d902e3824b7038757d58f136196.jpg,3872882463,249,391,522,937,book,73,0.4555453658103943,0.15917219136243546,False,2
731,62469c01b45eed8cb64aed4d05dea43d.jpg,E:\study\DoAnPython\project\data\raw\train_images\62469c01b45eed8cb64aed4d05dea43d.jpg,..\data\processed\yolo_sahi_crop_classifier\crops\000731_62469c01b45eed8cb64aed4d05dea43d.jpg,2859325130,0,0,1024,1024,person,0,0.5491783618927002,0.5454242129344493,False,6
732,3e69cb705dbaefcbfb15b8eceb302604.jpg,E:\study\DoAnPython\project\data\raw\train_images\3e69cb705dbaefcbfb15b8eceb302604.jpg,..\data\processed\yolo_sahi_crop_classifier\crops\000732_3e69cb705dbaefcbfb15b8eceb302604.jpg,1652784264,386,0,792,800,person,0,0.8839452862739563,0.6025839521209401,False,9
733,2d67dbee71c33b5bb2d6f75710786d6e.jpg,E:\study\DoAnPython\project\data\raw\train_images\2d67dbee71c33b5bb2d6f75710786d6e.jpg,..\data\processed\yolo_sahi_crop_classifier\crops\000733_2d67dbee71c33b5bb2d6f75710786d6e.jpg,1566886110,275,14,676,531,person,0,0.8580670952796936,0.4533706835793443,False,4
734,a063b3ac5da74aa1ea8293584d30c78f.jpg,E:\study\DoAnPython\project\data\raw\train_images\a063b3ac5da74aa1ea8293584d30c78f.jpg,..\data\processed\yolo_sahi_crop_classifier\crops\000734_a063b3ac5da74aa1ea8293584d30c78f.jpg,3634193612,159,15,341,452,vase,75,0.6951189637184143,0.3647884714773111,False,1
735,24d0d077751a1ab308f7b0ddf1ed88c8.jpg,E:\study\DoAnPython\project\data\raw\train_images\24d0d077751a1ab308f7b0ddf1ed88c8.jpg,..\data\processed\yolo_sahi_crop_classifier\crops\000735_24d0d077751a1ab308f7b0ddf1ed88c8.jpg,2337305711,158,417,376,538,bowl,45,0.8476561903953552,0.20104589598157033,False,7
736,b87ea62855941bb579c9be94bbdd8777.jpg,E:\study\DoAnPython\project\data\raw\train_images\b87ea62855941bb579c9be94bbdd8777.jpg,..\data\processed\yolo_sahi_crop_classifier\crops\000736_b87ea62855941bb579c9be94bbdd8777.jpg,582022491,0,165,1024,493,scissors,76,0.7017272114753723,0.37116653253002213,False,4
737,210c01f479640d2e769b5799dd7ddfd3.jpg,E:\study\DoAnPython\project\data\raw\train_images\210c01f479640d2e769b5799dd7ddfd3.jpg,..\data\processed\yolo_sahi_crop_classifier\crops\000737_210c01f479640d2e769b5799dd7ddfd3.jpg,2410582194,178,140,217,200,cell phone,67,0.49422457814216614,0.03515112596344842,False,1
738,48bd4730b91a5285e70d4d458c304b32.jpg,E:\study\DoAnPython\project\data\raw\train_images\48bd4730b91a5285e70d4d458c304b32.jpg,..\data\processed\yolo_sahi_crop_classifier\crops\000738_48bd4730b91a5285e70d4d458c304b32.jpg,223918561,381,46,671,1005,person,0,0.8899927735328674,0.42581336277791587,False,6
739,661a1182aed18d45fc3847205906a7e6.jpg,E:\study\DoAnPython\project\data\raw\train_images\661a1182aed18d45fc3847205906a7e6.jpg,..\data\processed\yolo_sahi_crop_classifier\crops\000739_661a1182aed18d45fc3847205906a7e6.jpg,1730048922,16,102,200,507,skis,30,0.7270506024360657,0.30171234046937356,False,15
740,e0c96e3791df006b83052587af50afca.jpg,E:\study\DoAnPython\project\data\raw\train_images\e0c96e3791df006b83052587af50afca.jpg,..\data\processed\yolo_sahi_crop_classifier\crops\000740_e0c96e3791df006b83052587af50afca.jpg,3468682012,524,496,592,956,vase,75,0.7189211845397949,0.11592473482020553,False,12
741,d8d7920593f6edd59059a4e4381aa6cf.jpg,E:\study\DoAnPython\project\data\raw\train_images\d8d7920593f6edd59059a4e4381aa6cf.jpg,..\data\processed\yolo_sahi_crop_classifier\crops\000741_d8d7920593f6edd59059a4e4381aa6cf.jpg,3978903467,0,0,700,700,full_image,-1,0.0,0.0,True,0
742,9907acd448ed4a3033fb7c0eccf0f444.jpg,E:\study\DoAnPython\project\data\raw\train_images\9907acd448ed4a3033fb7c0eccf0f444.jpg,..\data\processed\yolo_sahi_crop_classifier\crops\000742_9907acd448ed4a3033fb7c0eccf0f444.jpg,2756013533,0,0,85,98,stop sign,11,0.5895043015480042,0.11732121569382514,False,1
743,659f7aec3d5a2521f41afe453c98d213.jpg,E:\study\DoAnPython\project\data\raw\train_images\659f7aec3d5a2521f41afe453c98d213.jpg,..\data\processed\yolo_sahi_crop_classifier\crops\000743_659f7aec3d5a2521f41afe453c98d213.jpg,338288902,109,378,640,640,car,2,0.252890944480896,0.140817025010654,False,3
744,45c91c80dbcc721520cd4df324490245.jpg,E:\study\DoAnPython\project\data\raw\train_images\45c91c80dbcc721520cd4df324490245.jpg,..\data\processed\yolo_sahi_crop_classifier\crops\000744_45c91c80dbcc721520cd4df324490245.jpg,1918908464,286,108,622,640,person,0,0.8899921178817749,0.5552568608516959,False,4
745,995c9be511acbc3c75315bac70cc4994.jpg,E:\study\DoAnPython\project\data\raw\train_images\995c9be511acbc3c75315bac70cc4994.jpg,..\data\processed\yolo_sahi_crop_classifier\crops\000745_995c9be511acbc3c75315bac70cc4994.jpg,2790115990,258,182,441,514,scissors,76,0.7711189985275269,0.27651254707282297,False,8
746,ce736e875c401206f8e5f16e5687c128.jpg,E:\study\DoAnPython\project\data\raw\train_images\ce736e875c401206f8e5f16e5687c128.jpg,..\data\processed\yolo_sahi_crop_classifier\crops\000746_ce736e875c401206f8e5f16e5687c128.jpg,2531010975,497,564,938,684,dining table,60,0.5305655598640442,0.11089443799459167,False,70
747,5f7392cb1fea34df55dba7a20232ef3d.jpg,E:\study\DoAnPython\project\data\raw\train_images\5f7392cb1fea34df55dba7a20232ef3d.jpg,..\data\processed\yolo_sahi_crop_classifier\crops\000747_5f7392cb1fea34df55dba7a20232ef3d.jpg,3552043446,0,146,532,660,suitcase,28,0.7991522550582886,0.5821766557765851,False,6
748,1bd754a2d245a7f7a1d279ba9d71123e.jpg,E:\study\DoAnPython\project\data\raw\train_images\1bd754a2d245a7f7a1d279ba9d71123e.jpg,..\data\processed\yolo_sahi_crop_classifier\crops\000748_1bd754a2d245a7f7a1d279ba9d71123e.jpg,2409409127,329,111,640,602,person,0,0.9139280319213867,0.526712125821522,False,8
749,3254397fedbdae173c6773bbea0ac279.jpg,E:\study\DoAnPython\project\data\raw\train_images\3254397fedbdae173c6773bbea0ac279.jpg,..\data\processed\yolo_sahi_crop_classifier\crops\000749_3254397fedbdae173c6773bbea0ac279.jpg,578575602,0,0,359,359,full_image,-1,0.0,0.0,True,0
750,5227acc0bf290283782010e2684be23f.jpg,E:\study\DoAnPython\project\data\raw\train_images\5227acc0bf290283782010e2684be23f.jpg,..\data\processed\yolo_sahi_crop_classifier\crops\000750_5227acc0bf290283782010e2684be23f.jpg,539292045,420,615,490,673,cake,55,0.4195409119129181,0.031307845252920644,False,7
751,624d84e631121279b8d7a4ed365d0265.jpg,E:\study\DoAnPython\project\data\raw\train_images\624d84e631121279b8d7a4ed365d0265.jpg,..\data\processed\yolo_sahi_crop_classifier\crops\000751_624d84e631121279b8d7a4ed365d0265.jpg,1001789326,278,296,967,663,remote,65,0.9559522271156311,0.4357765449543436,False,14
752,501b64ba2abcf099b94ead2de559b5de.jpg,E:\study\DoAnPython\project\data\raw\train_images\501b64ba2abcf099b94ead2de559b5de.jpg,..\data\processed\yolo_sahi_crop_classifier\crops\000752_501b64ba2abcf099b94ead2de559b5de.jpg,3863446626,330,122,640,314,person,0,0.7423276305198669,0.2666882476658362,False,7
753,c3ff92b6718eb6f81833b31f9d90ffe8.jpg,E:\study\DoAnPython\project\data\raw\train_images\c3ff92b6718eb6f81833b31f9d90ffe8.jpg,..\data\processed\yolo_sahi_crop_classifier\crops\000753_c3ff92b6718eb6f81833b31f9d90ffe8.jpg,1417388897,110,132,640,550,remote,65,0.3886977732181549,0.2696371931459795,False,1
754,5e120fba0aac08372d07efb2d86490c5.jpg,E:\study\DoAnPython\project\data\raw\train_images\5e120fba0aac08372d07efb2d86490c5.jpg,..\data\processed\yolo_sahi_crop_classifier\crops\000754_5e120fba0aac08372d07efb2d86490c5.jpg,294940702,446,125,611,526,scissors,76,0.8001350164413452,0.273064578762419,False,8
755,70b959525a45456c54f1c9b58906996a.jpg,E:\study\DoAnPython\project\data\raw\train_images\70b959525a45456c54f1c9b58906996a.jpg,..\data\processed\yolo_sahi_crop_classifier\crops\000755_70b959525a45456c54f1c9b58906996a.jpg,2133195883,195,393,446,516,cup,41,0.5030784010887146,0.12867156365149784,False,1
756,39e800026b435837fe732ec95143d94f.jpg,E:\study\DoAnPython\project\data\raw\train_images\39e800026b435837fe732ec95143d94f.jpg,..\data\processed\yolo_sahi_crop_classifier\crops\000756_39e800026b435837fe732ec95143d94f.jpg,2342771184,417,250,668,834,bottle,39,0.9321607947349548,0.3234956762270529,False,10
757,745599a37121c7b9343c3a44b3b88ee5.jpg,E:\study\DoAnPython\project\data\raw\train_images\745599a37121c7b9343c3a44b3b88ee5.jpg,..\data\processed\yolo_sahi_crop_classifier\crops\000757_745599a37121c7b9343c3a44b3b88ee5.jpg,544819915,81,106,352,384,clock,74,0.2931038737297058,0.09323485182378388,False,1
758,c681aa21dfa27ce0d11fbc99c4c1afa5.jpg,E:\study\DoAnPython\project\data\raw\train_images\c681aa21dfa27ce0d11fbc99c4c1afa5.jpg,..\data\processed\yolo_sahi_crop_classifier\crops\000758_c681aa21dfa27ce0d11fbc99c4c1afa5.jpg,2747024747,275,75,617,810,bottle,39,0.6449379920959473,0.3334744521018443,False,2
759,d4eee6202044260a4e840ab9860f076d.jpg,E:\study\DoAnPython\project\data\raw\train_images\d4eee6202044260a4e840ab9860f076d.jpg,..\data\processed\yolo_sahi_crop_classifier\crops\000759_d4eee6202044260a4e840ab9860f076d.jpg,1240826113,246,11,452,530,person,0,0.8656103014945984,0.4110224984374526,False,1
760,fe0e32b44b842219c016739880f0d2c7.jpg,E:\study\DoAnPython\project\data\raw\train_images\fe0e32b44b842219c016739880f0d2c7.jpg,..\data\processed\yolo_sahi_crop_classifier\crops\000760_fe0e32b44b842219c016739880f0d2c7.jpg,3029030130,401,243,442,386,bottle,39,0.8677603602409363,0.09765128384912748,False,6
761,0aa40fc52d8eab084f44343ce2d8093f.jpg,E:\study\DoAnPython\project\data\raw\train_images\0aa40fc52d8eab084f44343ce2d8093f.jpg,..\data\processed\yolo_sahi_crop_classifier\crops\000761_0aa40fc52d8eab084f44343ce2d8093f.jpg,2681087796,404,369,611,517,cup,41,0.6930290460586548,0.11310183073544357,False,3
762,588f12a258b17facb45319c1e9eb0adb.jpg,E:\study\DoAnPython\project\data\raw\train_images\588f12a258b17facb45319c1e9eb0adb.jpg,..\data\processed\yolo_sahi_crop_classifier\crops\000762_588f12a258b17facb45319c1e9eb0adb.jpg,1658900933,0,0,640,640,full_image,-1,0.0,0.0,True,0
763,65aadcbbf9dedfc6a1ae718efb8c4268.jpg,E:\study\DoAnPython\project\data\raw\train_images\65aadcbbf9dedfc6a1ae718efb8c4268.jpg,..\data\processed\yolo_sahi_crop_classifier\crops\000763_65aadcbbf9dedfc6a1ae718efb8c4268.jpg,1206849495,316,141,705,904,vase,75,0.6994523406028748,0.34508134256099104,False,10
764,48e9c38e66203e5ec4523fc10cbcc817.jpg,E:\study\DoAnPython\project\data\raw\train_images\48e9c38e66203e5ec4523fc10cbcc817.jpg,..\data\processed\yolo_sahi_crop_classifier\crops\000764_48e9c38e66203e5ec4523fc10cbcc817.jpg,2364306755,0,501,517,830,book,73,0.2616446614265442,0.09796825218101526,False,4
765,7ef25216ac8b93e08ad8a2956695a1b1.jpg,E:\study\DoAnPython\project\data\raw\train_images\7ef25216ac8b93e08ad8a2956695a1b1.jpg,..\data\processed\yolo_sahi_crop_classifier\crops\000765_7ef25216ac8b93e08ad8a2956695a1b1.jpg,1837648468,121,15,347,528,bottle,39,0.8850281238555908,0.43675063978640616,False,6
766,bbf80d1039f73b2a5330fb02037333ec.jpg,E:\study\DoAnPython\project\data\raw\train_images\bbf80d1039f73b2a5330fb02037333ec.jpg,..\data\processed\yolo_sahi_crop_classifier\crops\000766_bbf80d1039f73b2a5330fb02037333ec.jpg,2813582502,145,431,383,638,traffic light,9,0.2542271614074707,0.0822237189895202,False,2
767,9582b7a8fc9b519a6a9d47d89fdd982d.jpg,E:\study\DoAnPython\project\data\raw\train_images\9582b7a8fc9b519a6a9d47d89fdd982d.jpg,..\data\processed\yolo_sahi_crop_classifier\crops\000767_9582b7a8fc9b519a6a9d47d89fdd982d.jpg,2798888215,0,98,193,442,person,0,0.642190158367157,0.3133466836234672,False,2
768,5ec62448a7bb910904b2f01c1ed70ce9.jpg,E:\study\DoAnPython\project\data\raw\train_images\5ec62448a7bb910904b2f01c1ed70ce9.jpg,..\data\processed\yolo_sahi_crop_classifier\crops\000768_5ec62448a7bb910904b2f01c1ed70ce9.jpg,2825040039,170,178,666,514,airplane,4,0.34028390049934387,0.18416181017065067,False,1
769,5a92a7a5bec64713bd55fbc2e47f5c6c.jpg,E:\study\DoAnPython\project\data\raw\train_images\5a92a7a5bec64713bd55fbc2e47f5c6c.jpg,..\data\processed\yolo_sahi_crop_classifier\crops\000769_5a92a7a5bec64713bd55fbc2e47f5c6c.jpg,1912390233,343,187,474,640,knife,43,0.41537168622016907,0.14821508232954053,False,5
770,bbef879878c30cb3949afb37ed06a464.jpg,E:\study\DoAnPython\project\data\raw\train_images\bbef879878c30cb3949afb37ed06a464.jpg,..\data\processed\yolo_sahi_crop_classifier\crops\000770_bbef879878c30cb3949afb37ed06a464.jpg,2008989859,120,0,640,529,person,0,0.49144887924194336,0.3820245217862777,False,7
771,52574a9b0de613054592e601aace8216.jpg,E:\study\DoAnPython\project\data\raw\train_images\52574a9b0de613054592e601aace8216.jpg,..\data\processed\yolo_sahi_crop_classifier\crops\000771_52574a9b0de613054592e601aace8216.jpg,962477933,58,497,467,921,snowboard,31,0.5141492486000061,0.1940246750245894,False,11
772,8a839384086e3aedf5749dfa8301f171.jpg,E:\study\DoAnPython\project\data\raw\train_images\8a839384086e3aedf5749dfa8301f171.jpg,..\data\processed\yolo_sahi_crop_classifier\crops\000772_8a839384086e3aedf5749dfa8301f171.jpg,1865784481,514,401,800,800,person,0,0.9590804576873779,0.3890727268410421,False,15
773,1e4667db60b04cb70af21ce80de95660.jpg,E:\study\DoAnPython\project\data\raw\train_images\1e4667db60b04cb70af21ce80de95660.jpg,..\data\processed\yolo_sahi_crop_classifier\crops\000773_1e4667db60b04cb70af21ce80de95660.jpg,2654683414,455,370,597,516,suitcase,28,0.4222116768360138,0.08839072293471535,False,5
774,fa6b770f02b75677aa14f2326b2baa88.jpg,E:\study\DoAnPython\project\data\raw\train_images\fa6b770f02b75677aa14f2326b2baa88.jpg,..\data\processed\yolo_sahi_crop_classifier\crops\000774_fa6b770f02b75677aa14f2326b2baa88.jpg,3299472700,81,0,700,454,person,0,0.8480838537216187,0.6086870097035751,False,6
775,2447f3a43ead1994ea13fd3befb8ee0c.jpg,E:\study\DoAnPython\project\data\raw\train_images\2447f3a43ead1994ea13fd3befb8ee0c.jpg,..\data\processed\yolo_sahi_crop_classifier\crops\000775_2447f3a43ead1994ea13fd3befb8ee0c.jpg,1707910864,15,147,475,483,umbrella,25,0.7651950120925903,0.272429585955409,False,6
776,37e7f71a949f728f5be0548421513aad.jpg,E:\study\DoAnPython\project\data\raw\train_images\37e7f71a949f728f5be0548421513aad.jpg,..\data\processed\yolo_sahi_crop_classifier\crops\000776_37e7f71a949f728f5be0548421513aad.jpg,2471903892,84,57,471,777,snowboard,31,0.4525236487388611,0.27700445179636257,False,2
777,f8dfb6c42212e0c749d05327abaa3c79.jpg,E:\study\DoAnPython\project\data\raw\train_images\f8dfb6c42212e0c749d05327abaa3c79.jpg,..\data\processed\yolo_sahi_crop_classifier\crops\000777_f8dfb6c42212e0c749d05327abaa3c79.jpg,1151643989,251,186,389,511,bottle,39,0.8512814044952393,0.26108468987658934,False,5
778,14da45989207964a28a64f010d3e8846.jpg,E:\study\DoAnPython\project\data\raw\train_images\14da45989207964a28a64f010d3e8846.jpg,..\data\processed\yolo_sahi_crop_classifier\crops\000778_14da45989207964a28a64f010d3e8846.jpg,300437540,105,0,838,865,dining table,60,0.3348409831523895,0.2695829141816867,False,16
779,0426f873aad38961ecbd4d1da27f6b28.jpg,E:\study\DoAnPython\project\data\raw\train_images\0426f873aad38961ecbd4d1da27f6b28.jpg,..\data\processed\yolo_sahi_crop_classifier\crops\000779_0426f873aad38961ecbd4d1da27f6b28.jpg,1040329336,0,0,500,500,full_image,-1,0.0,0.0,True,0
780,4249f519ca54852f7a017155d1590915.jpg,E:\study\DoAnPython\project\data\raw\train_images\4249f519ca54852f7a017155d1590915.jpg,..\data\processed\yolo_sahi_crop_classifier\crops\000780_4249f519ca54852f7a017155d1590915.jpg,2998314427,3,306,640,640,book,73,0.7203575372695923,0.49237241283407696,False,3
781,d8f8f56c8e1f50db061d1c4a627cdad3.jpg,E:\study\DoAnPython\project\data\raw\train_images\d8f8f56c8e1f50db061d1c4a627cdad3.jpg,..\data\processed\yolo_sahi_crop_classifier\crops\000781_d8f8f56c8e1f50db061d1c4a627cdad3.jpg,2874983063,254,202,551,572,book,73,0.6804124116897583,0.2615940178987021,False,2
782,6f163dcdec1ff920ad843fd4c467977a.jpg,E:\study\DoAnPython\project\data\raw\train_images\6f163dcdec1ff920ad843fd4c467977a.jpg,..\data\processed\yolo_sahi_crop_classifier\crops\000782_6f163dcdec1ff920ad843fd4c467977a.jpg,1224243584,0,76,800,800,person,0,0.8882470726966858,0.8148063290937496,False,6
783,05f1bc3c03271e5d4b5af7a7b263facf.jpg,E:\study\DoAnPython\project\data\raw\train_images\05f1bc3c03271e5d4b5af7a7b263facf.jpg,..\data\processed\yolo_sahi_crop_classifier\crops\000783_05f1bc3c03271e5d4b5af7a7b263facf.jpg,1657244333,4,391,633,640,book,73,0.4637729227542877,0.26879160080461545,False,2
784,53b102491bf3fe9e4ce249f498cd1bdf.jpg,E:\study\DoAnPython\project\data\raw\train_images\53b102491bf3fe9e4ce249f498cd1bdf.jpg,..\data\processed\yolo_sahi_crop_classifier\crops\000784_53b102491bf3fe9e4ce249f498cd1bdf.jpg,351551078,534,248,831,521,cup,41,0.29674479365348816,0.07827259196802797,False,1
785,5796ecffdafce6515af69d63fc13f075.jpg,E:\study\DoAnPython\project\data\raw\train_images\5796ecffdafce6515af69d63fc13f075.jpg,..\data\processed\yolo_sahi_crop_classifier\crops\000785_5796ecffdafce6515af69d63fc13f075.jpg,1161728056,211,168,482,700,cup,41,0.41591668128967285,0.21048936695605325,False,2
786,f60b5c0cd982942f3f66cef45993faa1.jpg,E:\study\DoAnPython\project\data\raw\train_images\f60b5c0cd982942f3f66cef45993faa1.jpg,..\data\processed\yolo_sahi_crop_classifier\crops\000786_f60b5c0cd982942f3f66cef45993faa1.jpg,926620156,214,177,469,522,refrigerator,72,0.26290687918663025,0.10359304506918642,False,3
787,b13eed5b43cf32b9adfdc4a4991e4293.jpg,E:\study\DoAnPython\project\data\raw\train_images\b13eed5b43cf32b9adfdc4a4991e4293.jpg,..\data\processed\yolo_sahi_crop_classifier\crops\000787_b13eed5b43cf32b9adfdc4a4991e4293.jpg,847854913,93,4,372,599,suitcase,28,0.35637274384498596,0.2243772970137928,False,1
788,8ed8fe011c5d2c7bffbd450bd5de5677.jpg,E:\study\DoAnPython\project\data\raw\train_images\8ed8fe011c5d2c7bffbd450bd5de5677.jpg,..\data\processed\yolo_sahi_crop_classifier\crops\000788_8ed8fe011c5d2c7bffbd450bd5de5677.jpg,1664178674,179,197,653,584,banana,46,0.5313083529472351,0.3016630836944473,False,4
789,d32822cede6961790e2c8550ebeba523.jpg,E:\study\DoAnPython\project\data\raw\train_images\d32822cede6961790e2c8550ebeba523.jpg,..\data\processed\yolo_sahi_crop_classifier\crops\000789_d32822cede6961790e2c8550ebeba523.jpg,579406718,204,32,521,508,cup,41,0.3605257570743561,0.20341288815946115,False,3
790,be66119926a42fb9bdbaec12becdbd61.jpg,E:\study\DoAnPython\project\data\raw\train_images\be66119926a42fb9bdbaec12becdbd61.jpg,..\data\processed\yolo_sahi_crop_classifier\crops\000790_be66119926a42fb9bdbaec12becdbd61.jpg,196929574,181,179,302,539,bottle,39,0.79946368932724,0.28035056379669326,False,1
791,35e1f310a2d77e506c4d8132c02a4aaf.jpg,E:\study\DoAnPython\project\data\raw\train_images\35e1f310a2d77e506c4d8132c02a4aaf.jpg,..\data\processed\yolo_sahi_crop_classifier\crops\000791_35e1f310a2d77e506c4d8132c02a4aaf.jpg,3017619253,62,0,549,640,person,0,0.7420077919960022,0.6096028660093488,False,1
792,f5369199fc5c2e84d1a4674a8ccff2f1.jpg,E:\study\DoAnPython\project\data\raw\train_images\f5369199fc5c2e84d1a4674a8ccff2f1.jpg,..\data\processed\yolo_sahi_crop_classifier\crops\000792_f5369199fc5c2e84d1a4674a8ccff2f1.jpg,629731076,362,0,678,700,person,0,0.9361240863800049,0.606244250413375,False,6
793,57078e98b4463bfef9aaf1fde56a9b01.jpg,E:\study\DoAnPython\project\data\raw\train_images\57078e98b4463bfef9aaf1fde56a9b01.jpg,..\data\processed\yolo_sahi_crop_classifier\crops\000793_57078e98b4463bfef9aaf1fde56a9b01.jpg,2992055559,167,131,806,822,suitcase,28,0.40004098415374756,0.24085789796880877,False,8
794,6c92daad82c26cfa0ce56a9eba4738dc.jpg,E:\study\DoAnPython\project\data\raw\train_images\6c92daad82c26cfa0ce56a9eba4738dc.jpg,..\data\processed\yolo_sahi_crop_classifier\crops\000794_6c92daad82c26cfa0ce56a9eba4738dc.jpg,1702709914,13,229,440,575,suitcase,28,0.7237655520439148,0.4312904558876424,False,5
795,5a0fbb74ec077e8e34433b746b1d8ced.jpg,E:\study\DoAnPython\project\data\raw\train_images\5a0fbb74ec077e8e34433b746b1d8ced.jpg,..\data\processed\yolo_sahi_crop_classifier\crops\000795_5a0fbb74ec077e8e34433b746b1d8ced.jpg,3071812272,270,0,800,532,person,0,0.5681980848312378,0.357579869033182,False,6
796,1353b6978433589f700d41872337d378.jpg,E:\study\DoAnPython\project\data\raw\train_images\1353b6978433589f700d41872337d378.jpg,..\data\processed\yolo_sahi_crop_classifier\crops\000796_1353b6978433589f700d41872337d378.jpg,3023944875,401,22,953,386,cell phone,67,0.5652738809585571,0.22964251413941383,False,8
797,e878b36864d3b305a1c9b2bf43a3d13e.jpg,E:\study\DoAnPython\project\data\raw\train_images\e878b36864d3b305a1c9b2bf43a3d13e.jpg,..\data\processed\yolo_sahi_crop_classifier\crops\000797_e878b36864d3b305a1c9b2bf43a3d13e.jpg,4063324329,179,416,336,575,cup,41,0.8801233768463135,0.2035238849211412,False,7
798,985cc4008552f7cb7d16792eeacac1e7.jpg,E:\study\DoAnPython\project\data\raw\train_images\985cc4008552f7cb7d16792eeacac1e7.jpg,..\data\processed\yolo_sahi_crop_classifier\crops\000798_985cc4008552f7cb7d16792eeacac1e7.jpg,726670779,264,526,520,753,bowl,45,0.7239468097686768,0.158429630082843,False,6
799,afc80876c6eff5e44ae6de9ed5c9acec.jpg,E:\study\DoAnPython\project\data\raw\train_images\afc80876c6eff5e44ae6de9ed5c9acec.jpg,..\data\processed\yolo_sahi_crop_classifier\crops\000799_afc80876c6eff5e44ae6de9ed5c9acec.jpg,179288746,170,65,487,528,person,0,0.9220696687698364,0.5125348684197352,False,6
800,0944b6877ac64b61703ed325f3a892bd.jpg,E:\study\DoAnPython\project\data\raw\train_images\0944b6877ac64b61703ed325f3a892bd.jpg,..\data\processed\yolo_sahi_crop_classifier\crops\000800_0944b6877ac64b61703ed325f3a892bd.jpg,23704672,0,0,294,530,bottle,39,0.8924400210380554,0.5257011005028281,False,2
801,f8787579f8b445d4c063f6759e83f4dc.jpg,E:\study\DoAnPython\project\data\raw\train_images\f8787579f8b445d4c063f6759e83f4dc.jpg,..\data\processed\yolo_sahi_crop_classifier\crops\000801_f8787579f8b445d4c063f6759e83f4dc.jpg,4077671296,67,116,1024,706,person,0,0.7326428294181824,0.5021835377706585,False,7
802,c087811f4d5d73c97114fed240c7d56d.jpg,E:\study\DoAnPython\project\data\raw\train_images\c087811f4d5d73c97114fed240c7d56d.jpg,..\data\processed\yolo_sahi_crop_classifier\crops\000802_c087811f4d5d73c97114fed240c7d56d.jpg,1733221456,203,0,559,522,spoon,44,0.5219501852989197,0.30318439828370036,False,3
803,b5b5de166fee9bffaf60c00db2791c8f.jpg,E:\study\DoAnPython\project\data\raw\train_images\b5b5de166fee9bffaf60c00db2791c8f.jpg,..\data\processed\yolo_sahi_crop_classifier\crops\000803_b5b5de166fee9bffaf60c00db2791c8f.jpg,2079685896,759,620,932,917,potted plant,58,0.8378638029098511,0.17216812780783686,False,23
804,d59c7947363a5deae75eed50cdc06873.jpg,E:\study\DoAnPython\project\data\raw\train_images\d59c7947363a5deae75eed50cdc06873.jpg,..\data\processed\yolo_sahi_crop_classifier\crops\000804_d59c7947363a5deae75eed50cdc06873.jpg,3893832039,15,315,505,519,microwave,68,0.38483425974845886,0.1766031643499862,False,6
805,1889b54665ed3120bba2e3213687586a.jpg,E:\study\DoAnPython\project\data\raw\train_images\1889b54665ed3120bba2e3213687586a.jpg,..\data\processed\yolo_sahi_crop_classifier\crops\000805_1889b54665ed3120bba2e3213687586a.jpg,2047392365,298,0,640,640,person,0,0.913646399974823,0.6342664614323479,False,5
806,5e7f56dc1969708f58ddc3582058a5f8.jpg,E:\study\DoAnPython\project\data\raw\train_images\5e7f56dc1969708f58ddc3582058a5f8.jpg,..\data\processed\yolo_sahi_crop_classifier\crops\000806_5e7f56dc1969708f58ddc3582058a5f8.jpg,1733221456,168,283,750,673,scissors,76,0.40092819929122925,0.22157858345898096,False,2
807,69b0e268733ffebe739769e846090009.jpg,E:\study\DoAnPython\project\data\raw\train_images\69b0e268733ffebe739769e846090009.jpg,..\data\processed\yolo_sahi_crop_classifier\crops\000807_69b0e268733ffebe739769e846090009.jpg,3814390525,272,133,727,525,refrigerator,72,0.7345728874206543,0.3603012620160027,False,1
808,99f04e86b31b4b4cbfc77ee060287e94.jpg,E:\study\DoAnPython\project\data\raw\train_images\99f04e86b31b4b4cbfc77ee060287e94.jpg,..\data\processed\yolo_sahi_crop_classifier\crops\000808_99f04e86b31b4b4cbfc77ee060287e94.jpg,1746655739,540,232,831,951,bottle,39,0.6455431580543518,0.26802350871047237,False,4
809,9021f71fde97e52e39c14c725065d818.jpg,E:\study\DoAnPython\project\data\raw\train_images\9021f71fde97e52e39c14c725065d818.jpg,..\data\processed\yolo_sahi_crop_classifier\crops\000809_9021f71fde97e52e39c14c725065d818.jpg,2518689634,573,498,995,899,suitcase,28,0.5179487466812134,0.19341238453957485,False,6
810,b1399c8e9e303baf27e16eee1e7f3abf.jpg,E:\study\DoAnPython\project\data\raw\train_images\b1399c8e9e303baf27e16eee1e7f3abf.jpg,..\data\processed\yolo_sahi_crop_classifier\crops\000810_b1399c8e9e303baf27e16eee1e7f3abf.jpg,3557276678,0,0,640,640,full_image,-1,0.0,0.0,True,0
811,36897265b875b59f9e593b028ef23be6.jpg,E:\study\DoAnPython\project\data\raw\train_images\36897265b875b59f9e593b028ef23be6.jpg,..\data\processed\yolo_sahi_crop_classifier\crops\000811_36897265b875b59f9e593b028ef23be6.jpg,3591074178,240,254,780,682,mouse,64,0.5297495126724243,0.23077945714040057,False,5
812,db4ac960d28c7fcb942c52a1689c902e.jpg,E:\study\DoAnPython\project\data\raw\train_images\db4ac960d28c7fcb942c52a1689c902e.jpg,..\data\processed\yolo_sahi_crop_classifier\crops\000812_db4ac960d28c7fcb942c52a1689c902e.jpg,3645862214,204,123,428,574,cup,41,0.5298687815666199,0.24441453981377698,False,2
813,022d11354bab52a770f9382dd3956382.jpg,E:\study\DoAnPython\project\data\raw\train_images\022d11354bab52a770f9382dd3956382.jpg,..\data\processed\yolo_sahi_crop_classifier\crops\000813_022d11354bab52a770f9382dd3956382.jpg,2186896696,395,164,884,519,scissors,76,0.5756245851516724,0.2222216585014979,False,6
814,6add0b81e48ae719939dfe1b455d8eac.jpg,E:\study\DoAnPython\project\data\raw\train_images\6add0b81e48ae719939dfe1b455d8eac.jpg,..\data\processed\yolo_sahi_crop_classifier\crops\000814_6add0b81e48ae719939dfe1b455d8eac.jpg,2833291690,0,0,700,700,full_image,-1,0.0,0.0,True,0
815,859f0f0495f4159c9e73ff95aeedeecb.jpg,E:\study\DoAnPython\project\data\raw\train_images\859f0f0495f4159c9e73ff95aeedeecb.jpg,..\data\processed\yolo_sahi_crop_classifier\crops\000815_859f0f0495f4159c9e73ff95aeedeecb.jpg,53867738,413,103,572,524,refrigerator,72,0.5000598430633545,0.1885921098576196,False,5
816,1dc33cd87b4ea7732271dd4c221a0111.jpg,E:\study\DoAnPython\project\data\raw\train_images\1dc33cd87b4ea7732271dd4c221a0111.jpg,..\data\processed\yolo_sahi_crop_classifier\crops\000816_1dc33cd87b4ea7732271dd4c221a0111.jpg,3561228541,0,474,229,513,cake,55,0.338135302066803,0.046903062891716314,False,4
817,dfc2eb7ec4873999f37ab8edee54c849.jpg,E:\study\DoAnPython\project\data\raw\train_images\dfc2eb7ec4873999f37ab8edee54c849.jpg,..\data\processed\yolo_sahi_crop_classifier\crops\000817_dfc2eb7ec4873999f37ab8edee54c849.jpg,3089863932,348,126,518,339,handbag,26,0.2990400195121765,0.08285227157980399,False,2
818,524f1cc0c3b82e6c4fbd2469d5504432.jpg,E:\study\DoAnPython\project\data\raw\train_images\524f1cc0c3b82e6c4fbd2469d5504432.jpg,..\data\processed\yolo_sahi_crop_classifier\crops\000818_524f1cc0c3b82e6c4fbd2469d5504432.jpg,2261647540,0,0,442,442,full_image,-1,0.0,0.0,True,0
819,390a18cf6c425ea5be442498c29af067.jpg,E:\study\DoAnPython\project\data\raw\train_images\390a18cf6c425ea5be442498c29af067.jpg,..\data\processed\yolo_sahi_crop_classifier\crops\000819_390a18cf6c425ea5be442498c29af067.jpg,3768186621,486,0,1024,1024,person,0,0.8287212252616882,0.5693640568372718,False,9
820,4ed4e5cf273803d83ca5dbc06e1a3f6d.jpg,E:\study\DoAnPython\project\data\raw\train_images\4ed4e5cf273803d83ca5dbc06e1a3f6d.jpg,..\data\processed\yolo_sahi_crop_classifier\crops\000820_4ed4e5cf273803d83ca5dbc06e1a3f6d.jpg,1794962291,111,287,425,640,person,0,0.7667838335037231,0.37639405017640454,False,4
821,597b2f1731d2cef872a67188d42f0ca5.jpg,E:\study\DoAnPython\project\data\raw\train_images\597b2f1731d2cef872a67188d42f0ca5.jpg,..\data\processed\yolo_sahi_crop_classifier\crops\000821_597b2f1731d2cef872a67188d42f0ca5.jpg,709353370,53,173,315,481,clock,74,0.36819401383399963,0.15197588431701736,False,3
822,b51566ea7dabbf7c06dc547fd9f9a8da.jpg,E:\study\DoAnPython\project\data\raw\train_images\b51566ea7dabbf7c06dc547fd9f9a8da.jpg,..\data\processed\yolo_sahi_crop_classifier\crops\000822_b51566ea7dabbf7c06dc547fd9f9a8da.jpg,1610428091,648,504,1024,750,cell phone,67,0.686618983745575,0.19103294572161983,False,5
823,4b9dca41b71f3215dd4fd59aee79d3b7.jpg,E:\study\DoAnPython\project\data\raw\train_images\4b9dca41b71f3215dd4fd59aee79d3b7.jpg,..\data\processed\yolo_sahi_crop_classifier\crops\000823_4b9dca41b71f3215dd4fd59aee79d3b7.jpg,4081219855,110,110,640,640,person,0,0.9135206341743469,0.7229571327219418,False,2
824,9b26f9cd898ecad33e66feb26568cf3f.jpg,E:\study\DoAnPython\project\data\raw\train_images\9b26f9cd898ecad33e66feb26568cf3f.jpg,..\data\processed\yolo_sahi_crop_classifier\crops\000824_9b26f9cd898ecad33e66feb26568cf3f.jpg,378982106,345,237,700,700,person,0,0.8799549341201782,0.48968814005379885,False,2
825,28608af16f39b9b5c9d6b5ffe61d64eb.jpg,E:\study\DoAnPython\project\data\raw\train_images\28608af16f39b9b5c9d6b5ffe61d64eb.jpg,..\data\processed\yolo_sahi_crop_classifier\crops\000825_28608af16f39b9b5c9d6b5ffe61d64eb.jpg,2134514629,26,232,290,490,cup,41,0.8046184182167053,0.32584562452962706,False,4
826,d2fb9fa80883e9a37147a744aeb9d7e5.jpg,E:\study\DoAnPython\project\data\raw\train_images\d2fb9fa80883e9a37147a744aeb9d7e5.jpg,..\data\processed\yolo_sahi_crop_classifier\crops\000826_d2fb9fa80883e9a37147a744aeb9d7e5.jpg,710770581,472,125,563,221,potted plant,58,0.6378548741340637,0.08717111922582021,False,12
827,5235cbbdfd70272503647694730424c4.jpg,E:\study\DoAnPython\project\data\raw\train_images\5235cbbdfd70272503647694730424c4.jpg,..\data\processed\yolo_sahi_crop_classifier\crops\000827_5235cbbdfd70272503647694730424c4.jpg,721448292,108,142,640,614,sink,71,0.3789563477039337,0.27737360453293125,False,11
828,489d034df9f72999d40e3261a7c621eb.jpg,E:\study\DoAnPython\project\data\raw\train_images\489d034df9f72999d40e3261a7c621eb.jpg,..\data\processed\yolo_sahi_crop_classifier\crops\000828_489d034df9f72999d40e3261a7c621eb.jpg,2514750348,129,275,375,599,bottle,39,0.6750060319900513,0.22067123097937624,False,6
829,584cc2a3204dbb073d96cce27d603193.jpg,E:\study\DoAnPython\project\data\raw\train_images\584cc2a3204dbb073d96cce27d603193.jpg,..\data\processed\yolo_sahi_crop_classifier\crops\000829_584cc2a3204dbb073d96cce27d603193.jpg,1960893869,109,52,638,465,cake,55,0.5945818424224854,0.4028763756712467,False,2
830,1fc5a2dbc6946781b9308de4703a1246.jpg,E:\study\DoAnPython\project\data\raw\train_images\1fc5a2dbc6946781b9308de4703a1246.jpg,..\data\processed\yolo_sahi_crop_classifier\crops\000830_1fc5a2dbc6946781b9308de4703a1246.jpg,3346777341,278,577,961,881,cake,55,0.8402325510978699,0.346677738524659,False,12
831,8f1310e4dfdb14d4f6e6e54814af8a56.jpg,E:\study\DoAnPython\project\data\raw\train_images\8f1310e4dfdb14d4f6e6e54814af8a56.jpg,..\data\processed\yolo_sahi_crop_classifier\crops\000831_8f1310e4dfdb14d4f6e6e54814af8a56.jpg,373863554,172,3,461,529,person,0,0.9126734733581543,0.5166798264927726,False,7
832,72bfe65693bcaabe2c1651be7f089867.jpg,E:\study\DoAnPython\project\data\raw\train_images\72bfe65693bcaabe2c1651be7f089867.jpg,..\data\processed\yolo_sahi_crop_classifier\crops\000832_72bfe65693bcaabe2c1651be7f089867.jpg,1221416124,360,311,635,754,suitcase,28,0.5925806760787964,0.1873434568942548,False,20
833,f5d541fa73f086c662c2733cb0b49927.jpg,E:\study\DoAnPython\project\data\raw\train_images\f5d541fa73f086c662c2733cb0b49927.jpg,..\data\processed\yolo_sahi_crop_classifier\crops\000833_f5d541fa73f086c662c2733cb0b49927.jpg,3925580416,155,63,284,199,cell phone,67,0.33722206950187683,0.08327678352410293,False,1
834,5f01c5584553e2c993b5985375a4a8ea.jpg,E:\study\DoAnPython\project\data\raw\train_images\5f01c5584553e2c993b5985375a4a8ea.jpg,..\data\processed\yolo_sahi_crop_classifier\crops\000834_5f01c5584553e2c993b5985375a4a8ea.jpg,3693241156,8,364,153,495,orange,49,0.8448057770729065,0.1700968774127626,False,8
835,1c4d858b87da8c38ddc7f01808f50d66.jpg,E:\study\DoAnPython\project\data\raw\train_images\1c4d858b87da8c38ddc7f01808f50d66.jpg,..\data\processed\yolo_sahi_crop_classifier\crops\000835_1c4d858b87da8c38ddc7f01808f50d66.jpg,803317615,477,12,613,148,stop sign,11,0.8213942050933838,0.16171198412775992,False,3
836,34011efa9d6931ad72111120f1e2521d.jpg,E:\study\DoAnPython\project\data\raw\train_images\34011efa9d6931ad72111120f1e2521d.jpg,..\data\processed\yolo_sahi_crop_classifier\crops\000836_34011efa9d6931ad72111120f1e2521d.jpg,1783253855,368,295,596,640,book,73,0.7268540859222412,0.2981102255211458,False,13
837,880c006d31a5f5a32f22ae8807f52156.jpg,E:\study\DoAnPython\project\data\raw\train_images\880c006d31a5f5a32f22ae8807f52156.jpg,..\data\processed\yolo_sahi_crop_classifier\crops\000837_880c006d31a5f5a32f22ae8807f52156.jpg,2677830661,331,275,478,637,bottle,39,0.7419835925102234,0.19924041827040784,False,4
838,aaae2bba01bbc88d916123db851ecaf9.jpg,E:\study\DoAnPython\project\data\raw\train_images\aaae2bba01bbc88d916123db851ecaf9.jpg,..\data\processed\yolo_sahi_crop_classifier\crops\000838_aaae2bba01bbc88d916123db851ecaf9.jpg,2315452163,213,312,383,758,vase,75,0.31616199016571045,0.1020970489224304,False,1
839,e105411b963bbe9506adaa70195dfa16.jpg,E:\study\DoAnPython\project\data\raw\train_images\e105411b963bbe9506adaa70195dfa16.jpg,..\data\processed\yolo_sahi_crop_classifier\crops\000839_e105411b963bbe9506adaa70195dfa16.jpg,686206364,128,0,524,532,person,0,0.9298058748245239,0.558036444860235,False,5
840,96aac51f004d58e7a1910a79830beb6c.jpg,E:\study\DoAnPython\project\data\raw\train_images\96aac51f004d58e7a1910a79830beb6c.jpg,..\data\processed\yolo_sahi_crop_classifier\crops\000840_96aac51f004d58e7a1910a79830beb6c.jpg,961973479,20,263,530,640,sandwich,48,0.6875074505805969,0.44436537040605845,False,5
841,e95b6fe91c813842b3b749614f3292a5.jpg,E:\study\DoAnPython\project\data\raw\train_images\e95b6fe91c813842b3b749614f3292a5.jpg,..\data\processed\yolo_sahi_crop_classifier\crops\000841_e95b6fe91c813842b3b749614f3292a5.jpg,2388758018,0,0,600,600,full_image,-1,0.0,0.0,True,0
842,8bdbd7ca66b21bd722e05ee2c65bfc66.jpg,E:\study\DoAnPython\project\data\raw\train_images\8bdbd7ca66b21bd722e05ee2c65bfc66.jpg,..\data\processed\yolo_sahi_crop_classifier\crops\000842_8bdbd7ca66b21bd722e05ee2c65bfc66.jpg,2386318710,274,41,675,484,traffic light,9,0.4276132881641388,0.20928424339528148,False,4
843,f80def3d4d54da2207fc51607a23216b.jpg,E:\study\DoAnPython\project\data\raw\train_images\f80def3d4d54da2207fc51607a23216b.jpg,..\data\processed\yolo_sahi_crop_classifier\crops\000843_f80def3d4d54da2207fc51607a23216b.jpg,77254707,0,53,116,229,person,0,0.9376301765441895,0.2823904449774144,False,14
844,5ee62d13d49ea74cc3553f8ba5f6220d.jpg,E:\study\DoAnPython\project\data\raw\train_images\5ee62d13d49ea74cc3553f8ba5f6220d.jpg,..\data\processed\yolo_sahi_crop_classifier\crops\000844_5ee62d13d49ea74cc3553f8ba5f6220d.jpg,3936490926,647,543,750,659,bird,14,0.9123972654342651,0.09119725432187285,False,1
845,7d1cdb0b5b3f38dc785d0bd8b5577481.jpg,E:\study\DoAnPython\project\data\raw\train_images\7d1cdb0b5b3f38dc785d0bd8b5577481.jpg,..\data\processed\yolo_sahi_crop_classifier\crops\000845_7d1cdb0b5b3f38dc785d0bd8b5577481.jpg,497926888,169,313,433,707,person,0,0.7821393609046936,0.29336091492645566,False,7
846,aff1d7842b9493896405def330a18be7.jpg,E:\study\DoAnPython\project\data\raw\train_images\aff1d7842b9493896405def330a18be7.jpg,..\data\processed\yolo_sahi_crop_classifier\crops\000846_aff1d7842b9493896405def330a18be7.jpg,2109580117,32,326,530,682,cat,15,0.469509094953537,0.2156766064305614,False,1
847,4812fb6e1ae20c4a405160181f62e1a8.jpg,E:\study\DoAnPython\project\data\raw\train_images\4812fb6e1ae20c4a405160181f62e1a8.jpg,..\data\processed\yolo_sahi_crop_classifier\crops\000847_4812fb6e1ae20c4a405160181f62e1a8.jpg,3402545085,340,187,553,574,cake,55,0.7434661984443665,0.31049529005952287,False,6
848,2eb7775a427da3a97a92c72194e50d9e.jpg,E:\study\DoAnPython\project\data\raw\train_images\2eb7775a427da3a97a92c72194e50d9e.jpg,..\data\processed\yolo_sahi_crop_classifier\crops\000848_2eb7775a427da3a97a92c72194e50d9e.jpg,3279267225,142,18,863,1013,skateboard,36,0.30121368169784546,0.23114720544565792,False,2
849,846b2d90b4e438576e5bd5cd538e9311.jpg,E:\study\DoAnPython\project\data\raw\train_images\846b2d90b4e438576e5bd5cd538e9311.jpg,..\data\processed\yolo_sahi_crop_classifier\crops\000849_846b2d90b4e438576e5bd5cd538e9311.jpg,2915172498,0,0,500,500,full_image,-1,0.0,0.0,True,0
850,659b2375a7ac35df7640f8e3789d7228.jpg,E:\study\DoAnPython\project\data\raw\train_images\659b2375a7ac35df7640f8e3789d7228.jpg,..\data\processed\yolo_sahi_crop_classifier\crops\000850_659b2375a7ac35df7640f8e3789d7228.jpg,301438036,296,355,389,425,traffic light,9,0.36777326464653015,0.03981197374475239,False,1
851,08ac6ef484386f0e32c20993ea86e699.jpg,E:\study\DoAnPython\project\data\raw\train_images\08ac6ef484386f0e32c20993ea86e699.jpg,..\data\processed\yolo_sahi_crop_classifier\crops\000851_08ac6ef484386f0e32c20993ea86e699.jpg,2083339233,223,342,429,640,person,0,0.916817307472229,0.33510111553849886,False,11
852,5151f5789f34b76094908abece201e32.jpg,E:\study\DoAnPython\project\data\raw\train_images\5151f5789f34b76094908abece201e32.jpg,..\data\processed\yolo_sahi_crop_classifier\crops\000852_5151f5789f34b76094908abece201e32.jpg,634404165,419,148,626,385,suitcase,28,0.7905896902084351,0.20409668504293196,False,10
853,40b6b4488f071f5c2c04e67efc697157.jpg,E:\study\DoAnPython\project\data\raw\train_images\40b6b4488f071f5c2c04e67efc697157.jpg,..\data\processed\yolo_sahi_crop_classifier\crops\000853_40b6b4488f071f5c2c04e67efc697157.jpg,3400674385,272,393,520,938,bottle,39,0.27227693796157837,0.09205766029517662,False,3
854,64ac780d40b5117e1c1b7484e773323f.jpg,E:\study\DoAnPython\project\data\raw\train_images\64ac780d40b5117e1c1b7484e773323f.jpg,..\data\processed\yolo_sahi_crop_classifier\crops\000854_64ac780d40b5117e1c1b7484e773323f.jpg,1680934077,0,0,640,640,full_image,-1,0.0,0.0,True,0
855,7ba1103086fdd10e1c6467c19c23b3f5.jpg,E:\study\DoAnPython\project\data\raw\train_images\7ba1103086fdd10e1c6467c19c23b3f5.jpg,..\data\processed\yolo_sahi_crop_classifier\crops\000855_7ba1103086fdd10e1c6467c19c23b3f5.jpg,2261101373,170,112,668,526,motorcycle,3,0.6310645341873169,0.3797190043638791,False,3
856,848ad4e3ffed1e70f5b67457d25d3fcc.jpg,E:\study\DoAnPython\project\data\raw\train_images\848ad4e3ffed1e70f5b67457d25d3fcc.jpg,..\data\processed\yolo_sahi_crop_classifier\crops\000856_848ad4e3ffed1e70f5b67457d25d3fcc.jpg,1630743196,171,0,687,530,person,0,0.33617353439331055,0.23384078846496087,False,3
857,391ff97a475f7525f89c96859acae8b8.jpg,E:\study\DoAnPython\project\data\raw\train_images\391ff97a475f7525f89c96859acae8b8.jpg,..\data\processed\yolo_sahi_crop_classifier\crops\000857_391ff97a475f7525f89c96859acae8b8.jpg,4195021957,0,306,530,379,book,73,0.41294392943382263,0.12008465536693812,False,1
858,36d4cdd44107131fc148042711df0e46.jpg,E:\study\DoAnPython\project\data\raw\train_images\36d4cdd44107131fc148042711df0e46.jpg,..\data\processed\yolo_sahi_crop_classifier\crops\000858_36d4cdd44107131fc148042711df0e46.jpg,2943190190,20,392,528,910,tie,27,0.778110146522522,0.3616868672191277,False,4
859,e5d5a96f252860398f80e65843884504.jpg,E:\study\DoAnPython\project\data\raw\train_images\e5d5a96f252860398f80e65843884504.jpg,..\data\processed\yolo_sahi_crop_classifier\crops\000859_e5d5a96f252860398f80e65843884504.jpg,4245771399,260,367,413,465,umbrella,25,0.5805782675743103,0.10405015548966033,False,6
860,0f6b6500a30c47f8e1c13cd9c47fbc56.jpg,E:\study\DoAnPython\project\data\raw\train_images\0f6b6500a30c47f8e1c13cd9c47fbc56.jpg,..\data\processed\yolo_sahi_crop_classifier\crops\000860_0f6b6500a30c47f8e1c13cd9c47fbc56.jpg,1651916439,0,0,720,720,full_image,-1,0.0,0.0,True,0
861,1d297f29b59863a0138ccf600fbbea59.jpg,E:\study\DoAnPython\project\data\raw\train_images\1d297f29b59863a0138ccf600fbbea59.jpg,..\data\processed\yolo_sahi_crop_classifier\crops\000861_1d297f29b59863a0138ccf600fbbea59.jpg,1443514486,53,367,697,800,person,0,0.6487167477607727,0.40444770971956256,False,10
862,84e9d8eae064322fe37e948158193216.jpg,E:\study\DoAnPython\project\data\raw\train_images\84e9d8eae064322fe37e948158193216.jpg,..\data\processed\yolo_sahi_crop_classifier\crops\000862_84e9d8eae064322fe37e948158193216.jpg,3499485073,207,330,282,430,person,0,0.8173457980155945,0.0953895709514115,False,2
863,537515f76e3ae21ca9cc86c029902522.jpg,E:\study\DoAnPython\project\data\raw\train_images\537515f76e3ae21ca9cc86c029902522.jpg,..\data\processed\yolo_sahi_crop_classifier\crops\000863_537515f76e3ae21ca9cc86c029902522.jpg,507827129,0,0,300,300,full_image,-1,0.0,0.0,True,0
864,925db90eca40b9b4965115e5e95b102a.jpg,E:\study\DoAnPython\project\data\raw\train_images\925db90eca40b9b4965115e5e95b102a.jpg,..\data\processed\yolo_sahi_crop_classifier\crops\000864_925db90eca40b9b4965115e5e95b102a.jpg,2851765537,363,368,745,625,handbag,26,0.5555581450462341,0.21546108240666817,False,7
865,dd80c348172821d0348b7c014be97b79.jpg,E:\study\DoAnPython\project\data\raw\train_images\dd80c348172821d0348b7c014be97b79.jpg,..\data\processed\yolo_sahi_crop_classifier\crops\000865_dd80c348172821d0348b7c014be97b79.jpg,2675366031,508,502,658,789,vase,75,0.7609491944313049,0.14367306392866425,False,6
866,1898768bdd80aec966e9696f765089d8.jpg,E:\study\DoAnPython\project\data\raw\train_images\1898768bdd80aec966e9696f765089d8.jpg,..\data\processed\yolo_sahi_crop_classifier\crops\000866_1898768bdd80aec966e9696f765089d8.jpg,1024453873,19,116,468,451,scissors,76,0.35768210887908936,0.2012637060422687,False,1
867,6f91157b1ea5223b392c4976f23db112.jpg,E:\study\DoAnPython\project\data\raw\train_images\6f91157b1ea5223b392c4976f23db112.jpg,..\data\processed\yolo_sahi_crop_classifier\crops\000867_6f91157b1ea5223b392c4976f23db112.jpg,998735098,242,130,471,363,book,73,0.46013495326042175,0.1413210493332035,False,2
868,f0040779cf26587f1eaba62942b732f7.jpg,E:\study\DoAnPython\project\data\raw\train_images\f0040779cf26587f1eaba62942b732f7.jpg,..\data\processed\yolo_sahi_crop_classifier\crops\000868_f0040779cf26587f1eaba62942b732f7.jpg,2651648650,0,77,332,306,person,0,0.5885646939277649,0.2160562407030267,False,10
869,f1a91f3f153326e012db4c09eaadfa43.jpg,E:\study\DoAnPython\project\data\raw\train_images\f1a91f3f153326e012db4c09eaadfa43.jpg,..\data\processed\yolo_sahi_crop_classifier\crops\000869_f1a91f3f153326e012db4c09eaadfa43.jpg,465521228,63,78,527,517,potted plant,58,0.2637186348438263,0.1394748065847369,False,3
870,3879dd322076ae80c9c45b5f01f88d9e.jpg,E:\study\DoAnPython\project\data\raw\train_images\3879dd322076ae80c9c45b5f01f88d9e.jpg,..\data\processed\yolo_sahi_crop_classifier\crops\000870_3879dd322076ae80c9c45b5f01f88d9e.jpg,1867898376,0,0,640,640,full_image,-1,0.0,0.0,True,0
871,a73ace2b6dee64fc457d61d4447bc7f9.jpg,E:\study\DoAnPython\project\data\raw\train_images\a73ace2b6dee64fc457d61d4447bc7f9.jpg,..\data\processed\yolo_sahi_crop_classifier\crops\000871_a73ace2b6dee64fc457d61d4447bc7f9.jpg,521847529,260,305,805,903,traffic light,9,0.5456212162971497,0.2818330133652219,False,4
872,a4764d9f8957e88690b8ce0b021ff012.jpg,E:\study\DoAnPython\project\data\raw\train_images\a4764d9f8957e88690b8ce0b021ff012.jpg,..\data\processed\yolo_sahi_crop_classifier\crops\000872_a4764d9f8957e88690b8ce0b021ff012.jpg,4037837173,270,174,446,567,vase,75,0.8472858667373657,0.28791601453394394,False,1
873,0a04ec671bd0dac0d024b13c9eeb2e94.jpg,E:\study\DoAnPython\project\data\raw\train_images\0a04ec671bd0dac0d024b13c9eeb2e94.jpg,..\data\processed\yolo_sahi_crop_classifier\crops\000873_0a04ec671bd0dac0d024b13c9eeb2e94.jpg,933920469,398,278,762,521,frisbee,29,0.6478382349014282,0.17446817921306848,False,5
874,63eb739d5ec8346fa6c0010fce8fc1c1.jpg,E:\study\DoAnPython\project\data\raw\train_images\63eb739d5ec8346fa6c0010fce8fc1c1.jpg,..\data\processed\yolo_sahi_crop_classifier\crops\000874_63eb739d5ec8346fa6c0010fce8fc1c1.jpg,129257769,162,353,361,583,person,0,0.49899470806121826,0.17345616353672152,False,6
875,a40f89fae4f170b8571a5cd7ee42dc87.jpg,E:\study\DoAnPython\project\data\raw\train_images\a40f89fae4f170b8571a5cd7ee42dc87.jpg,..\data\processed\yolo_sahi_crop_classifier\crops\000875_a40f89fae4f170b8571a5cd7ee42dc87.jpg,3501017768,313,122,519,301,stop sign,11,0.638270914554596,0.15873818414024252,False,2
876,7e7594129a8ba3435c2dce7ad46b6dfd.jpg,E:\study\DoAnPython\project\data\raw\train_images\7e7594129a8ba3435c2dce7ad46b6dfd.jpg,..\data\processed\yolo_sahi_crop_classifier\crops\000876_7e7594129a8ba3435c2dce7ad46b6dfd.jpg,3569479734,0,5,584,584,cake,55,0.4492635726928711,0.4303663695831139,False,6
877,8154e39f4c2a04be84d0ab7d29e83ac5.jpg,E:\study\DoAnPython\project\data\raw\train_images\8154e39f4c2a04be84d0ab7d29e83ac5.jpg,..\data\processed\yolo_sahi_crop_classifier\crops\000877_8154e39f4c2a04be84d0ab7d29e83ac5.jpg,535420180,260,415,377,640,person,0,0.8903707265853882,0.21197954206779465,False,15
878,bc25a9dcac107a6a11a253d9bb961172.jpg,E:\study\DoAnPython\project\data\raw\train_images\bc25a9dcac107a6a11a253d9bb961172.jpg,..\data\processed\yolo_sahi_crop_classifier\crops\000878_bc25a9dcac107a6a11a253d9bb961172.jpg,2656625015,337,100,685,527,person,0,0.8570302724838257,0.4114748724163591,False,3
879,df163893cbd76f9bb41b7f4ed9fd81c4.jpg,E:\study\DoAnPython\project\data\raw\train_images\df163893cbd76f9bb41b7f4ed9fd81c4.jpg,..\data\processed\yolo_sahi_crop_classifier\crops\000879_df163893cbd76f9bb41b7f4ed9fd81c4.jpg,1211704536,0,112,532,527,dining table,60,0.2698305547237396,0.18700446111228516,False,4
880,2a22fc4fd69a8ac76e591fe9985c1dcc.jpg,E:\study\DoAnPython\project\data\raw\train_images\2a22fc4fd69a8ac76e591fe9985c1dcc.jpg,..\data\processed\yolo_sahi_crop_classifier\crops\000880_2a22fc4fd69a8ac76e591fe9985c1dcc.jpg,2253967885,39,33,133,459,vase,75,0.6855531930923462,0.2671742344232104,False,3
881,441a6bdbb0cfedb61ee43a6f85a8ef41.jpg,E:\study\DoAnPython\project\data\raw\train_images\441a6bdbb0cfedb61ee43a6f85a8ef41.jpg,..\data\processed\yolo_sahi_crop_classifier\crops\000881_441a6bdbb0cfedb61ee43a6f85a8ef41.jpg,3621180500,205,212,830,960,person,0,0.8860036134719849,0.5946523229802354,False,8
882,769e01512ed84dad7eb5907f91bad4e8.jpg,E:\study\DoAnPython\project\data\raw\train_images\769e01512ed84dad7eb5907f91bad4e8.jpg,..\data\processed\yolo_sahi_crop_classifier\crops\000882_769e01512ed84dad7eb5907f91bad4e8.jpg,4277487223,456,248,990,709,cup,41,0.8582273125648499,0.3949636314774787,False,14
883,ca9f16814d08d62e1c4f16f980ac1de2.jpg,E:\study\DoAnPython\project\data\raw\train_images\ca9f16814d08d62e1c4f16f980ac1de2.jpg,..\data\processed\yolo_sahi_crop_classifier\crops\000883_ca9f16814d08d62e1c4f16f980ac1de2.jpg,3229372718,17,276,377,682,book,73,0.3211776912212372,0.1625977335681155,False,4
884,4ec303c52a6f447e98b275ccd1247243.jpg,E:\study\DoAnPython\project\data\raw\train_images\4ec303c52a6f447e98b275ccd1247243.jpg,..\data\processed\yolo_sahi_crop_classifier\crops\000884_4ec303c52a6f447e98b275ccd1247243.jpg,2426743375,0,0,124,125,stop sign,11,0.9652156233787537,0.18173043961220298,False,1
885,5353818cab8501b55d5b44a52c928d55.jpg,E:\study\DoAnPython\project\data\raw\train_images\5353818cab8501b55d5b44a52c928d55.jpg,..\data\processed\yolo_sahi_crop_classifier\crops\000885_5353818cab8501b55d5b44a52c928d55.jpg,784759211,52,178,528,463,cake,55,0.36772406101226807,0.17978691456887833,False,1
886,7eb232e1dc1806a002c3df4cc8b78f18.jpg,E:\study\DoAnPython\project\data\raw\train_images\7eb232e1dc1806a002c3df4cc8b78f18.jpg,..\data\processed\yolo_sahi_crop_classifier\crops\000886_7eb232e1dc1806a002c3df4cc8b78f18.jpg,3113678103,275,393,494,800,bottle,39,0.5230458974838257,0.1844339491244172,False,7
887,269eafa190c53c90f2941d076b18a5bd.jpg,E:\study\DoAnPython\project\data\raw\train_images\269eafa190c53c90f2941d076b18a5bd.jpg,..\data\processed\yolo_sahi_crop_classifier\crops\000887_269eafa190c53c90f2941d076b18a5bd.jpg,3728839338,87,231,171,515,bottle,39,0.84590083360672,0.18966567620767477,False,7
888,b1fa412264b395379dd4f93cd5dd36bb.jpg,E:\study\DoAnPython\project\data\raw\train_images\b1fa412264b395379dd4f93cd5dd36bb.jpg,..\data\processed\yolo_sahi_crop_classifier\crops\000888_b1fa412264b395379dd4f93cd5dd36bb.jpg,1218216866,110,0,640,531,person,0,0.7955214381217957,0.6308233342273795,False,3
889,d2a7a1c5ea54c6bd54d8d63b64a516e6.jpg,E:\study\DoAnPython\project\data\raw\train_images\d2a7a1c5ea54c6bd54d8d63b64a516e6.jpg,..\data\processed\yolo_sahi_crop_classifier\crops\000889_d2a7a1c5ea54c6bd54d8d63b64a516e6.jpg,911794515,111,33,605,529,person,0,0.8892436623573303,0.6377529255403933,False,1
890,63533b488f32c3f6cb719615c63a8a70.jpg,E:\study\DoAnPython\project\data\raw\train_images\63533b488f32c3f6cb719615c63a8a70.jpg,..\data\processed\yolo_sahi_crop_classifier\crops\000890_63533b488f32c3f6cb719615c63a8a70.jpg,639035430,36,108,122,194,cake,55,0.5093382000923157,0.1358235200246175,False,1
891,2520620b394bec2b5ae6f8807580dcea.jpg,E:\study\DoAnPython\project\data\raw\train_images\2520620b394bec2b5ae6f8807580dcea.jpg,..\data\processed\yolo_sahi_crop_classifier\crops\000891_2520620b394bec2b5ae6f8807580dcea.jpg,963181695,30,57,293,307,motorcycle,3,0.43768545985221863,0.16304563630625374,False,7
892,a4c84257f73e024a9f24131149f0df76.jpg,E:\study\DoAnPython\project\data\raw\train_images\a4c84257f73e024a9f24131149f0df76.jpg,..\data\processed\yolo_sahi_crop_classifier\crops\000892_a4c84257f73e024a9f24131149f0df76.jpg,540661131,340,50,516,529,refrigerator,72,0.7308036684989929,0.3084769187784758,False,1
893,30aa86e486c57783a85a97165b42dbac.jpg,E:\study\DoAnPython\project\data\raw\train_images\30aa86e486c57783a85a97165b42dbac.jpg,..\data\processed\yolo_sahi_crop_classifier\crops\000893_30aa86e486c57783a85a97165b42dbac.jpg,1642169802,168,184,700,700,bed,59,0.4210283160209656,0.29643637395083233,False,3
894,e812b0e03a7fc77ce2835a7858e59403.jpg,E:\study\DoAnPython\project\data\raw\train_images\e812b0e03a7fc77ce2835a7858e59403.jpg,..\data\processed\yolo_sahi_crop_classifier\crops\000894_e812b0e03a7fc77ce2835a7858e59403.jpg,3710262094,115,102,515,526,book,73,0.4248279333114624,0.25412808957703836,False,4
895,0bbf44cd5adf25388cb1e3559a89a51e.jpg,E:\study\DoAnPython\project\data\raw\train_images\0bbf44cd5adf25388cb1e3559a89a51e.jpg,..\data\processed\yolo_sahi_crop_classifier\crops\000895_0bbf44cd5adf25388cb1e3559a89a51e.jpg,3566010337,224,19,346,313,bottle,39,0.3563956916332245,0.1396637216286962,False,2
896,c739a327dbeca472089a5195e898cce4.jpg,E:\study\DoAnPython\project\data\raw\train_images\c739a327dbeca472089a5195e898cce4.jpg,..\data\processed\yolo_sahi_crop_classifier\crops\000896_c739a327dbeca472089a5195e898cce4.jpg,3717044186,144,0,623,733,suitcase,28,0.51529860496521,0.38303562513198003,False,2
897,d45862d4fce979f80a60d34b2914214d.jpg,E:\study\DoAnPython\project\data\raw\train_images\d45862d4fce979f80a60d34b2914214d.jpg,..\data\processed\yolo_sahi_crop_classifier\crops\000897_d45862d4fce979f80a60d34b2914214d.jpg,3384883937,639,547,931,793,baseball glove,35,0.4339872896671295,0.10554287719033145,False,5
898,1a062f4046d3a92f29675dda426e2be6.jpg,E:\study\DoAnPython\project\data\raw\train_images\1a062f4046d3a92f29675dda426e2be6.jpg,..\data\processed\yolo_sahi_crop_classifier\crops\000898_1a062f4046d3a92f29675dda426e2be6.jpg,574122605,170,0,290,252,person,0,0.7945107221603394,0.4201967614453679,False,4
899,551d5ad532d4e4be25860791cbc8e27a.jpg,E:\study\DoAnPython\project\data\raw\train_images\551d5ad532d4e4be25860791cbc8e27a.jpg,..\data\processed\yolo_sahi_crop_classifier\crops\000899_551d5ad532d4e4be25860791cbc8e27a.jpg,3857576768,248,0,956,1024,book,73,0.6780440807342529,0.531994866073824,False,4
900,5cea37ed184157bdc192dad69da0e761.jpg,E:\study\DoAnPython\project\data\raw\train_images\5cea37ed184157bdc192dad69da0e761.jpg,..\data\processed\yolo_sahi_crop_classifier\crops\000900_5cea37ed184157bdc192dad69da0e761.jpg,133933733,4,0,931,931,refrigerator,72,0.7510099411010742,0.7101896077332088,False,16
901,ea725e11c0f3c448ddc24dc3eaf81c11.jpg,E:\study\DoAnPython\project\data\raw\train_images\ea725e11c0f3c448ddc24dc3eaf81c11.jpg,..\data\processed\yolo_sahi_crop_classifier\crops\000901_ea725e11c0f3c448ddc24dc3eaf81c11.jpg,1406531816,131,194,435,454,cup,41,0.2791488468647003,0.11394311846753048,False,1
902,7181736109581ac656d973a14c9b53fd.jpg,E:\study\DoAnPython\project\data\raw\train_images\7181736109581ac656d973a14c9b53fd.jpg,..\data\processed\yolo_sahi_crop_classifier\crops\000902_7181736109581ac656d973a14c9b53fd.jpg,4094593850,24,166,342,559,vase,75,0.6701592206954956,0.3441837096761215,False,3
903,e6022e6307306847fd64a8d155473129.jpg,E:\study\DoAnPython\project\data\raw\train_images\e6022e6307306847fd64a8d155473129.jpg,..\data\processed\yolo_sahi_crop_classifier\crops\000903_e6022e6307306847fd64a8d155473129.jpg,4245771399,124,385,244,640,person,0,0.4318830668926239,0.11155527913682181,False,10
904,e33001f36a27d58eabeeb6024c9e21e1.jpg,E:\study\DoAnPython\project\data\raw\train_images\e33001f36a27d58eabeeb6024c9e21e1.jpg,..\data\processed\yolo_sahi_crop_classifier\crops\000904_e33001f36a27d58eabeeb6024c9e21e1.jpg,3542086254,38,0,761,999,person,0,0.7083825469017029,0.5546409237500187,False,10
905,ce13eaa87b0c4757d885c9acee36a070.jpg,E:\study\DoAnPython\project\data\raw\train_images\ce13eaa87b0c4757d885c9acee36a070.jpg,..\data\processed\yolo_sahi_crop_classifier\crops\000905_ce13eaa87b0c4757d885c9acee36a070.jpg,398861944,198,198,421,524,person,0,0.8552498817443848,0.2138364160919034,False,10
906,e2716114b8ff17dc93d3b0b8654355f6.jpg,E:\study\DoAnPython\project\data\raw\train_images\e2716114b8ff17dc93d3b0b8654355f6.jpg,..\data\processed\yolo_sahi_crop_classifier\crops\000906_e2716114b8ff17dc93d3b0b8654355f6.jpg,1797930186,0,0,336,640,person,0,0.8422101140022278,0.5899464303686076,False,6
907,7ce316ff787ae6607f53e3136f8efb2b.jpg,E:\study\DoAnPython\project\data\raw\train_images\7ce316ff787ae6607f53e3136f8efb2b.jpg,..\data\processed\yolo_sahi_crop_classifier\crops\000907_7ce316ff787ae6607f53e3136f8efb2b.jpg,1986364708,445,138,523,546,bottle,39,0.7103589773178101,0.18563491312585725,False,9
908,974c98c986ca49b9a63412b8ac0ccd9b.jpg,E:\study\DoAnPython\project\data\raw\train_images\974c98c986ca49b9a63412b8ac0ccd9b.jpg,..\data\processed\yolo_sahi_crop_classifier\crops\000908_974c98c986ca49b9a63412b8ac0ccd9b.jpg,3084987355,34,142,379,694,refrigerator,72,0.4525619149208069,0.2621002649953099,False,4
909,10222ba2dc92a4c2f31a6639844fabf2.jpg,E:\study\DoAnPython\project\data\raw\train_images\10222ba2dc92a4c2f31a6639844fabf2.jpg,..\data\processed\yolo_sahi_crop_classifier\crops\000909_10222ba2dc92a4c2f31a6639844fabf2.jpg,1007825488,11,0,216,637,bottle,39,0.6873156428337097,0.3635536950987608,False,7
910,d22c8a3271f068c5e19e5d8001fa13ff.jpg,E:\study\DoAnPython\project\data\raw\train_images\d22c8a3271f068c5e19e5d8001fa13ff.jpg,..\data\processed\yolo_sahi_crop_classifier\crops\000910_d22c8a3271f068c5e19e5d8001fa13ff.jpg,2565517478,44,188,605,636,person,0,0.5479710102081299,0.3986053617416012,False,4
911,021f1065b0e71fa64dd990243d813797.jpg,E:\study\DoAnPython\project\data\raw\train_images\021f1065b0e71fa64dd990243d813797.jpg,..\data\processed\yolo_sahi_crop_classifier\crops\000911_021f1065b0e71fa64dd990243d813797.jpg,1961901267,20,71,518,526,toilet,61,0.6205713152885437,0.42865006583973725,False,5
912,95bd0071888bd6d5f65c670d734c860d.jpg,E:\study\DoAnPython\project\data\raw\train_images\95bd0071888bd6d5f65c670d734c860d.jpg,..\data\processed\yolo_sahi_crop_classifier\crops\000912_95bd0071888bd6d5f65c670d734c860d.jpg,1514327608,0,100,679,872,person,0,0.49705520272254944,0.3275591506229223,False,5
913,4200b564bc239ecea0449e55da04ad8b.jpg,E:\study\DoAnPython\project\data\raw\train_images\4200b564bc239ecea0449e55da04ad8b.jpg,..\data\processed\yolo_sahi_crop_classifier\crops\000913_4200b564bc239ecea0449e55da04ad8b.jpg,2693523482,463,356,868,745,book,73,0.45133286714553833,0.1621684027488456,False,7
914,cf54df50664ab35bade8b25f13e90957.jpg,E:\study\DoAnPython\project\data\raw\train_images\cf54df50664ab35bade8b25f13e90957.jpg,..\data\processed\yolo_sahi_crop_classifier\crops\000914_cf54df50664ab35bade8b25f13e90957.jpg,193305108,370,69,600,600,person,0,0.7964739203453064,0.44565782292900663,False,5
915,633722a1543a13848942a3502a825a0a.jpg,E:\study\DoAnPython\project\data\raw\train_images\633722a1543a13848942a3502a825a0a.jpg,..\data\processed\yolo_sahi_crop_classifier\crops\000915_633722a1543a13848942a3502a825a0a.jpg,2802729758,0,0,518,530,person,0,0.9451506733894348,0.4587294275564243,False,4
916,ec376f112e00edf806c02687fd533550.jpg,E:\study\DoAnPython\project\data\raw\train_images\ec376f112e00edf806c02687fd533550.jpg,..\data\processed\yolo_sahi_crop_classifier\crops\000916_ec376f112e00edf806c02687fd533550.jpg,3111883981,236,168,463,700,bottle,39,0.7449202537536621,0.34565112309583035,False,1
917,0daec93db1b9b55fe3116bbcfc380d22.jpg,E:\study\DoAnPython\project\data\raw\train_images\0daec93db1b9b55fe3116bbcfc380d22.jpg,..\data\processed\yolo_sahi_crop_classifier\crops\000917_0daec93db1b9b55fe3116bbcfc380d22.jpg,3400865074,774,432,1191,838,clock,74,0.5499321818351746,0.16136717196332126,False,8
918,1386b43bbeabc6d29c17981fff78ecf5.jpg,E:\study\DoAnPython\project\data\raw\train_images\1386b43bbeabc6d29c17981fff78ecf5.jpg,..\data\processed\yolo_sahi_crop_classifier\crops\000918_1386b43bbeabc6d29c17981fff78ecf5.jpg,2610709303,108,3,640,530,toilet,61,0.35550564527511597,0.2773997371072765,False,1
919,3903cc65e43e19a3ad19a6d1c9673413.jpg,E:\study\DoAnPython\project\data\raw\train_images\3903cc65e43e19a3ad19a6d1c9673413.jpg,..\data\processed\yolo_sahi_crop_classifier\crops\000919_3903cc65e43e19a3ad19a6d1c9673413.jpg,1438266755,38,17,365,580,book,73,0.5790407657623291,0.28813187925425615,False,4
920,c9fb0ff9f3a3c9c7d5ef2cf3a97cd565.jpg,E:\study\DoAnPython\project\data\raw\train_images\c9fb0ff9f3a3c9c7d5ef2cf3a97cd565.jpg,..\data\processed\yolo_sahi_crop_classifier\crops\000920_c9fb0ff9f3a3c9c7d5ef2cf3a97cd565.jpg,3557014848,24,693,255,926,frisbee,29,0.46137726306915283,0.0973207234514555,False,9
921,752f6f11de7bb60ae0fe19cd8872d023.jpg,E:\study\DoAnPython\project\data\raw\train_images\752f6f11de7bb60ae0fe19cd8872d023.jpg,..\data\processed\yolo_sahi_crop_classifier\crops\000921_752f6f11de7bb60ae0fe19cd8872d023.jpg,1783227262,358,294,688,608,cup,41,0.9101378917694092,0.3603399243726267,False,4
922,f70ce997f9c41a3b1565caacd08ee293.jpg,E:\study\DoAnPython\project\data\raw\train_images\f70ce997f9c41a3b1565caacd08ee293.jpg,..\data\processed\yolo_sahi_crop_classifier\crops\000922_f70ce997f9c41a3b1565caacd08ee293.jpg,989698886,150,267,909,744,book,73,0.7081851959228516,0.38594588331848545,False,4
923,e4a177d5e88686aa20e194f44da83163.jpg,E:\study\DoAnPython\project\data\raw\train_images\e4a177d5e88686aa20e194f44da83163.jpg,..\data\processed\yolo_sahi_crop_classifier\crops\000923_e4a177d5e88686aa20e194f44da83163.jpg,803155131,75,514,524,834,cup,41,0.7139230966567993,0.2457693015452869,False,6
924,9d9c467e64b7283a418dde340dfdcfee.jpg,E:\study\DoAnPython\project\data\raw\train_images\9d9c467e64b7283a418dde340dfdcfee.jpg,..\data\processed\yolo_sahi_crop_classifier\crops\000924_9d9c467e64b7283a418dde340dfdcfee.jpg,3398155009,0,0,640,640,full_image,-1,0.0,0.0,True,0
925,6f020854ed65ef1c7c9355a892ed4316.jpg,E:\study\DoAnPython\project\data\raw\train_images\6f020854ed65ef1c7c9355a892ed4316.jpg,..\data\processed\yolo_sahi_crop_classifier\crops\000925_6f020854ed65ef1c7c9355a892ed4316.jpg,1198512218,150,65,318,570,surfboard,37,0.4625159800052643,0.19547692059078467,False,2
926,ec46e152a5bd3c26b74ea69dd1091cb0.jpg,E:\study\DoAnPython\project\data\raw\train_images\ec46e152a5bd3c26b74ea69dd1091cb0.jpg,..\data\processed\yolo_sahi_crop_classifier\crops\000926_ec46e152a5bd3c26b74ea69dd1091cb0.jpg,849367919,194,60,700,257,book,73,0.33605268597602844,0.14154081129798368,False,1
927,add32820d60c99238230748e8c65d069.jpg,E:\study\DoAnPython\project\data\raw\train_images\add32820d60c99238230748e8c65d069.jpg,..\data\processed\yolo_sahi_crop_classifier\crops\000927_add32820d60c99238230748e8c65d069.jpg,1163728238,166,49,525,528,book,73,0.28970304131507874,0.17425096934720843,False,1
928,063444f0f4eab476bd99b9c593c242f1.jpg,E:\study\DoAnPython\project\data\raw\train_images\063444f0f4eab476bd99b9c593c242f1.jpg,..\data\processed\yolo_sahi_crop_classifier\crops\000928_063444f0f4eab476bd99b9c593c242f1.jpg,710702403,416,271,772,761,scissors,76,0.40383681654930115,0.1953893189278978,False,4
929,afd5e116542771ace984f2d065831227.jpg,E:\study\DoAnPython\project\data\raw\train_images\afd5e116542771ace984f2d065831227.jpg,..\data\processed\yolo_sahi_crop_classifier\crops\000929_afd5e116542771ace984f2d065831227.jpg,1285119273,5,100,250,522,cell phone,67,0.45628151297569275,0.2126712878897063,False,2
930,7722af9699bd286c25bee343dde77b06.jpg,E:\study\DoAnPython\project\data\raw\train_images\7722af9699bd286c25bee343dde77b06.jpg,..\data\processed\yolo_sahi_crop_classifier\crops\000930_7722af9699bd286c25bee343dde77b06.jpg,2964773552,306,287,518,519,remote,65,0.3077961206436157,0.0994586679786728,False,1
931,4076d0f1437ced0317231eba9b3ce081.jpg,E:\study\DoAnPython\project\data\raw\train_images\4076d0f1437ced0317231eba9b3ce081.jpg,..\data\processed\yolo_sahi_crop_classifier\crops\000931_4076d0f1437ced0317231eba9b3ce081.jpg,1848821749,40,496,375,601,baseball bat,34,0.37416183948516846,0.08206676170965446,False,2
932,150da9541b9973479e1979f2091a3f43.jpg,E:\study\DoAnPython\project\data\raw\train_images\150da9541b9973479e1979f2091a3f43.jpg,..\data\processed\yolo_sahi_crop_classifier\crops\000932_150da9541b9973479e1979f2091a3f43.jpg,3729079989,25,161,244,543,refrigerator,72,0.6558900475502014,0.2747266035347242,False,1
933,14d48b3e7d1c2cffcf92521ef6d49760.jpg,E:\study\DoAnPython\project\data\raw\train_images\14d48b3e7d1c2cffcf92521ef6d49760.jpg,..\data\processed\yolo_sahi_crop_classifier\crops\000933_14d48b3e7d1c2cffcf92521ef6d49760.jpg,4006843679,118,172,506,525,person,0,0.9229242205619812,0.49477892899535003,False,1
934,d129be3a171d3351afac7cbf85c0016a.jpg,E:\study\DoAnPython\project\data\raw\train_images\d129be3a171d3351afac7cbf85c0016a.jpg,..\data\processed\yolo_sahi_crop_classifier\crops\000934_d129be3a171d3351afac7cbf85c0016a.jpg,871679006,212,358,317,427,vase,75,0.43985095620155334,0.06746493824865397,False,2
935,bfb84f8547f15613c2c56e927fe8864a.jpg,E:\study\DoAnPython\project\data\raw\train_images\bfb84f8547f15613c2c56e927fe8864a.jpg,..\data\processed\yolo_sahi_crop_classifier\crops\000935_bfb84f8547f15613c2c56e927fe8864a.jpg,98592019,184,287,458,640,person,0,0.9359720349311829,0.42468683582720107,False,14
936,571e459e19e4a5d1008b4328e114b2ed.jpg,E:\study\DoAnPython\project\data\raw\train_images\571e459e19e4a5d1008b4328e114b2ed.jpg,..\data\processed\yolo_sahi_crop_classifier\crops\000936_571e459e19e4a5d1008b4328e114b2ed.jpg,3958038320,407,546,599,723,sports ball,32,0.663465142250061,0.1421281479015331,False,10
937,64866931919741f037d5fea5798d9ce8.jpg,E:\study\DoAnPython\project\data\raw\train_images\64866931919741f037d5fea5798d9ce8.jpg,..\data\processed\yolo_sahi_crop_classifier\crops\000937_64866931919741f037d5fea5798d9ce8.jpg,1666545703,41,0,529,530,refrigerator,72,0.4151243567466736,0.30958700822962987,False,2
938,a673cc690cf914577e675d321d051d64.jpg,E:\study\DoAnPython\project\data\raw\train_images\a673cc690cf914577e675d321d051d64.jpg,..\data\processed\yolo_sahi_crop_classifier\crops\000938_a673cc690cf914577e675d321d051d64.jpg,3045290642,148,147,462,618,book,73,0.4675914943218231,0.26098693841608106,False,4
939,c5b2b6180559ea2f341c48527031aa33.jpg,E:\study\DoAnPython\project\data\raw\train_images\c5b2b6180559ea2f341c48527031aa33.jpg,..\data\processed\yolo_sahi_crop_classifier\crops\000939_c5b2b6180559ea2f341c48527031aa33.jpg,1918908464,0,7,204,412,person,0,0.9432702660560608,0.3147303263592174,False,20
940,63aed41dc08d30aaf3285fe598da64d1.jpg,E:\study\DoAnPython\project\data\raw\train_images\63aed41dc08d30aaf3285fe598da64d1.jpg,..\data\processed\yolo_sahi_crop_classifier\crops\000940_63aed41dc08d30aaf3285fe598da64d1.jpg,2403374241,0,0,300,300,full_image,-1,0.0,0.0,True,0
941,65e127d8c3bf1125247a23423fa3829e.jpg,E:\study\DoAnPython\project\data\raw\train_images\65e127d8c3bf1125247a23423fa3829e.jpg,..\data\processed\yolo_sahi_crop_classifier\crops\000941_65e127d8c3bf1125247a23423fa3829e.jpg,2252321213,0,0,1000,1000,full_image,-1,0.0,0.0,True,0
942,bffcbfc5c94c38952de0c4c091114b3a.jpg,E:\study\DoAnPython\project\data\raw\train_images\bffcbfc5c94c38952de0c4c091114b3a.jpg,..\data\processed\yolo_sahi_crop_classifier\crops\000942_bffcbfc5c94c38952de0c4c091114b3a.jpg,1480080250,149,207,298,498,cup,41,0.6759144067764282,0.20497635919392304,False,1
943,aaca3425137e611b60fbeeb0bc3c767e.jpg,E:\study\DoAnPython\project\data\raw\train_images\aaca3425137e611b60fbeeb0bc3c767e.jpg,..\data\processed\yolo_sahi_crop_classifier\crops\000943_aaca3425137e611b60fbeeb0bc3c767e.jpg,957199633,431,171,614,340,umbrella,25,0.7617214918136597,0.16618971907116162,False,7
944,cd89ef5f934de281ef9dc0694a0a6b0d.jpg,E:\study\DoAnPython\project\data\raw\train_images\cd89ef5f934de281ef9dc0694a0a6b0d.jpg,..\data\processed\yolo_sahi_crop_classifier\crops\000944_cd89ef5f934de281ef9dc0694a0a6b0d.jpg,1815525994,393,496,940,970,person,0,0.7326759696006775,0.33794210817659515,False,5
945,b341bb06bfa79abc85f0c151577b4121.jpg,E:\study\DoAnPython\project\data\raw\train_images\b341bb06bfa79abc85f0c151577b4121.jpg,..\data\processed\yolo_sahi_crop_classifier\crops\000945_b341bb06bfa79abc85f0c151577b4121.jpg,931115126,443,456,539,514,clock,74,0.40689605474472046,0.028366229585948463,False,2
946,751cd3734ed25600869cd6b4cb02c589.jpg,E:\study\DoAnPython\project\data\raw\train_images\751cd3734ed25600869cd6b4cb02c589.jpg,..\data\processed\yolo_sahi_crop_classifier\crops\000946_751cd3734ed25600869cd6b4cb02c589.jpg,3039519759,159,223,522,667,cake,55,0.5002319812774658,0.2588823939651645,False,1
947,2313295f1494f39e2026d98498573042.jpg,E:\study\DoAnPython\project\data\raw\train_images\2313295f1494f39e2026d98498573042.jpg,..\data\processed\yolo_sahi_crop_classifier\crops\000947_2313295f1494f39e2026d98498573042.jpg,3619569844,37,3,174,236,bottle,39,0.8340741395950317,0.3978846085694514,False,2
948,dfb03b81a694a1e269079fdb3964c70d.jpg,E:\study\DoAnPython\project\data\raw\train_images\dfb03b81a694a1e269079fdb3964c70d.jpg,..\data\processed\yolo_sahi_crop_classifier\crops\000948_dfb03b81a694a1e269079fdb3964c70d.jpg,3907876067,147,136,491,617,vase,75,0.3660641610622406,0.21632463956897538,False,2
949,4d8d8827bc21dd44e1a8e6740133b09c.jpg,E:\study\DoAnPython\project\data\raw\train_images\4d8d8827bc21dd44e1a8e6740133b09c.jpg,..\data\processed\yolo_sahi_crop_classifier\crops\000949_4d8d8827bc21dd44e1a8e6740133b09c.jpg,3900142112,617,393,876,897,tie,27,0.3088897168636322,0.10130594726343907,False,3
950,b6506a05247776b2a6437db3fccb0588.jpg,E:\study\DoAnPython\project\data\raw\train_images\b6506a05247776b2a6437db3fccb0588.jpg,..\data\processed\yolo_sahi_crop_classifier\crops\000950_b6506a05247776b2a6437db3fccb0588.jpg,155268050,0,54,365,639,vase,75,0.6577224731445312,0.3982393053094203,False,6
951,5aab2e25be6c266411beea4b0fd46f6c.jpg,E:\study\DoAnPython\project\data\raw\train_images\5aab2e25be6c266411beea4b0fd46f6c.jpg,..\data\processed\yolo_sahi_crop_classifier\crops\000951_5aab2e25be6c266411beea4b0fd46f6c.jpg,3068315669,291,66,514,779,vase,75,0.2749948799610138,0.13146487243022267,False,2
952,c71863eea4aa2278641fc2778d2625c7.jpg,E:\study\DoAnPython\project\data\raw\train_images\c71863eea4aa2278641fc2778d2625c7.jpg,..\data\processed\yolo_sahi_crop_classifier\crops\000952_c71863eea4aa2278641fc2778d2625c7.jpg,2153893248,0,172,200,951,person,0,0.8665096759796143,0.3371708236076092,False,19
953,f0cc76e4215370e0974c6956e73d86b0.jpg,E:\study\DoAnPython\project\data\raw\train_images\f0cc76e4215370e0974c6956e73d86b0.jpg,..\data\processed\yolo_sahi_crop_classifier\crops\000953_f0cc76e4215370e0974c6956e73d86b0.jpg,2631092514,283,181,446,659,bottle,39,0.8208037614822388,0.2951799129125795,False,1
954,b008a4cdba179bd430309888fcd4543f.jpg,E:\study\DoAnPython\project\data\raw\train_images\b008a4cdba179bd430309888fcd4543f.jpg,..\data\processed\yolo_sahi_crop_classifier\crops\000954_b008a4cdba179bd430309888fcd4543f.jpg,3105935071,237,392,332,516,person,0,0.692341685295105,0.1099169084582574,False,6
955,07ce73adb509196a76b65fd5dc7b613e.jpg,E:\study\DoAnPython\project\data\raw\train_images\07ce73adb509196a76b65fd5dc7b613e.jpg,..\data\processed\yolo_sahi_crop_classifier\crops\000955_07ce73adb509196a76b65fd5dc7b613e.jpg,3729890874,111,110,610,640,person,0,0.8985885381698608,0.68160110746186,False,3
956,b9d89e445b5cffdea6672b7438d7d765.jpg,E:\study\DoAnPython\project\data\raw\train_images\b9d89e445b5cffdea6672b7438d7d765.jpg,..\data\processed\yolo_sahi_crop_classifier\crops\000956_b9d89e445b5cffdea6672b7438d7d765.jpg,2623425952,0,0,640,640,person,0,0.608209490776062,0.5929121072393551,False,1
957,86cb0b9c7f4b6b20597ffd9ffabf3120.jpg,E:\study\DoAnPython\project\data\raw\train_images\86cb0b9c7f4b6b20597ffd9ffabf3120.jpg,..\data\processed\yolo_sahi_crop_classifier\crops\000957_86cb0b9c7f4b6b20597ffd9ffabf3120.jpg,3789018892,474,470,901,1000,parking meter,12,0.8165749907493591,0.3623532544657847,False,3
958,1f8c2b43cb3c2ad8bfaa714fa79978cc.jpg,E:\study\DoAnPython\project\data\raw\train_images\1f8c2b43cb3c2ad8bfaa714fa79978cc.jpg,..\data\processed\yolo_sahi_crop_classifier\crops\000958_1f8c2b43cb3c2ad8bfaa714fa79978cc.jpg,2256121048,419,6,700,503,person,0,0.5378658175468445,0.27058424607489606,False,13
959,2591b7be5cbe9db99874d85589a53cd2.jpg,E:\study\DoAnPython\project\data\raw\train_images\2591b7be5cbe9db99874d85589a53cd2.jpg,..\data\processed\yolo_sahi_crop_classifier\crops\000959_2591b7be5cbe9db99874d85589a53cd2.jpg,3408803971,504,12,1002,1024,person,0,0.9289422035217285,0.5978244211996318,False,26
960,17dee0d058eaa93b24a78d9c71ce49bd.jpg,E:\study\DoAnPython\project\data\raw\train_images\17dee0d058eaa93b24a78d9c71ce49bd.jpg,..\data\processed\yolo_sahi_crop_classifier\crops\000960_17dee0d058eaa93b24a78d9c71ce49bd.jpg,2533890887,223,96,543,515,vase,75,0.8097881078720093,0.382932150703275,False,3
961,85ce7fc2759911f62e851b45f0aa2c1d.jpg,E:\study\DoAnPython\project\data\raw\train_images\85ce7fc2759911f62e851b45f0aa2c1d.jpg,..\data\processed\yolo_sahi_crop_classifier\crops\000961_85ce7fc2759911f62e851b45f0aa2c1d.jpg,1138974115,267,37,487,530,umbrella,25,0.329057902097702,0.15698766659041855,False,3
962,c67647684ea861266b8075d3c6a577b5.jpg,E:\study\DoAnPython\project\data\raw\train_images\c67647684ea861266b8075d3c6a577b5.jpg,..\data\processed\yolo_sahi_crop_classifier\crops\000962_c67647684ea861266b8075d3c6a577b5.jpg,3702280160,0,254,1024,778,car,2,0.36947891116142273,0.25429234163584385,False,4
963,76d746a7cb2237e476bd4191ace858af.jpg,E:\study\DoAnPython\project\data\raw\train_images\76d746a7cb2237e476bd4191ace858af.jpg,..\data\processed\yolo_sahi_crop_classifier\crops\000963_76d746a7cb2237e476bd4191ace858af.jpg,2808461087,185,0,425,529,person,0,0.9176629781723022,0.47889678073812053,False,1
964,04d3ba459c5b1b260d9106fbb9d50205.jpg,E:\study\DoAnPython\project\data\raw\train_images\04d3ba459c5b1b260d9106fbb9d50205.jpg,..\data\processed\yolo_sahi_crop_classifier\crops\000964_04d3ba459c5b1b260d9106fbb9d50205.jpg,2972201051,488,584,913,897,umbrella,25,0.6228801012039185,0.20622890821310816,False,6
965,d17e2704bb72e04c1a89be823c219279.jpg,E:\study\DoAnPython\project\data\raw\train_images\d17e2704bb72e04c1a89be823c219279.jpg,..\data\processed\yolo_sahi_crop_classifier\crops\000965_d17e2704bb72e04c1a89be823c219279.jpg,195769780,305,108,635,640,person,0,0.9002705216407776,0.5562425652144406,False,5
966,16c7bbd46c73aaf44457b64c593c1833.jpg,E:\study\DoAnPython\project\data\raw\train_images\16c7bbd46c73aaf44457b64c593c1833.jpg,..\data\processed\yolo_sahi_crop_classifier\crops\000966_16c7bbd46c73aaf44457b64c593c1833.jpg,1231123093,183,145,426,600,cup,41,0.6954632997512817,0.33948342985086777,False,3
967,6356826dad2272c102248daa59b16473.jpg,E:\study\DoAnPython\project\data\raw\train_images\6356826dad2272c102248daa59b16473.jpg,..\data\processed\yolo_sahi_crop_classifier\crops\000967_6356826dad2272c102248daa59b16473.jpg,2834073373,324,22,627,602,book,73,0.7239474654197693,0.4398163557850823,False,9
968,a559a6cb1c46eed0fb5aa0bcfa9cd53f.jpg,E:\study\DoAnPython\project\data\raw\train_images\a559a6cb1c46eed0fb5aa0bcfa9cd53f.jpg,..\data\processed\yolo_sahi_crop_classifier\crops\000968_a559a6cb1c46eed0fb5aa0bcfa9cd53f.jpg,1785253130,0,0,640,640,full_image,-1,0.0,0.0,True,0
969,5fc4b5dbc5d5d0c41da424ebf62e3c45.jpg,E:\study\DoAnPython\project\data\raw\train_images\5fc4b5dbc5d5d0c41da424ebf62e3c45.jpg,..\data\processed\yolo_sahi_crop_classifier\crops\000969_5fc4b5dbc5d5d0c41da424ebf62e3c45.jpg,4189236082,113,134,856,985,book,73,0.3278765380382538,0.23607961962830104,False,5
970,c3e9558eb007834e7491486ce14c85a8.jpg,E:\study\DoAnPython\project\data\raw\train_images\c3e9558eb007834e7491486ce14c85a8.jpg,..\data\processed\yolo_sahi_crop_classifier\crops\000970_c3e9558eb007834e7491486ce14c85a8.jpg,98964169,0,59,526,588,person,0,0.8746746778488159,0.7394651209831102,False,3
971,c0fd2adecf269cf063bf76884cdee943.jpg,E:\study\DoAnPython\project\data\raw\train_images\c0fd2adecf269cf063bf76884cdee943.jpg,..\data\processed\yolo_sahi_crop_classifier\crops\000971_c0fd2adecf269cf063bf76884cdee943.jpg,4152471946,362,502,517,823,bottle,39,0.5973330736160278,0.12146081766039787,False,10
972,c506252b92f58614aaaef17ab9ee39a7.jpg,E:\study\DoAnPython\project\data\raw\train_images\c506252b92f58614aaaef17ab9ee39a7.jpg,..\data\processed\yolo_sahi_crop_classifier\crops\000972_c506252b92f58614aaaef17ab9ee39a7.jpg,2879924940,6,186,530,637,book,73,0.6074723601341248,0.42832329475445136,False,2
973,ce93e4a4d6d38f79d6f43cbf8aa839d2.jpg,E:\study\DoAnPython\project\data\raw\train_images\ce93e4a4d6d38f79d6f43cbf8aa839d2.jpg,..\data\processed\yolo_sahi_crop_classifier\crops\000973_ce93e4a4d6d38f79d6f43cbf8aa839d2.jpg,2865554998,0,0,369,718,person,0,0.9461288452148438,0.6573535680117155,False,13
974,d8c3b5a35b750e570acfe2294009add0.jpg,E:\study\DoAnPython\project\data\raw\train_images\d8c3b5a35b750e570acfe2294009add0.jpg,..\data\processed\yolo_sahi_crop_classifier\crops\000974_d8c3b5a35b750e570acfe2294009add0.jpg,1779307795,199,147,347,365,teddy bear,77,0.7276495099067688,0.18982678619644855,False,4
975,e88ba1d8c59b73135c279011252bcc39.jpg,E:\study\DoAnPython\project\data\raw\train_images\e88ba1d8c59b73135c279011252bcc39.jpg,..\data\processed\yolo_sahi_crop_classifier\crops\000975_e88ba1d8c59b73135c279011252bcc39.jpg,1309683060,169,173,700,612,dining table,60,0.3348626494407654,0.21751926635521102,False,7
976,104b8bb559d3467b75c70ba60bd743f8.jpg,E:\study\DoAnPython\project\data\raw\train_images\104b8bb559d3467b75c70ba60bd743f8.jpg,..\data\processed\yolo_sahi_crop_classifier\crops\000976_104b8bb559d3467b75c70ba60bd743f8.jpg,3602809108,147,8,383,529,person,0,0.9038609862327576,0.4603695313113838,False,4
977,823de2396ee5be6c81fb46fa34dfd41f.jpg,E:\study\DoAnPython\project\data\raw\train_images\823de2396ee5be6c81fb46fa34dfd41f.jpg,..\data\processed\yolo_sahi_crop_classifier\crops\000977_823de2396ee5be6c81fb46fa34dfd41f.jpg,1964107584,284,413,505,649,scissors,76,0.5166171193122864,0.137140925939856,False,4
978,bd15714c768f95ec7f9b36ea1ea44482.jpg,E:\study\DoAnPython\project\data\raw\train_images\bd15714c768f95ec7f9b36ea1ea44482.jpg,..\data\processed\yolo_sahi_crop_classifier\crops\000978_bd15714c768f95ec7f9b36ea1ea44482.jpg,571810386,26,95,381,464,suitcase,28,0.6895732879638672,0.3619474029893982,False,3
979,415714d094e33d5b96a75779c093d7d4.jpg,E:\study\DoAnPython\project\data\raw\train_images\415714d094e33d5b96a75779c093d7d4.jpg,..\data\processed\yolo_sahi_crop_classifier\crops\000979_415714d094e33d5b96a75779c093d7d4.jpg,2727489300,317,178,706,891,bottle,39,0.6672245264053345,0.3182924785877789,False,6
980,72bebbe44789688cc4cabf17b9febda4.jpg,E:\study\DoAnPython\project\data\raw\train_images\72bebbe44789688cc4cabf17b9febda4.jpg,..\data\processed\yolo_sahi_crop_classifier\crops\000980_72bebbe44789688cc4cabf17b9febda4.jpg,1745551709,50,0,258,531,person,0,0.8829419612884521,0.4326702430245797,False,5
981,de21c3e9aa14c54924c9e9033c076157.jpg,E:\study\DoAnPython\project\data\raw\train_images\de21c3e9aa14c54924c9e9033c076157.jpg,..\data\processed\yolo_sahi_crop_classifier\crops\000981_de21c3e9aa14c54924c9e9033c076157.jpg,2291561916,97,4,363,672,bottle,39,0.8463311791419983,0.47409348347454755,False,7
982,fd3aa9fb599e15efcec2c43737b40390.jpg,E:\study\DoAnPython\project\data\raw\train_images\fd3aa9fb599e15efcec2c43737b40390.jpg,..\data\processed\yolo_sahi_crop_classifier\crops\000982_fd3aa9fb599e15efcec2c43737b40390.jpg,2659942056,0,0,640,640,full_image,-1,0.0,0.0,True,0
983,9267383ed60c027ded2a6b09f3a32fd6.jpg,E:\study\DoAnPython\project\data\raw\train_images\9267383ed60c027ded2a6b09f3a32fd6.jpg,..\data\processed\yolo_sahi_crop_classifier\crops\000983_9267383ed60c027ded2a6b09f3a32fd6.jpg,398912201,82,55,533,588,vase,75,0.5368114113807678,0.4074554206919624,False,2
984,fd9960266ca9f71f457b4aa6d1320718.jpg,E:\study\DoAnPython\project\data\raw\train_images\fd9960266ca9f71f457b4aa6d1320718.jpg,..\data\processed\yolo_sahi_crop_classifier\crops\000984_fd9960266ca9f71f457b4aa6d1320718.jpg,157683903,148,171,519,615,stop sign,11,0.3639722466468811,0.19744294506917404,False,1
985,de3948d7cc2534c4c94215964c3c465b.jpg,E:\study\DoAnPython\project\data\raw\train_images\de3948d7cc2534c4c94215964c3c465b.jpg,..\data\processed\yolo_sahi_crop_classifier\crops\000985_de3948d7cc2534c4c94215964c3c465b.jpg,3351641888,394,0,864,523,cell phone,67,0.26000523567199707,0.1187892772401533,False,4
986,d4dbbfbd51b6bbc7d1429c694c866da8.jpg,E:\study\DoAnPython\project\data\raw\train_images\d4dbbfbd51b6bbc7d1429c694c866da8.jpg,..\data\processed\yolo_sahi_crop_classifier\crops\000986_d4dbbfbd51b6bbc7d1429c694c866da8.jpg,3125367119,0,0,640,640,full_image,-1,0.0,0.0,True,0
987,6f118e311be3195db836a77201bb2a7d.jpg,E:\study\DoAnPython\project\data\raw\train_images\6f118e311be3195db836a77201bb2a7d.jpg,..\data\processed\yolo_sahi_crop_classifier\crops\000987_6f118e311be3195db836a77201bb2a7d.jpg,234286799,0,0,800,800,cell phone,67,0.39844414591789246,0.39694966791437764,False,5
988,9e7e71d960ce708a357e127937ddbf6e.jpg,E:\study\DoAnPython\project\data\raw\train_images\9e7e71d960ce708a357e127937ddbf6e.jpg,..\data\processed\yolo_sahi_crop_classifier\crops\000988_9e7e71d960ce708a357e127937ddbf6e.jpg,4191626627,320,16,984,1024,person,0,0.6909990906715393,0.5197338688396989,False,12
989,15294552e32fbde9df0c49543ee162b6.jpg,E:\study\DoAnPython\project\data\raw\train_images\15294552e32fbde9df0c49543ee162b6.jpg,..\data\processed\yolo_sahi_crop_classifier\crops\000989_15294552e32fbde9df0c49543ee162b6.jpg,2889788417,109,0,640,530,cake,55,0.6116425395011902,0.4816343668096401,False,16
990,d9b313a1b3e5eade7a1cbf7abbaf36b0.jpg,E:\study\DoAnPython\project\data\raw\train_images\d9b313a1b3e5eade7a1cbf7abbaf36b0.jpg,..\data\processed\yolo_sahi_crop_classifier\crops\000990_d9b313a1b3e5eade7a1cbf7abbaf36b0.jpg,1877070886,303,0,800,532,person,0,0.8660764694213867,0.5271517986707186,False,9
991,e34c2f4b82302f88903fded08aa5d9ca.jpg,E:\study\DoAnPython\project\data\raw\train_images\e34c2f4b82302f88903fded08aa5d9ca.jpg,..\data\processed\yolo_sahi_crop_classifier\crops\000991_e34c2f4b82302f88903fded08aa5d9ca.jpg,377021214,124,48,529,637,vase,75,0.5634830594062805,0.36457939585881477,False,1
992,b7de737f9f145a002803740942a511ea.jpg,E:\study\DoAnPython\project\data\raw\train_images\b7de737f9f145a002803740942a511ea.jpg,..\data\processed\yolo_sahi_crop_classifier\crops\000992_b7de737f9f145a002803740942a511ea.jpg,1406531816,214,190,424,355,cup,41,0.4267111122608185,0.11545898355312233,False,2
993,3d768cabe0d7044013eb99a4acf325be.jpg,E:\study\DoAnPython\project\data\raw\train_images\3d768cabe0d7044013eb99a4acf325be.jpg,..\data\processed\yolo_sahi_crop_classifier\crops\000993_3d768cabe0d7044013eb99a4acf325be.jpg,3903876571,0,89,530,528,refrigerator,72,0.3803117871284485,0.270202194944711,False,7
994,009806730ca9c18b829239c9915d898f.jpg,E:\study\DoAnPython\project\data\raw\train_images\009806730ca9c18b829239c9915d898f.jpg,..\data\processed\yolo_sahi_crop_classifier\crops\000994_009806730ca9c18b829239c9915d898f.jpg,358422381,98,114,524,497,train,6,0.47910505533218384,0.2806806986659011,False,2
995,9ef0f1c42639c3084a311afa31bacff2.jpg,E:\study\DoAnPython\project\data\raw\train_images\9ef0f1c42639c3084a311afa31bacff2.jpg,..\data\processed\yolo_sahi_crop_classifier\crops\000995_9ef0f1c42639c3084a311afa31bacff2.jpg,689574692,8,180,179,470,bottle,39,0.5139285922050476,0.16638081618455425,False,5
996,b62218bb4f08f1d536ba44ff38b8b103.jpg,E:\study\DoAnPython\project\data\raw\train_images\b62218bb4f08f1d536ba44ff38b8b103.jpg,..\data\processed\yolo_sahi_crop_classifier\crops\000996_b62218bb4f08f1d536ba44ff38b8b103.jpg,1013339050,115,0,543,531,person,0,0.7466928958892822,0.5240920370229873,False,1
997,0ee1444e5e227a4a1e45783d0b040f78.jpg,E:\study\DoAnPython\project\data\raw\train_images\0ee1444e5e227a4a1e45783d0b040f78.jpg,..\data\processed\yolo_sahi_crop_classifier\crops\000997_0ee1444e5e227a4a1e45783d0b040f78.jpg,2126845526,0,27,800,743,refrigerator,72,0.414968341588974,0.37758128793563717,False,14
998,b7d421b42ee5c4df38f204e7bd0e074a.jpg,E:\study\DoAnPython\project\data\raw\train_images\b7d421b42ee5c4df38f204e7bd0e074a.jpg,..\data\processed\yolo_sahi_crop_classifier\crops\000998_b7d421b42ee5c4df38f204e7bd0e074a.jpg,528925376,379,86,517,251,book,73,0.29446831345558167,0.06438864638683964,False,8
999,0ff783a9cb9bf53dd1fdc06abd0f3dff.jpg,E:\study\DoAnPython\project\data\raw\train_images\0ff783a9cb9bf53dd1fdc06abd0f3dff.jpg,..\data\processed\yolo_sahi_crop_classifier\crops\000999_0ff783a9cb9bf53dd1fdc06abd0f3dff.jpg,2672963003,109,41,623,529,umbrella,25,0.7997165322303772,0.5796005566458481,False,1
